[2026-03-11 14:48:54] production.ERROR: No application encryption key has been specified. {"exception":"[object] (Illuminate\\Encryption\\MissingAppKeyException(code: 0): No application encryption key has been specified. at /home/franco/Venta_De_Autopartes/AplicacionesWeb/vendor/laravel/framework/src/Illuminate/Encryption/EncryptionServiceProvider.php:79)
[stacktrace]
#0 /home/franco/Venta_De_Autopartes/AplicacionesWeb/vendor/laravel/framework/src/Illuminate/Support/helpers.php(307): Illuminate\\Encryption\\EncryptionServiceProvider->Illuminate\\Encryption\\{closure}()
#1 /home/franco/Venta_De_Autopartes/AplicacionesWeb/vendor/laravel/framework/src/Illuminate/Encryption/EncryptionServiceProvider.php(81): tap()
#2 /home/franco/Venta_De_Autopartes/AplicacionesWeb/vendor/laravel/framework/src/Illuminate/Encryption/EncryptionServiceProvider.php(60): Illuminate\\Encryption\\EncryptionServiceProvider->key()
#3 /home/franco/Venta_De_Autopartes/AplicacionesWeb/vendor/laravel/framework/src/Illuminate/Encryption/EncryptionServiceProvider.php(32): Illuminate\\Encryption\\EncryptionServiceProvider->parseKey()
#4 /home/franco/Venta_De_Autopartes/AplicacionesWeb/vendor/laravel/framework/src/Illuminate/Container/Container.php(908): Illuminate\\Encryption\\EncryptionServiceProvider->Illuminate\\Encryption\\{closure}()
#5 /home/franco/Venta_De_Autopartes/AplicacionesWeb/vendor/laravel/framework/src/Illuminate/Container/Container.php(795): Illuminate\\Container\\Container->build()
#6 /home/franco/Venta_De_Autopartes/AplicacionesWeb/vendor/laravel/framework/src/Illuminate/Foundation/Application.php(961): Illuminate\\Container\\Container->resolve()
#7 /home/franco/Venta_De_Autopartes/AplicacionesWeb/vendor/laravel/framework/src/Illuminate/Container/Container.php(731): Illuminate\\Foundation\\Application->resolve()
#8 /home/franco/Venta_De_Autopartes/AplicacionesWeb/vendor/laravel/framework/src/Illuminate/Foundation/Application.php(946): Illuminate\\Container\\Container->make()
#9 /home/franco/Venta_De_Autopartes/AplicacionesWeb/vendor/laravel/framework/src/Illuminate/Container/Container.php(1066): Illuminate\\Foundation\\Application->make()
#10 /home/franco/Venta_De_Autopartes/AplicacionesWeb/vendor/laravel/framework/src/Illuminate/Container/Container.php(982): Illuminate\\Container\\Container->resolveClass()
#11 /home/franco/Venta_De_Autopartes/AplicacionesWeb/vendor/laravel/framework/src/Illuminate/Container/Container.php(943): Illuminate\\Container\\Container->resolveDependencies()
#12 /home/franco/Venta_De_Autopartes/AplicacionesWeb/vendor/laravel/framework/src/Illuminate/Container/Container.php(795): Illuminate\\Container\\Container->build()
#13 /home/franco/Venta_De_Autopartes/AplicacionesWeb/vendor/laravel/framework/src/Illuminate/Foundation/Application.php(961): Illuminate\\Container\\Container->resolve()
#14 /home/franco/Venta_De_Autopartes/AplicacionesWeb/vendor/laravel/framework/src/Illuminate/Container/Container.php(731): Illuminate\\Foundation\\Application->resolve()
#15 /home/franco/Venta_De_Autopartes/AplicacionesWeb/vendor/laravel/framework/src/Illuminate/Foundation/Application.php(946): Illuminate\\Container\\Container->make()
#16 /home/franco/Venta_De_Autopartes/AplicacionesWeb/vendor/laravel/framework/src/Illuminate/Pipeline/Pipeline.php(172): Illuminate\\Foundation\\Application->make()
#17 /home/franco/Venta_De_Autopartes/AplicacionesWeb/vendor/laravel/framework/src/Illuminate/Pipeline/Pipeline.php(119): Illuminate\\Pipeline\\Pipeline->Illuminate\\Pipeline\\{closure}()
#18 /home/franco/Venta_De_Autopartes/AplicacionesWeb/vendor/laravel/framework/src/Illuminate/Routing/Router.php(807): Illuminate\\Pipeline\\Pipeline->then()
#19 /home/franco/Venta_De_Autopartes/AplicacionesWeb/vendor/laravel/framework/src/Illuminate/Routing/Router.php(784): Illuminate\\Routing\\Router->runRouteWithinStack()
#20 /home/franco/Venta_De_Autopartes/AplicacionesWeb/vendor/laravel/framework/src/Illuminate/Routing/Router.php(748): Illuminate\\Routing\\Router->runRoute()
#21 /home/franco/Venta_De_Autopartes/AplicacionesWeb/vendor/laravel/framework/src/Illuminate/Routing/Router.php(737): Illuminate\\Routing\\Router->dispatchToRoute()
#22 /home/franco/Venta_De_Autopartes/AplicacionesWeb/vendor/laravel/framework/src/Illuminate/Foundation/Http/Kernel.php(200): Illuminate\\Routing\\Router->dispatch()
#23 /home/franco/Venta_De_Autopartes/AplicacionesWeb/vendor/laravel/framework/src/Illuminate/Pipeline/Pipeline.php(144): Illuminate\\Foundation\\Http\\Kernel->Illuminate\\Foundation\\Http\\{closure}()
#24 /home/franco/Venta_De_Autopartes/AplicacionesWeb/vendor/laravel/framework/src/Illuminate/Foundation/Http/Middleware/TransformsRequest.php(21): Illuminate\\Pipeline\\Pipeline->Illuminate\\Pipeline\\{closure}()
#25 /home/franco/Venta_De_Autopartes/AplicacionesWeb/vendor/laravel/framework/src/Illuminate/Foundation/Http/Middleware/ConvertEmptyStringsToNull.php(31): Illuminate\\Foundation\\Http\\Middleware\\TransformsRequest->handle()
#26 /home/franco/Venta_De_Autopartes/AplicacionesWeb/vendor/laravel/framework/src/Illuminate/Pipeline/Pipeline.php(183): Illuminate\\Foundation\\Http\\Middleware\\ConvertEmptyStringsToNull->handle()
#27 /home/franco/Venta_De_Autopartes/AplicacionesWeb/vendor/laravel/framework/src/Illuminate/Foundation/Http/Middleware/TransformsRequest.php(21): Illuminate\\Pipeline\\Pipeline->Illuminate\\Pipeline\\{closure}()
#28 /home/franco/Venta_De_Autopartes/AplicacionesWeb/vendor/laravel/framework/src/Illuminate/Foundation/Http/Middleware/TrimStrings.php(40): Illuminate\\Foundation\\Http\\Middleware\\TransformsRequest->handle()
#29 /home/franco/Venta_De_Autopartes/AplicacionesWeb/vendor/laravel/framework/src/Illuminate/Pipeline/Pipeline.php(183): Illuminate\\Foundation\\Http\\Middleware\\TrimStrings->handle()
#30 /home/franco/Venta_De_Autopartes/AplicacionesWeb/vendor/laravel/framework/src/Illuminate/Foundation/Http/Middleware/ValidatePostSize.php(27): Illuminate\\Pipeline\\Pipeline->Illuminate\\Pipeline\\{closure}()
#31 /home/franco/Venta_De_Autopartes/AplicacionesWeb/vendor/laravel/framework/src/Illuminate/Pipeline/Pipeline.php(183): Illuminate\\Foundation\\Http\\Middleware\\ValidatePostSize->handle()
#32 /home/franco/Venta_De_Autopartes/AplicacionesWeb/vendor/laravel/framework/src/Illuminate/Foundation/Http/Middleware/PreventRequestsDuringMaintenance.php(99): Illuminate\\Pipeline\\Pipeline->Illuminate\\Pipeline\\{closure}()
#33 /home/franco/Venta_De_Autopartes/AplicacionesWeb/vendor/laravel/framework/src/Illuminate/Pipeline/Pipeline.php(183): Illuminate\\Foundation\\Http\\Middleware\\PreventRequestsDuringMaintenance->handle()
#34 /home/franco/Venta_De_Autopartes/AplicacionesWeb/vendor/laravel/framework/src/Illuminate/Http/Middleware/HandleCors.php(49): Illuminate\\Pipeline\\Pipeline->Illuminate\\Pipeline\\{closure}()
#35 /home/franco/Venta_De_Autopartes/AplicacionesWeb/vendor/laravel/framework/src/Illuminate/Pipeline/Pipeline.php(183): Illuminate\\Http\\Middleware\\HandleCors->handle()
#36 /home/franco/Venta_De_Autopartes/AplicacionesWeb/vendor/laravel/framework/src/Illuminate/Http/Middleware/TrustProxies.php(39): Illuminate\\Pipeline\\Pipeline->Illuminate\\Pipeline\\{closure}()
#37 /home/franco/Venta_De_Autopartes/AplicacionesWeb/vendor/laravel/framework/src/Illuminate/Pipeline/Pipeline.php(183): Illuminate\\Http\\Middleware\\TrustProxies->handle()
#38 /home/franco/Venta_De_Autopartes/AplicacionesWeb/vendor/laravel/framework/src/Illuminate/Pipeline/Pipeline.php(119): Illuminate\\Pipeline\\Pipeline->Illuminate\\Pipeline\\{closure}()
#39 /home/franco/Venta_De_Autopartes/AplicacionesWeb/vendor/laravel/framework/src/Illuminate/Foundation/Http/Kernel.php(175): Illuminate\\Pipeline\\Pipeline->then()
#40 /home/franco/Venta_De_Autopartes/AplicacionesWeb/vendor/laravel/framework/src/Illuminate/Foundation/Http/Kernel.php(144): Illuminate\\Foundation\\Http\\Kernel->sendRequestThroughRouter()
#41 /home/franco/Venta_De_Autopartes/AplicacionesWeb/public/index.php(52): Illuminate\\Foundation\\Http\\Kernel->handle()
#42 /home/franco/Venta_De_Autopartes/AplicacionesWeb/vendor/laravel/framework/src/Illuminate/Foundation/resources/server.php(16): require_once('...')
#43 {main}
"} 
[2026-03-11 14:48:54] production.ERROR: No application encryption key has been specified. {"exception":"[object] (Illuminate\\Encryption\\MissingAppKeyException(code: 0): No application encryption key has been specified. at /home/franco/Venta_De_Autopartes/AplicacionesWeb/vendor/laravel/framework/src/Illuminate/Encryption/EncryptionServiceProvider.php:79)
[stacktrace]
#0 /home/franco/Venta_De_Autopartes/AplicacionesWeb/vendor/laravel/framework/src/Illuminate/Support/helpers.php(307): Illuminate\\Encryption\\EncryptionServiceProvider->Illuminate\\Encryption\\{closure}()
#1 /home/franco/Venta_De_Autopartes/AplicacionesWeb/vendor/laravel/framework/src/Illuminate/Encryption/EncryptionServiceProvider.php(81): tap()
#2 /home/franco/Venta_De_Autopartes/AplicacionesWeb/vendor/laravel/framework/src/Illuminate/Encryption/EncryptionServiceProvider.php(60): Illuminate\\Encryption\\EncryptionServiceProvider->key()
#3 /home/franco/Venta_De_Autopartes/AplicacionesWeb/vendor/laravel/framework/src/Illuminate/Encryption/EncryptionServiceProvider.php(32): Illuminate\\Encryption\\EncryptionServiceProvider->parseKey()
#4 /home/franco/Venta_De_Autopartes/AplicacionesWeb/vendor/laravel/framework/src/Illuminate/Container/Container.php(908): Illuminate\\Encryption\\EncryptionServiceProvider->Illuminate\\Encryption\\{closure}()
#5 /home/franco/Venta_De_Autopartes/AplicacionesWeb/vendor/laravel/framework/src/Illuminate/Container/Container.php(795): Illuminate\\Container\\Container->build()
#6 /home/franco/Venta_De_Autopartes/AplicacionesWeb/vendor/laravel/framework/src/Illuminate/Foundation/Application.php(961): Illuminate\\Container\\Container->resolve()
#7 /home/franco/Venta_De_Autopartes/AplicacionesWeb/vendor/laravel/framework/src/Illuminate/Container/Container.php(731): Illuminate\\Foundation\\Application->resolve()
#8 /home/franco/Venta_De_Autopartes/AplicacionesWeb/vendor/laravel/framework/src/Illuminate/Foundation/Application.php(946): Illuminate\\Container\\Container->make()
#9 /home/franco/Venta_De_Autopartes/AplicacionesWeb/vendor/laravel/framework/src/Illuminate/Container/Container.php(1066): Illuminate\\Foundation\\Application->make()
#10 /home/franco/Venta_De_Autopartes/AplicacionesWeb/vendor/laravel/framework/src/Illuminate/Container/Container.php(982): Illuminate\\Container\\Container->resolveClass()
#11 /home/franco/Venta_De_Autopartes/AplicacionesWeb/vendor/laravel/framework/src/Illuminate/Container/Container.php(943): Illuminate\\Container\\Container->resolveDependencies()
#12 /home/franco/Venta_De_Autopartes/AplicacionesWeb/vendor/laravel/framework/src/Illuminate/Container/Container.php(795): Illuminate\\Container\\Container->build()
#13 /home/franco/Venta_De_Autopartes/AplicacionesWeb/vendor/laravel/framework/src/Illuminate/Foundation/Application.php(961): Illuminate\\Container\\Container->resolve()
#14 /home/franco/Venta_De_Autopartes/AplicacionesWeb/vendor/laravel/framework/src/Illuminate/Container/Container.php(731): Illuminate\\Foundation\\Application->resolve()
#15 /home/franco/Venta_De_Autopartes/AplicacionesWeb/vendor/laravel/framework/src/Illuminate/Foundation/Application.php(946): Illuminate\\Container\\Container->make()
#16 /home/franco/Venta_De_Autopartes/AplicacionesWeb/vendor/laravel/framework/src/Illuminate/Foundation/Http/Kernel.php(255): Illuminate\\Foundation\\Application->make()
#17 /home/franco/Venta_De_Autopartes/AplicacionesWeb/vendor/laravel/framework/src/Illuminate/Foundation/Http/Kernel.php(213): Illuminate\\Foundation\\Http\\Kernel->terminateMiddleware()
#18 /home/franco/Venta_De_Autopartes/AplicacionesWeb/public/index.php(55): Illuminate\\Foundation\\Http\\Kernel->terminate()
#19 /home/franco/Venta_De_Autopartes/AplicacionesWeb/vendor/laravel/framework/src/Illuminate/Foundation/resources/server.php(16): require_once('...')
#20 {main}
"} 
[2026-03-11 14:49:26] production.ERROR: No application encryption key has been specified. {"exception":"[object] (Illuminate\\Encryption\\MissingAppKeyException(code: 0): No application encryption key has been specified. at /home/franco/Venta_De_Autopartes/AplicacionesWeb/vendor/laravel/framework/src/Illuminate/Encryption/EncryptionServiceProvider.php:79)
[stacktrace]
#0 /home/franco/Venta_De_Autopartes/AplicacionesWeb/vendor/laravel/framework/src/Illuminate/Support/helpers.php(307): Illuminate\\Encryption\\EncryptionServiceProvider->Illuminate\\Encryption\\{closure}()
#1 /home/franco/Venta_De_Autopartes/AplicacionesWeb/vendor/laravel/framework/src/Illuminate/Encryption/EncryptionServiceProvider.php(81): tap()
#2 /home/franco/Venta_De_Autopartes/AplicacionesWeb/vendor/laravel/framework/src/Illuminate/Encryption/EncryptionServiceProvider.php(60): Illuminate\\Encryption\\EncryptionServiceProvider->key()
#3 /home/franco/Venta_De_Autopartes/AplicacionesWeb/vendor/laravel/framework/src/Illuminate/Encryption/EncryptionServiceProvider.php(32): Illuminate\\Encryption\\EncryptionServiceProvider->parseKey()
#4 /home/franco/Venta_De_Autopartes/AplicacionesWeb/vendor/laravel/framework/src/Illuminate/Container/Container.php(908): Illuminate\\Encryption\\EncryptionServiceProvider->Illuminate\\Encryption\\{closure}()
#5 /home/franco/Venta_De_Autopartes/AplicacionesWeb/vendor/laravel/framework/src/Illuminate/Container/Container.php(795): Illuminate\\Container\\Container->build()
#6 /home/franco/Venta_De_Autopartes/AplicacionesWeb/vendor/laravel/framework/src/Illuminate/Foundation/Application.php(961): Illuminate\\Container\\Container->resolve()
#7 /home/franco/Venta_De_Autopartes/AplicacionesWeb/vendor/laravel/framework/src/Illuminate/Container/Container.php(731): Illuminate\\Foundation\\Application->resolve()
#8 /home/franco/Venta_De_Autopartes/AplicacionesWeb/vendor/laravel/framework/src/Illuminate/Foundation/Application.php(946): Illuminate\\Container\\Container->make()
#9 /home/franco/Venta_De_Autopartes/AplicacionesWeb/vendor/laravel/framework/src/Illuminate/Container/Container.php(1066): Illuminate\\Foundation\\Application->make()
#10 /home/franco/Venta_De_Autopartes/AplicacionesWeb/vendor/laravel/framework/src/Illuminate/Container/Container.php(982): Illuminate\\Container\\Container->resolveClass()
#11 /home/franco/Venta_De_Autopartes/AplicacionesWeb/vendor/laravel/framework/src/Illuminate/Container/Container.php(943): Illuminate\\Container\\Container->resolveDependencies()
#12 /home/franco/Venta_De_Autopartes/AplicacionesWeb/vendor/laravel/framework/src/Illuminate/Container/Container.php(795): Illuminate\\Container\\Container->build()
#13 /home/franco/Venta_De_Autopartes/AplicacionesWeb/vendor/laravel/framework/src/Illuminate/Foundation/Application.php(961): Illuminate\\Container\\Container->resolve()
#14 /home/franco/Venta_De_Autopartes/AplicacionesWeb/vendor/laravel/framework/src/Illuminate/Container/Container.php(731): Illuminate\\Foundation\\Application->resolve()
#15 /home/franco/Venta_De_Autopartes/AplicacionesWeb/vendor/laravel/framework/src/Illuminate/Foundation/Application.php(946): Illuminate\\Container\\Container->make()
#16 /home/franco/Venta_De_Autopartes/AplicacionesWeb/vendor/laravel/framework/src/Illuminate/Pipeline/Pipeline.php(172): Illuminate\\Foundation\\Application->make()
#17 /home/franco/Venta_De_Autopartes/AplicacionesWeb/vendor/laravel/framework/src/Illuminate/Pipeline/Pipeline.php(119): Illuminate\\Pipeline\\Pipeline->Illuminate\\Pipeline\\{closure}()
#18 /home/franco/Venta_De_Autopartes/AplicacionesWeb/vendor/laravel/framework/src/Illuminate/Routing/Router.php(807): Illuminate\\Pipeline\\Pipeline->then()
#19 /home/franco/Venta_De_Autopartes/AplicacionesWeb/vendor/laravel/framework/src/Illuminate/Routing/Router.php(784): Illuminate\\Routing\\Router->runRouteWithinStack()
#20 /home/franco/Venta_De_Autopartes/AplicacionesWeb/vendor/laravel/framework/src/Illuminate/Routing/Router.php(748): Illuminate\\Routing\\Router->runRoute()
#21 /home/franco/Venta_De_Autopartes/AplicacionesWeb/vendor/laravel/framework/src/Illuminate/Routing/Router.php(737): Illuminate\\Routing\\Router->dispatchToRoute()
#22 /home/franco/Venta_De_Autopartes/AplicacionesWeb/vendor/laravel/framework/src/Illuminate/Foundation/Http/Kernel.php(200): Illuminate\\Routing\\Router->dispatch()
#23 /home/franco/Venta_De_Autopartes/AplicacionesWeb/vendor/laravel/framework/src/Illuminate/Pipeline/Pipeline.php(144): Illuminate\\Foundation\\Http\\Kernel->Illuminate\\Foundation\\Http\\{closure}()
#24 /home/franco/Venta_De_Autopartes/AplicacionesWeb/vendor/laravel/framework/src/Illuminate/Foundation/Http/Middleware/TransformsRequest.php(21): Illuminate\\Pipeline\\Pipeline->Illuminate\\Pipeline\\{closure}()
#25 /home/franco/Venta_De_Autopartes/AplicacionesWeb/vendor/laravel/framework/src/Illuminate/Foundation/Http/Middleware/ConvertEmptyStringsToNull.php(31): Illuminate\\Foundation\\Http\\Middleware\\TransformsRequest->handle()
#26 /home/franco/Venta_De_Autopartes/AplicacionesWeb/vendor/laravel/framework/src/Illuminate/Pipeline/Pipeline.php(183): Illuminate\\Foundation\\Http\\Middleware\\ConvertEmptyStringsToNull->handle()
#27 /home/franco/Venta_De_Autopartes/AplicacionesWeb/vendor/laravel/framework/src/Illuminate/Foundation/Http/Middleware/TransformsRequest.php(21): Illuminate\\Pipeline\\Pipeline->Illuminate\\Pipeline\\{closure}()
#28 /home/franco/Venta_De_Autopartes/AplicacionesWeb/vendor/laravel/framework/src/Illuminate/Foundation/Http/Middleware/TrimStrings.php(40): Illuminate\\Foundation\\Http\\Middleware\\TransformsRequest->handle()
#29 /home/franco/Venta_De_Autopartes/AplicacionesWeb/vendor/laravel/framework/src/Illuminate/Pipeline/Pipeline.php(183): Illuminate\\Foundation\\Http\\Middleware\\TrimStrings->handle()
#30 /home/franco/Venta_De_Autopartes/AplicacionesWeb/vendor/laravel/framework/src/Illuminate/Foundation/Http/Middleware/ValidatePostSize.php(27): Illuminate\\Pipeline\\Pipeline->Illuminate\\Pipeline\\{closure}()
#31 /home/franco/Venta_De_Autopartes/AplicacionesWeb/vendor/laravel/framework/src/Illuminate/Pipeline/Pipeline.php(183): Illuminate\\Foundation\\Http\\Middleware\\ValidatePostSize->handle()
#32 /home/franco/Venta_De_Autopartes/AplicacionesWeb/vendor/laravel/framework/src/Illuminate/Foundation/Http/Middleware/PreventRequestsDuringMaintenance.php(99): Illuminate\\Pipeline\\Pipeline->Illuminate\\Pipeline\\{closure}()
#33 /home/franco/Venta_De_Autopartes/AplicacionesWeb/vendor/laravel/framework/src/Illuminate/Pipeline/Pipeline.php(183): Illuminate\\Foundation\\Http\\Middleware\\PreventRequestsDuringMaintenance->handle()
#34 /home/franco/Venta_De_Autopartes/AplicacionesWeb/vendor/laravel/framework/src/Illuminate/Http/Middleware/HandleCors.php(49): Illuminate\\Pipeline\\Pipeline->Illuminate\\Pipeline\\{closure}()
#35 /home/franco/Venta_De_Autopartes/AplicacionesWeb/vendor/laravel/framework/src/Illuminate/Pipeline/Pipeline.php(183): Illuminate\\Http\\Middleware\\HandleCors->handle()
#36 /home/franco/Venta_De_Autopartes/AplicacionesWeb/vendor/laravel/framework/src/Illuminate/Http/Middleware/TrustProxies.php(39): Illuminate\\Pipeline\\Pipeline->Illuminate\\Pipeline\\{closure}()
#37 /home/franco/Venta_De_Autopartes/AplicacionesWeb/vendor/laravel/framework/src/Illuminate/Pipeline/Pipeline.php(183): Illuminate\\Http\\Middleware\\TrustProxies->handle()
#38 /home/franco/Venta_De_Autopartes/AplicacionesWeb/vendor/laravel/framework/src/Illuminate/Pipeline/Pipeline.php(119): Illuminate\\Pipeline\\Pipeline->Illuminate\\Pipeline\\{closure}()
#39 /home/franco/Venta_De_Autopartes/AplicacionesWeb/vendor/laravel/framework/src/Illuminate/Foundation/Http/Kernel.php(175): Illuminate\\Pipeline\\Pipeline->then()
#40 /home/franco/Venta_De_Autopartes/AplicacionesWeb/vendor/laravel/framework/src/Illuminate/Foundation/Http/Kernel.php(144): Illuminate\\Foundation\\Http\\Kernel->sendRequestThroughRouter()
#41 /home/franco/Venta_De_Autopartes/AplicacionesWeb/public/index.php(52): Illuminate\\Foundation\\Http\\Kernel->handle()
#42 /home/franco/Venta_De_Autopartes/AplicacionesWeb/vendor/laravel/framework/src/Illuminate/Foundation/resources/server.php(16): require_once('...')
#43 {main}
"} 
[2026-03-11 14:49:26] production.ERROR: No application encryption key has been specified. {"exception":"[object] (Illuminate\\Encryption\\MissingAppKeyException(code: 0): No application encryption key has been specified. at /home/franco/Venta_De_Autopartes/AplicacionesWeb/vendor/laravel/framework/src/Illuminate/Encryption/EncryptionServiceProvider.php:79)
[stacktrace]
#0 /home/franco/Venta_De_Autopartes/AplicacionesWeb/vendor/laravel/framework/src/Illuminate/Support/helpers.php(307): Illuminate\\Encryption\\EncryptionServiceProvider->Illuminate\\Encryption\\{closure}()
#1 /home/franco/Venta_De_Autopartes/AplicacionesWeb/vendor/laravel/framework/src/Illuminate/Encryption/EncryptionServiceProvider.php(81): tap()
#2 /home/franco/Venta_De_Autopartes/AplicacionesWeb/vendor/laravel/framework/src/Illuminate/Encryption/EncryptionServiceProvider.php(60): Illuminate\\Encryption\\EncryptionServiceProvider->key()
#3 /home/franco/Venta_De_Autopartes/AplicacionesWeb/vendor/laravel/framework/src/Illuminate/Encryption/EncryptionServiceProvider.php(32): Illuminate\\Encryption\\EncryptionServiceProvider->parseKey()
#4 /home/franco/Venta_De_Autopartes/AplicacionesWeb/vendor/laravel/framework/src/Illuminate/Container/Container.php(908): Illuminate\\Encryption\\EncryptionServiceProvider->Illuminate\\Encryption\\{closure}()
#5 /home/franco/Venta_De_Autopartes/AplicacionesWeb/vendor/laravel/framework/src/Illuminate/Container/Container.php(795): Illuminate\\Container\\Container->build()
#6 /home/franco/Venta_De_Autopartes/AplicacionesWeb/vendor/laravel/framework/src/Illuminate/Foundation/Application.php(961): Illuminate\\Container\\Container->resolve()
#7 /home/franco/Venta_De_Autopartes/AplicacionesWeb/vendor/laravel/framework/src/Illuminate/Container/Container.php(731): Illuminate\\Foundation\\Application->resolve()
#8 /home/franco/Venta_De_Autopartes/AplicacionesWeb/vendor/laravel/framework/src/Illuminate/Foundation/Application.php(946): Illuminate\\Container\\Container->make()
#9 /home/franco/Venta_De_Autopartes/AplicacionesWeb/vendor/laravel/framework/src/Illuminate/Container/Container.php(1066): Illuminate\\Foundation\\Application->make()
#10 /home/franco/Venta_De_Autopartes/AplicacionesWeb/vendor/laravel/framework/src/Illuminate/Container/Container.php(982): Illuminate\\Container\\Container->resolveClass()
#11 /home/franco/Venta_De_Autopartes/AplicacionesWeb/vendor/laravel/framework/src/Illuminate/Container/Container.php(943): Illuminate\\Container\\Container->resolveDependencies()
#12 /home/franco/Venta_De_Autopartes/AplicacionesWeb/vendor/laravel/framework/src/Illuminate/Container/Container.php(795): Illuminate\\Container\\Container->build()
#13 /home/franco/Venta_De_Autopartes/AplicacionesWeb/vendor/laravel/framework/src/Illuminate/Foundation/Application.php(961): Illuminate\\Container\\Container->resolve()
#14 /home/franco/Venta_De_Autopartes/AplicacionesWeb/vendor/laravel/framework/src/Illuminate/Container/Container.php(731): Illuminate\\Foundation\\Application->resolve()
#15 /home/franco/Venta_De_Autopartes/AplicacionesWeb/vendor/laravel/framework/src/Illuminate/Foundation/Application.php(946): Illuminate\\Container\\Container->make()
#16 /home/franco/Venta_De_Autopartes/AplicacionesWeb/vendor/laravel/framework/src/Illuminate/Foundation/Http/Kernel.php(255): Illuminate\\Foundation\\Application->make()
#17 /home/franco/Venta_De_Autopartes/AplicacionesWeb/vendor/laravel/framework/src/Illuminate/Foundation/Http/Kernel.php(213): Illuminate\\Foundation\\Http\\Kernel->terminateMiddleware()
#18 /home/franco/Venta_De_Autopartes/AplicacionesWeb/public/index.php(55): Illuminate\\Foundation\\Http\\Kernel->terminate()
#19 /home/franco/Venta_De_Autopartes/AplicacionesWeb/vendor/laravel/framework/src/Illuminate/Foundation/resources/server.php(16): require_once('...')
#20 {main}
"} 
[2026-03-11 14:50:14] production.ERROR: No application encryption key has been specified. {"exception":"[object] (Illuminate\\Encryption\\MissingAppKeyException(code: 0): No application encryption key has been specified. at /home/franco/Venta_De_Autopartes/AplicacionesWeb/vendor/laravel/framework/src/Illuminate/Encryption/EncryptionServiceProvider.php:79)
[stacktrace]
#0 /home/franco/Venta_De_Autopartes/AplicacionesWeb/vendor/laravel/framework/src/Illuminate/Support/helpers.php(307): Illuminate\\Encryption\\EncryptionServiceProvider->Illuminate\\Encryption\\{closure}()
#1 /home/franco/Venta_De_Autopartes/AplicacionesWeb/vendor/laravel/framework/src/Illuminate/Encryption/EncryptionServiceProvider.php(81): tap()
#2 /home/franco/Venta_De_Autopartes/AplicacionesWeb/vendor/laravel/framework/src/Illuminate/Encryption/EncryptionServiceProvider.php(60): Illuminate\\Encryption\\EncryptionServiceProvider->key()
#3 /home/franco/Venta_De_Autopartes/AplicacionesWeb/vendor/laravel/framework/src/Illuminate/Encryption/EncryptionServiceProvider.php(32): Illuminate\\Encryption\\EncryptionServiceProvider->parseKey()
#4 /home/franco/Venta_De_Autopartes/AplicacionesWeb/vendor/laravel/framework/src/Illuminate/Container/Container.php(908): Illuminate\\Encryption\\EncryptionServiceProvider->Illuminate\\Encryption\\{closure}()
#5 /home/franco/Venta_De_Autopartes/AplicacionesWeb/vendor/laravel/framework/src/Illuminate/Container/Container.php(795): Illuminate\\Container\\Container->build()
#6 /home/franco/Venta_De_Autopartes/AplicacionesWeb/vendor/laravel/framework/src/Illuminate/Foundation/Application.php(961): Illuminate\\Container\\Container->resolve()
#7 /home/franco/Venta_De_Autopartes/AplicacionesWeb/vendor/laravel/framework/src/Illuminate/Container/Container.php(731): Illuminate\\Foundation\\Application->resolve()
#8 /home/franco/Venta_De_Autopartes/AplicacionesWeb/vendor/laravel/framework/src/Illuminate/Foundation/Application.php(946): Illuminate\\Container\\Container->make()
#9 /home/franco/Venta_De_Autopartes/AplicacionesWeb/vendor/laravel/framework/src/Illuminate/Container/Container.php(1066): Illuminate\\Foundation\\Application->make()
#10 /home/franco/Venta_De_Autopartes/AplicacionesWeb/vendor/laravel/framework/src/Illuminate/Container/Container.php(982): Illuminate\\Container\\Container->resolveClass()
#11 /home/franco/Venta_De_Autopartes/AplicacionesWeb/vendor/laravel/framework/src/Illuminate/Container/Container.php(943): Illuminate\\Container\\Container->resolveDependencies()
#12 /home/franco/Venta_De_Autopartes/AplicacionesWeb/vendor/laravel/framework/src/Illuminate/Container/Container.php(795): Illuminate\\Container\\Container->build()
#13 /home/franco/Venta_De_Autopartes/AplicacionesWeb/vendor/laravel/framework/src/Illuminate/Foundation/Application.php(961): Illuminate\\Container\\Container->resolve()
#14 /home/franco/Venta_De_Autopartes/AplicacionesWeb/vendor/laravel/framework/src/Illuminate/Container/Container.php(731): Illuminate\\Foundation\\Application->resolve()
#15 /home/franco/Venta_De_Autopartes/AplicacionesWeb/vendor/laravel/framework/src/Illuminate/Foundation/Application.php(946): Illuminate\\Container\\Container->make()
#16 /home/franco/Venta_De_Autopartes/AplicacionesWeb/vendor/laravel/framework/src/Illuminate/Pipeline/Pipeline.php(172): Illuminate\\Foundation\\Application->make()
#17 /home/franco/Venta_De_Autopartes/AplicacionesWeb/vendor/laravel/framework/src/Illuminate/Pipeline/Pipeline.php(119): Illuminate\\Pipeline\\Pipeline->Illuminate\\Pipeline\\{closure}()
#18 /home/franco/Venta_De_Autopartes/AplicacionesWeb/vendor/laravel/framework/src/Illuminate/Routing/Router.php(807): Illuminate\\Pipeline\\Pipeline->then()
#19 /home/franco/Venta_De_Autopartes/AplicacionesWeb/vendor/laravel/framework/src/Illuminate/Routing/Router.php(784): Illuminate\\Routing\\Router->runRouteWithinStack()
#20 /home/franco/Venta_De_Autopartes/AplicacionesWeb/vendor/laravel/framework/src/Illuminate/Routing/Router.php(748): Illuminate\\Routing\\Router->runRoute()
#21 /home/franco/Venta_De_Autopartes/AplicacionesWeb/vendor/laravel/framework/src/Illuminate/Routing/Router.php(737): Illuminate\\Routing\\Router->dispatchToRoute()
#22 /home/franco/Venta_De_Autopartes/AplicacionesWeb/vendor/laravel/framework/src/Illuminate/Foundation/Http/Kernel.php(200): Illuminate\\Routing\\Router->dispatch()
#23 /home/franco/Venta_De_Autopartes/AplicacionesWeb/vendor/laravel/framework/src/Illuminate/Pipeline/Pipeline.php(144): Illuminate\\Foundation\\Http\\Kernel->Illuminate\\Foundation\\Http\\{closure}()
#24 /home/franco/Venta_De_Autopartes/AplicacionesWeb/vendor/laravel/framework/src/Illuminate/Foundation/Http/Middleware/TransformsRequest.php(21): Illuminate\\Pipeline\\Pipeline->Illuminate\\Pipeline\\{closure}()
#25 /home/franco/Venta_De_Autopartes/AplicacionesWeb/vendor/laravel/framework/src/Illuminate/Foundation/Http/Middleware/ConvertEmptyStringsToNull.php(31): Illuminate\\Foundation\\Http\\Middleware\\TransformsRequest->handle()
#26 /home/franco/Venta_De_Autopartes/AplicacionesWeb/vendor/laravel/framework/src/Illuminate/Pipeline/Pipeline.php(183): Illuminate\\Foundation\\Http\\Middleware\\ConvertEmptyStringsToNull->handle()
#27 /home/franco/Venta_De_Autopartes/AplicacionesWeb/vendor/laravel/framework/src/Illuminate/Foundation/Http/Middleware/TransformsRequest.php(21): Illuminate\\Pipeline\\Pipeline->Illuminate\\Pipeline\\{closure}()
#28 /home/franco/Venta_De_Autopartes/AplicacionesWeb/vendor/laravel/framework/src/Illuminate/Foundation/Http/Middleware/TrimStrings.php(40): Illuminate\\Foundation\\Http\\Middleware\\TransformsRequest->handle()
#29 /home/franco/Venta_De_Autopartes/AplicacionesWeb/vendor/laravel/framework/src/Illuminate/Pipeline/Pipeline.php(183): Illuminate\\Foundation\\Http\\Middleware\\TrimStrings->handle()
#30 /home/franco/Venta_De_Autopartes/AplicacionesWeb/vendor/laravel/framework/src/Illuminate/Foundation/Http/Middleware/ValidatePostSize.php(27): Illuminate\\Pipeline\\Pipeline->Illuminate\\Pipeline\\{closure}()
#31 /home/franco/Venta_De_Autopartes/AplicacionesWeb/vendor/laravel/framework/src/Illuminate/Pipeline/Pipeline.php(183): Illuminate\\Foundation\\Http\\Middleware\\ValidatePostSize->handle()
#32 /home/franco/Venta_De_Autopartes/AplicacionesWeb/vendor/laravel/framework/src/Illuminate/Foundation/Http/Middleware/PreventRequestsDuringMaintenance.php(99): Illuminate\\Pipeline\\Pipeline->Illuminate\\Pipeline\\{closure}()
#33 /home/franco/Venta_De_Autopartes/AplicacionesWeb/vendor/laravel/framework/src/Illuminate/Pipeline/Pipeline.php(183): Illuminate\\Foundation\\Http\\Middleware\\PreventRequestsDuringMaintenance->handle()
#34 /home/franco/Venta_De_Autopartes/AplicacionesWeb/vendor/laravel/framework/src/Illuminate/Http/Middleware/HandleCors.php(49): Illuminate\\Pipeline\\Pipeline->Illuminate\\Pipeline\\{closure}()
#35 /home/franco/Venta_De_Autopartes/AplicacionesWeb/vendor/laravel/framework/src/Illuminate/Pipeline/Pipeline.php(183): Illuminate\\Http\\Middleware\\HandleCors->handle()
#36 /home/franco/Venta_De_Autopartes/AplicacionesWeb/vendor/laravel/framework/src/Illuminate/Http/Middleware/TrustProxies.php(39): Illuminate\\Pipeline\\Pipeline->Illuminate\\Pipeline\\{closure}()
#37 /home/franco/Venta_De_Autopartes/AplicacionesWeb/vendor/laravel/framework/src/Illuminate/Pipeline/Pipeline.php(183): Illuminate\\Http\\Middleware\\TrustProxies->handle()
#38 /home/franco/Venta_De_Autopartes/AplicacionesWeb/vendor/laravel/framework/src/Illuminate/Pipeline/Pipeline.php(119): Illuminate\\Pipeline\\Pipeline->Illuminate\\Pipeline\\{closure}()
#39 /home/franco/Venta_De_Autopartes/AplicacionesWeb/vendor/laravel/framework/src/Illuminate/Foundation/Http/Kernel.php(175): Illuminate\\Pipeline\\Pipeline->then()
#40 /home/franco/Venta_De_Autopartes/AplicacionesWeb/vendor/laravel/framework/src/Illuminate/Foundation/Http/Kernel.php(144): Illuminate\\Foundation\\Http\\Kernel->sendRequestThroughRouter()
#41 /home/franco/Venta_De_Autopartes/AplicacionesWeb/public/index.php(52): Illuminate\\Foundation\\Http\\Kernel->handle()
#42 /home/franco/Venta_De_Autopartes/AplicacionesWeb/vendor/laravel/framework/src/Illuminate/Foundation/resources/server.php(16): require_once('...')
#43 {main}
"} 
[2026-03-11 14:50:14] production.ERROR: No application encryption key has been specified. {"exception":"[object] (Illuminate\\Encryption\\MissingAppKeyException(code: 0): No application encryption key has been specified. at /home/franco/Venta_De_Autopartes/AplicacionesWeb/vendor/laravel/framework/src/Illuminate/Encryption/EncryptionServiceProvider.php:79)
[stacktrace]
#0 /home/franco/Venta_De_Autopartes/AplicacionesWeb/vendor/laravel/framework/src/Illuminate/Support/helpers.php(307): Illuminate\\Encryption\\EncryptionServiceProvider->Illuminate\\Encryption\\{closure}()
#1 /home/franco/Venta_De_Autopartes/AplicacionesWeb/vendor/laravel/framework/src/Illuminate/Encryption/EncryptionServiceProvider.php(81): tap()
#2 /home/franco/Venta_De_Autopartes/AplicacionesWeb/vendor/laravel/framework/src/Illuminate/Encryption/EncryptionServiceProvider.php(60): Illuminate\\Encryption\\EncryptionServiceProvider->key()
#3 /home/franco/Venta_De_Autopartes/AplicacionesWeb/vendor/laravel/framework/src/Illuminate/Encryption/EncryptionServiceProvider.php(32): Illuminate\\Encryption\\EncryptionServiceProvider->parseKey()
#4 /home/franco/Venta_De_Autopartes/AplicacionesWeb/vendor/laravel/framework/src/Illuminate/Container/Container.php(908): Illuminate\\Encryption\\EncryptionServiceProvider->Illuminate\\Encryption\\{closure}()
#5 /home/franco/Venta_De_Autopartes/AplicacionesWeb/vendor/laravel/framework/src/Illuminate/Container/Container.php(795): Illuminate\\Container\\Container->build()
#6 /home/franco/Venta_De_Autopartes/AplicacionesWeb/vendor/laravel/framework/src/Illuminate/Foundation/Application.php(961): Illuminate\\Container\\Container->resolve()
#7 /home/franco/Venta_De_Autopartes/AplicacionesWeb/vendor/laravel/framework/src/Illuminate/Container/Container.php(731): Illuminate\\Foundation\\Application->resolve()
#8 /home/franco/Venta_De_Autopartes/AplicacionesWeb/vendor/laravel/framework/src/Illuminate/Foundation/Application.php(946): Illuminate\\Container\\Container->make()
#9 /home/franco/Venta_De_Autopartes/AplicacionesWeb/vendor/laravel/framework/src/Illuminate/Container/Container.php(1066): Illuminate\\Foundation\\Application->make()
#10 /home/franco/Venta_De_Autopartes/AplicacionesWeb/vendor/laravel/framework/src/Illuminate/Container/Container.php(982): Illuminate\\Container\\Container->resolveClass()
#11 /home/franco/Venta_De_Autopartes/AplicacionesWeb/vendor/laravel/framework/src/Illuminate/Container/Container.php(943): Illuminate\\Container\\Container->resolveDependencies()
#12 /home/franco/Venta_De_Autopartes/AplicacionesWeb/vendor/laravel/framework/src/Illuminate/Container/Container.php(795): Illuminate\\Container\\Container->build()
#13 /home/franco/Venta_De_Autopartes/AplicacionesWeb/vendor/laravel/framework/src/Illuminate/Foundation/Application.php(961): Illuminate\\Container\\Container->resolve()
#14 /home/franco/Venta_De_Autopartes/AplicacionesWeb/vendor/laravel/framework/src/Illuminate/Container/Container.php(731): Illuminate\\Foundation\\Application->resolve()
#15 /home/franco/Venta_De_Autopartes/AplicacionesWeb/vendor/laravel/framework/src/Illuminate/Foundation/Application.php(946): Illuminate\\Container\\Container->make()
#16 /home/franco/Venta_De_Autopartes/AplicacionesWeb/vendor/laravel/framework/src/Illuminate/Foundation/Http/Kernel.php(255): Illuminate\\Foundation\\Application->make()
#17 /home/franco/Venta_De_Autopartes/AplicacionesWeb/vendor/laravel/framework/src/Illuminate/Foundation/Http/Kernel.php(213): Illuminate\\Foundation\\Http\\Kernel->terminateMiddleware()
#18 /home/franco/Venta_De_Autopartes/AplicacionesWeb/public/index.php(55): Illuminate\\Foundation\\Http\\Kernel->terminate()
#19 /home/franco/Venta_De_Autopartes/AplicacionesWeb/vendor/laravel/framework/src/Illuminate/Foundation/resources/server.php(16): require_once('...')
#20 {main}
"} 
[2026-03-11 14:52:59] production.ERROR: file_get_contents(/home/franco/Venta_De_Autopartes/AplicacionesWeb/.env): Failed to open stream: No such file or directory {"exception":"[object] (ErrorException(code: 0): file_get_contents(/home/franco/Venta_De_Autopartes/AplicacionesWeb/.env): Failed to open stream: No such file or directory at /home/franco/Venta_De_Autopartes/AplicacionesWeb/vendor/laravel/framework/src/Illuminate/Foundation/Console/KeyGenerateCommand.php:100)
[stacktrace]
#0 /home/franco/Venta_De_Autopartes/AplicacionesWeb/vendor/laravel/framework/src/Illuminate/Foundation/Bootstrap/HandleExceptions.php(255): Illuminate\\Foundation\\Bootstrap\\HandleExceptions->handleError()
#1 [internal function]: Illuminate\\Foundation\\Bootstrap\\HandleExceptions->Illuminate\\Foundation\\Bootstrap\\{closure}()
#2 /home/franco/Venta_De_Autopartes/AplicacionesWeb/vendor/laravel/framework/src/Illuminate/Foundation/Console/KeyGenerateCommand.php(100): file_get_contents()
#3 /home/franco/Venta_De_Autopartes/AplicacionesWeb/vendor/laravel/framework/src/Illuminate/Foundation/Console/KeyGenerateCommand.php(82): Illuminate\\Foundation\\Console\\KeyGenerateCommand->writeNewEnvironmentFileWith()
#4 /home/franco/Venta_De_Autopartes/AplicacionesWeb/vendor/laravel/framework/src/Illuminate/Foundation/Console/KeyGenerateCommand.php(47): Illuminate\\Foundation\\Console\\KeyGenerateCommand->setKeyInEnvironmentFile()
#5 /home/franco/Venta_De_Autopartes/AplicacionesWeb/vendor/laravel/framework/src/Illuminate/Container/BoundMethod.php(36): Illuminate\\Foundation\\Console\\KeyGenerateCommand->handle()
#6 /home/franco/Venta_De_Autopartes/AplicacionesWeb/vendor/laravel/framework/src/Illuminate/Container/Util.php(41): Illuminate\\Container\\BoundMethod::Illuminate\\Container\\{closure}()
#7 /home/franco/Venta_De_Autopartes/AplicacionesWeb/vendor/laravel/framework/src/Illuminate/Container/BoundMethod.php(93): Illuminate\\Container\\Util::unwrapIfClosure()
#8 /home/franco/Venta_De_Autopartes/AplicacionesWeb/vendor/laravel/framework/src/Illuminate/Container/BoundMethod.php(37): Illuminate\\Container\\BoundMethod::callBoundMethod()
#9 /home/franco/Venta_De_Autopartes/AplicacionesWeb/vendor/laravel/framework/src/Illuminate/Container/Container.php(662): Illuminate\\Container\\BoundMethod::call()
#10 /home/franco/Venta_De_Autopartes/AplicacionesWeb/vendor/laravel/framework/src/Illuminate/Console/Command.php(211): Illuminate\\Container\\Container->call()
#11 /home/franco/Venta_De_Autopartes/AplicacionesWeb/vendor/symfony/console/Command/Command.php(326): Illuminate\\Console\\Command->execute()
#12 /home/franco/Venta_De_Autopartes/AplicacionesWeb/vendor/laravel/framework/src/Illuminate/Console/Command.php(181): Symfony\\Component\\Console\\Command\\Command->run()
#13 /home/franco/Venta_De_Autopartes/AplicacionesWeb/vendor/symfony/console/Application.php(1096): Illuminate\\Console\\Command->run()
#14 /home/franco/Venta_De_Autopartes/AplicacionesWeb/vendor/symfony/console/Application.php(324): Symfony\\Component\\Console\\Application->doRunCommand()
#15 /home/franco/Venta_De_Autopartes/AplicacionesWeb/vendor/symfony/console/Application.php(175): Symfony\\Component\\Console\\Application->doRun()
#16 /home/franco/Venta_De_Autopartes/AplicacionesWeb/vendor/laravel/framework/src/Illuminate/Foundation/Console/Kernel.php(201): Symfony\\Component\\Console\\Application->run()
#17 /home/franco/Venta_De_Autopartes/AplicacionesWeb/artisan(37): Illuminate\\Foundation\\Console\\Kernel->handle()
#18 {main}
"} 
[2026-03-11 14:53:31] production.ERROR: No application encryption key has been specified. {"exception":"[object] (Illuminate\\Encryption\\MissingAppKeyException(code: 0): No application encryption key has been specified. at /home/franco/Venta_De_Autopartes/AplicacionesWeb/vendor/laravel/framework/src/Illuminate/Encryption/EncryptionServiceProvider.php:79)
[stacktrace]
#0 /home/franco/Venta_De_Autopartes/AplicacionesWeb/vendor/laravel/framework/src/Illuminate/Support/helpers.php(307): Illuminate\\Encryption\\EncryptionServiceProvider->Illuminate\\Encryption\\{closure}()
#1 /home/franco/Venta_De_Autopartes/AplicacionesWeb/vendor/laravel/framework/src/Illuminate/Encryption/EncryptionServiceProvider.php(81): tap()
#2 /home/franco/Venta_De_Autopartes/AplicacionesWeb/vendor/laravel/framework/src/Illuminate/Encryption/EncryptionServiceProvider.php(60): Illuminate\\Encryption\\EncryptionServiceProvider->key()
#3 /home/franco/Venta_De_Autopartes/AplicacionesWeb/vendor/laravel/framework/src/Illuminate/Encryption/EncryptionServiceProvider.php(32): Illuminate\\Encryption\\EncryptionServiceProvider->parseKey()
#4 /home/franco/Venta_De_Autopartes/AplicacionesWeb/vendor/laravel/framework/src/Illuminate/Container/Container.php(908): Illuminate\\Encryption\\EncryptionServiceProvider->Illuminate\\Encryption\\{closure}()
#5 /home/franco/Venta_De_Autopartes/AplicacionesWeb/vendor/laravel/framework/src/Illuminate/Container/Container.php(795): Illuminate\\Container\\Container->build()
#6 /home/franco/Venta_De_Autopartes/AplicacionesWeb/vendor/laravel/framework/src/Illuminate/Foundation/Application.php(961): Illuminate\\Container\\Container->resolve()
#7 /home/franco/Venta_De_Autopartes/AplicacionesWeb/vendor/laravel/framework/src/Illuminate/Container/Container.php(731): Illuminate\\Foundation\\Application->resolve()
#8 /home/franco/Venta_De_Autopartes/AplicacionesWeb/vendor/laravel/framework/src/Illuminate/Foundation/Application.php(946): Illuminate\\Container\\Container->make()
#9 /home/franco/Venta_De_Autopartes/AplicacionesWeb/vendor/laravel/framework/src/Illuminate/Container/Container.php(1066): Illuminate\\Foundation\\Application->make()
#10 /home/franco/Venta_De_Autopartes/AplicacionesWeb/vendor/laravel/framework/src/Illuminate/Container/Container.php(982): Illuminate\\Container\\Container->resolveClass()
#11 /home/franco/Venta_De_Autopartes/AplicacionesWeb/vendor/laravel/framework/src/Illuminate/Container/Container.php(943): Illuminate\\Container\\Container->resolveDependencies()
#12 /home/franco/Venta_De_Autopartes/AplicacionesWeb/vendor/laravel/framework/src/Illuminate/Container/Container.php(795): Illuminate\\Container\\Container->build()
#13 /home/franco/Venta_De_Autopartes/AplicacionesWeb/vendor/laravel/framework/src/Illuminate/Foundation/Application.php(961): Illuminate\\Container\\Container->resolve()
#14 /home/franco/Venta_De_Autopartes/AplicacionesWeb/vendor/laravel/framework/src/Illuminate/Container/Container.php(731): Illuminate\\Foundation\\Application->resolve()
#15 /home/franco/Venta_De_Autopartes/AplicacionesWeb/vendor/laravel/framework/src/Illuminate/Foundation/Application.php(946): Illuminate\\Container\\Container->make()
#16 /home/franco/Venta_De_Autopartes/AplicacionesWeb/vendor/laravel/framework/src/Illuminate/Pipeline/Pipeline.php(172): Illuminate\\Foundation\\Application->make()
#17 /home/franco/Venta_De_Autopartes/AplicacionesWeb/vendor/laravel/framework/src/Illuminate/Pipeline/Pipeline.php(119): Illuminate\\Pipeline\\Pipeline->Illuminate\\Pipeline\\{closure}()
#18 /home/franco/Venta_De_Autopartes/AplicacionesWeb/vendor/laravel/framework/src/Illuminate/Routing/Router.php(807): Illuminate\\Pipeline\\Pipeline->then()
#19 /home/franco/Venta_De_Autopartes/AplicacionesWeb/vendor/laravel/framework/src/Illuminate/Routing/Router.php(784): Illuminate\\Routing\\Router->runRouteWithinStack()
#20 /home/franco/Venta_De_Autopartes/AplicacionesWeb/vendor/laravel/framework/src/Illuminate/Routing/Router.php(748): Illuminate\\Routing\\Router->runRoute()
#21 /home/franco/Venta_De_Autopartes/AplicacionesWeb/vendor/laravel/framework/src/Illuminate/Routing/Router.php(737): Illuminate\\Routing\\Router->dispatchToRoute()
#22 /home/franco/Venta_De_Autopartes/AplicacionesWeb/vendor/laravel/framework/src/Illuminate/Foundation/Http/Kernel.php(200): Illuminate\\Routing\\Router->dispatch()
#23 /home/franco/Venta_De_Autopartes/AplicacionesWeb/vendor/laravel/framework/src/Illuminate/Pipeline/Pipeline.php(144): Illuminate\\Foundation\\Http\\Kernel->Illuminate\\Foundation\\Http\\{closure}()
#24 /home/franco/Venta_De_Autopartes/AplicacionesWeb/vendor/laravel/framework/src/Illuminate/Foundation/Http/Middleware/TransformsRequest.php(21): Illuminate\\Pipeline\\Pipeline->Illuminate\\Pipeline\\{closure}()
#25 /home/franco/Venta_De_Autopartes/AplicacionesWeb/vendor/laravel/framework/src/Illuminate/Foundation/Http/Middleware/ConvertEmptyStringsToNull.php(31): Illuminate\\Foundation\\Http\\Middleware\\TransformsRequest->handle()
#26 /home/franco/Venta_De_Autopartes/AplicacionesWeb/vendor/laravel/framework/src/Illuminate/Pipeline/Pipeline.php(183): Illuminate\\Foundation\\Http\\Middleware\\ConvertEmptyStringsToNull->handle()
#27 /home/franco/Venta_De_Autopartes/AplicacionesWeb/vendor/laravel/framework/src/Illuminate/Foundation/Http/Middleware/TransformsRequest.php(21): Illuminate\\Pipeline\\Pipeline->Illuminate\\Pipeline\\{closure}()
#28 /home/franco/Venta_De_Autopartes/AplicacionesWeb/vendor/laravel/framework/src/Illuminate/Foundation/Http/Middleware/TrimStrings.php(40): Illuminate\\Foundation\\Http\\Middleware\\TransformsRequest->handle()
#29 /home/franco/Venta_De_Autopartes/AplicacionesWeb/vendor/laravel/framework/src/Illuminate/Pipeline/Pipeline.php(183): Illuminate\\Foundation\\Http\\Middleware\\TrimStrings->handle()
#30 /home/franco/Venta_De_Autopartes/AplicacionesWeb/vendor/laravel/framework/src/Illuminate/Foundation/Http/Middleware/ValidatePostSize.php(27): Illuminate\\Pipeline\\Pipeline->Illuminate\\Pipeline\\{closure}()
#31 /home/franco/Venta_De_Autopartes/AplicacionesWeb/vendor/laravel/framework/src/Illuminate/Pipeline/Pipeline.php(183): Illuminate\\Foundation\\Http\\Middleware\\ValidatePostSize->handle()
#32 /home/franco/Venta_De_Autopartes/AplicacionesWeb/vendor/laravel/framework/src/Illuminate/Foundation/Http/Middleware/PreventRequestsDuringMaintenance.php(99): Illuminate\\Pipeline\\Pipeline->Illuminate\\Pipeline\\{closure}()
#33 /home/franco/Venta_De_Autopartes/AplicacionesWeb/vendor/laravel/framework/src/Illuminate/Pipeline/Pipeline.php(183): Illuminate\\Foundation\\Http\\Middleware\\PreventRequestsDuringMaintenance->handle()
#34 /home/franco/Venta_De_Autopartes/AplicacionesWeb/vendor/laravel/framework/src/Illuminate/Http/Middleware/HandleCors.php(49): Illuminate\\Pipeline\\Pipeline->Illuminate\\Pipeline\\{closure}()
#35 /home/franco/Venta_De_Autopartes/AplicacionesWeb/vendor/laravel/framework/src/Illuminate/Pipeline/Pipeline.php(183): Illuminate\\Http\\Middleware\\HandleCors->handle()
#36 /home/franco/Venta_De_Autopartes/AplicacionesWeb/vendor/laravel/framework/src/Illuminate/Http/Middleware/TrustProxies.php(39): Illuminate\\Pipeline\\Pipeline->Illuminate\\Pipeline\\{closure}()
#37 /home/franco/Venta_De_Autopartes/AplicacionesWeb/vendor/laravel/framework/src/Illuminate/Pipeline/Pipeline.php(183): Illuminate\\Http\\Middleware\\TrustProxies->handle()
#38 /home/franco/Venta_De_Autopartes/AplicacionesWeb/vendor/laravel/framework/src/Illuminate/Pipeline/Pipeline.php(119): Illuminate\\Pipeline\\Pipeline->Illuminate\\Pipeline\\{closure}()
#39 /home/franco/Venta_De_Autopartes/AplicacionesWeb/vendor/laravel/framework/src/Illuminate/Foundation/Http/Kernel.php(175): Illuminate\\Pipeline\\Pipeline->then()
#40 /home/franco/Venta_De_Autopartes/AplicacionesWeb/vendor/laravel/framework/src/Illuminate/Foundation/Http/Kernel.php(144): Illuminate\\Foundation\\Http\\Kernel->sendRequestThroughRouter()
#41 /home/franco/Venta_De_Autopartes/AplicacionesWeb/public/index.php(52): Illuminate\\Foundation\\Http\\Kernel->handle()
#42 /home/franco/Venta_De_Autopartes/AplicacionesWeb/vendor/laravel/framework/src/Illuminate/Foundation/resources/server.php(16): require_once('...')
#43 {main}
"} 
[2026-03-11 14:53:31] production.ERROR: No application encryption key has been specified. {"exception":"[object] (Illuminate\\Encryption\\MissingAppKeyException(code: 0): No application encryption key has been specified. at /home/franco/Venta_De_Autopartes/AplicacionesWeb/vendor/laravel/framework/src/Illuminate/Encryption/EncryptionServiceProvider.php:79)
[stacktrace]
#0 /home/franco/Venta_De_Autopartes/AplicacionesWeb/vendor/laravel/framework/src/Illuminate/Support/helpers.php(307): Illuminate\\Encryption\\EncryptionServiceProvider->Illuminate\\Encryption\\{closure}()
#1 /home/franco/Venta_De_Autopartes/AplicacionesWeb/vendor/laravel/framework/src/Illuminate/Encryption/EncryptionServiceProvider.php(81): tap()
#2 /home/franco/Venta_De_Autopartes/AplicacionesWeb/vendor/laravel/framework/src/Illuminate/Encryption/EncryptionServiceProvider.php(60): Illuminate\\Encryption\\EncryptionServiceProvider->key()
#3 /home/franco/Venta_De_Autopartes/AplicacionesWeb/vendor/laravel/framework/src/Illuminate/Encryption/EncryptionServiceProvider.php(32): Illuminate\\Encryption\\EncryptionServiceProvider->parseKey()
#4 /home/franco/Venta_De_Autopartes/AplicacionesWeb/vendor/laravel/framework/src/Illuminate/Container/Container.php(908): Illuminate\\Encryption\\EncryptionServiceProvider->Illuminate\\Encryption\\{closure}()
#5 /home/franco/Venta_De_Autopartes/AplicacionesWeb/vendor/laravel/framework/src/Illuminate/Container/Container.php(795): Illuminate\\Container\\Container->build()
#6 /home/franco/Venta_De_Autopartes/AplicacionesWeb/vendor/laravel/framework/src/Illuminate/Foundation/Application.php(961): Illuminate\\Container\\Container->resolve()
#7 /home/franco/Venta_De_Autopartes/AplicacionesWeb/vendor/laravel/framework/src/Illuminate/Container/Container.php(731): Illuminate\\Foundation\\Application->resolve()
#8 /home/franco/Venta_De_Autopartes/AplicacionesWeb/vendor/laravel/framework/src/Illuminate/Foundation/Application.php(946): Illuminate\\Container\\Container->make()
#9 /home/franco/Venta_De_Autopartes/AplicacionesWeb/vendor/laravel/framework/src/Illuminate/Container/Container.php(1066): Illuminate\\Foundation\\Application->make()
#10 /home/franco/Venta_De_Autopartes/AplicacionesWeb/vendor/laravel/framework/src/Illuminate/Container/Container.php(982): Illuminate\\Container\\Container->resolveClass()
#11 /home/franco/Venta_De_Autopartes/AplicacionesWeb/vendor/laravel/framework/src/Illuminate/Container/Container.php(943): Illuminate\\Container\\Container->resolveDependencies()
#12 /home/franco/Venta_De_Autopartes/AplicacionesWeb/vendor/laravel/framework/src/Illuminate/Container/Container.php(795): Illuminate\\Container\\Container->build()
#13 /home/franco/Venta_De_Autopartes/AplicacionesWeb/vendor/laravel/framework/src/Illuminate/Foundation/Application.php(961): Illuminate\\Container\\Container->resolve()
#14 /home/franco/Venta_De_Autopartes/AplicacionesWeb/vendor/laravel/framework/src/Illuminate/Container/Container.php(731): Illuminate\\Foundation\\Application->resolve()
#15 /home/franco/Venta_De_Autopartes/AplicacionesWeb/vendor/laravel/framework/src/Illuminate/Foundation/Application.php(946): Illuminate\\Container\\Container->make()
#16 /home/franco/Venta_De_Autopartes/AplicacionesWeb/vendor/laravel/framework/src/Illuminate/Foundation/Http/Kernel.php(255): Illuminate\\Foundation\\Application->make()
#17 /home/franco/Venta_De_Autopartes/AplicacionesWeb/vendor/laravel/framework/src/Illuminate/Foundation/Http/Kernel.php(213): Illuminate\\Foundation\\Http\\Kernel->terminateMiddleware()
#18 /home/franco/Venta_De_Autopartes/AplicacionesWeb/public/index.php(55): Illuminate\\Foundation\\Http\\Kernel->terminate()
#19 /home/franco/Venta_De_Autopartes/AplicacionesWeb/vendor/laravel/framework/src/Illuminate/Foundation/resources/server.php(16): require_once('...')
#20 {main}
"} 
[2026-03-11 14:53:38] production.ERROR: No application encryption key has been specified. {"exception":"[object] (Illuminate\\Encryption\\MissingAppKeyException(code: 0): No application encryption key has been specified. at /home/franco/Venta_De_Autopartes/AplicacionesWeb/vendor/laravel/framework/src/Illuminate/Encryption/EncryptionServiceProvider.php:79)
[stacktrace]
#0 /home/franco/Venta_De_Autopartes/AplicacionesWeb/vendor/laravel/framework/src/Illuminate/Support/helpers.php(307): Illuminate\\Encryption\\EncryptionServiceProvider->Illuminate\\Encryption\\{closure}()
#1 /home/franco/Venta_De_Autopartes/AplicacionesWeb/vendor/laravel/framework/src/Illuminate/Encryption/EncryptionServiceProvider.php(81): tap()
#2 /home/franco/Venta_De_Autopartes/AplicacionesWeb/vendor/laravel/framework/src/Illuminate/Encryption/EncryptionServiceProvider.php(60): Illuminate\\Encryption\\EncryptionServiceProvider->key()
#3 /home/franco/Venta_De_Autopartes/AplicacionesWeb/vendor/laravel/framework/src/Illuminate/Encryption/EncryptionServiceProvider.php(32): Illuminate\\Encryption\\EncryptionServiceProvider->parseKey()
#4 /home/franco/Venta_De_Autopartes/AplicacionesWeb/vendor/laravel/framework/src/Illuminate/Container/Container.php(908): Illuminate\\Encryption\\EncryptionServiceProvider->Illuminate\\Encryption\\{closure}()
#5 /home/franco/Venta_De_Autopartes/AplicacionesWeb/vendor/laravel/framework/src/Illuminate/Container/Container.php(795): Illuminate\\Container\\Container->build()
#6 /home/franco/Venta_De_Autopartes/AplicacionesWeb/vendor/laravel/framework/src/Illuminate/Foundation/Application.php(961): Illuminate\\Container\\Container->resolve()
#7 /home/franco/Venta_De_Autopartes/AplicacionesWeb/vendor/laravel/framework/src/Illuminate/Container/Container.php(731): Illuminate\\Foundation\\Application->resolve()
#8 /home/franco/Venta_De_Autopartes/AplicacionesWeb/vendor/laravel/framework/src/Illuminate/Foundation/Application.php(946): Illuminate\\Container\\Container->make()
#9 /home/franco/Venta_De_Autopartes/AplicacionesWeb/vendor/laravel/framework/src/Illuminate/Container/Container.php(1066): Illuminate\\Foundation\\Application->make()
#10 /home/franco/Venta_De_Autopartes/AplicacionesWeb/vendor/laravel/framework/src/Illuminate/Container/Container.php(982): Illuminate\\Container\\Container->resolveClass()
#11 /home/franco/Venta_De_Autopartes/AplicacionesWeb/vendor/laravel/framework/src/Illuminate/Container/Container.php(943): Illuminate\\Container\\Container->resolveDependencies()
#12 /home/franco/Venta_De_Autopartes/AplicacionesWeb/vendor/laravel/framework/src/Illuminate/Container/Container.php(795): Illuminate\\Container\\Container->build()
#13 /home/franco/Venta_De_Autopartes/AplicacionesWeb/vendor/laravel/framework/src/Illuminate/Foundation/Application.php(961): Illuminate\\Container\\Container->resolve()
#14 /home/franco/Venta_De_Autopartes/AplicacionesWeb/vendor/laravel/framework/src/Illuminate/Container/Container.php(731): Illuminate\\Foundation\\Application->resolve()
#15 /home/franco/Venta_De_Autopartes/AplicacionesWeb/vendor/laravel/framework/src/Illuminate/Foundation/Application.php(946): Illuminate\\Container\\Container->make()
#16 /home/franco/Venta_De_Autopartes/AplicacionesWeb/vendor/laravel/framework/src/Illuminate/Pipeline/Pipeline.php(172): Illuminate\\Foundation\\Application->make()
#17 /home/franco/Venta_De_Autopartes/AplicacionesWeb/vendor/laravel/framework/src/Illuminate/Pipeline/Pipeline.php(119): Illuminate\\Pipeline\\Pipeline->Illuminate\\Pipeline\\{closure}()
#18 /home/franco/Venta_De_Autopartes/AplicacionesWeb/vendor/laravel/framework/src/Illuminate/Routing/Router.php(807): Illuminate\\Pipeline\\Pipeline->then()
#19 /home/franco/Venta_De_Autopartes/AplicacionesWeb/vendor/laravel/framework/src/Illuminate/Routing/Router.php(784): Illuminate\\Routing\\Router->runRouteWithinStack()
#20 /home/franco/Venta_De_Autopartes/AplicacionesWeb/vendor/laravel/framework/src/Illuminate/Routing/Router.php(748): Illuminate\\Routing\\Router->runRoute()
#21 /home/franco/Venta_De_Autopartes/AplicacionesWeb/vendor/laravel/framework/src/Illuminate/Routing/Router.php(737): Illuminate\\Routing\\Router->dispatchToRoute()
#22 /home/franco/Venta_De_Autopartes/AplicacionesWeb/vendor/laravel/framework/src/Illuminate/Foundation/Http/Kernel.php(200): Illuminate\\Routing\\Router->dispatch()
#23 /home/franco/Venta_De_Autopartes/AplicacionesWeb/vendor/laravel/framework/src/Illuminate/Pipeline/Pipeline.php(144): Illuminate\\Foundation\\Http\\Kernel->Illuminate\\Foundation\\Http\\{closure}()
#24 /home/franco/Venta_De_Autopartes/AplicacionesWeb/vendor/laravel/framework/src/Illuminate/Foundation/Http/Middleware/TransformsRequest.php(21): Illuminate\\Pipeline\\Pipeline->Illuminate\\Pipeline\\{closure}()
#25 /home/franco/Venta_De_Autopartes/AplicacionesWeb/vendor/laravel/framework/src/Illuminate/Foundation/Http/Middleware/ConvertEmptyStringsToNull.php(31): Illuminate\\Foundation\\Http\\Middleware\\TransformsRequest->handle()
#26 /home/franco/Venta_De_Autopartes/AplicacionesWeb/vendor/laravel/framework/src/Illuminate/Pipeline/Pipeline.php(183): Illuminate\\Foundation\\Http\\Middleware\\ConvertEmptyStringsToNull->handle()
#27 /home/franco/Venta_De_Autopartes/AplicacionesWeb/vendor/laravel/framework/src/Illuminate/Foundation/Http/Middleware/TransformsRequest.php(21): Illuminate\\Pipeline\\Pipeline->Illuminate\\Pipeline\\{closure}()
#28 /home/franco/Venta_De_Autopartes/AplicacionesWeb/vendor/laravel/framework/src/Illuminate/Foundation/Http/Middleware/TrimStrings.php(40): Illuminate\\Foundation\\Http\\Middleware\\TransformsRequest->handle()
#29 /home/franco/Venta_De_Autopartes/AplicacionesWeb/vendor/laravel/framework/src/Illuminate/Pipeline/Pipeline.php(183): Illuminate\\Foundation\\Http\\Middleware\\TrimStrings->handle()
#30 /home/franco/Venta_De_Autopartes/AplicacionesWeb/vendor/laravel/framework/src/Illuminate/Foundation/Http/Middleware/ValidatePostSize.php(27): Illuminate\\Pipeline\\Pipeline->Illuminate\\Pipeline\\{closure}()
#31 /home/franco/Venta_De_Autopartes/AplicacionesWeb/vendor/laravel/framework/src/Illuminate/Pipeline/Pipeline.php(183): Illuminate\\Foundation\\Http\\Middleware\\ValidatePostSize->handle()
#32 /home/franco/Venta_De_Autopartes/AplicacionesWeb/vendor/laravel/framework/src/Illuminate/Foundation/Http/Middleware/PreventRequestsDuringMaintenance.php(99): Illuminate\\Pipeline\\Pipeline->Illuminate\\Pipeline\\{closure}()
#33 /home/franco/Venta_De_Autopartes/AplicacionesWeb/vendor/laravel/framework/src/Illuminate/Pipeline/Pipeline.php(183): Illuminate\\Foundation\\Http\\Middleware\\PreventRequestsDuringMaintenance->handle()
#34 /home/franco/Venta_De_Autopartes/AplicacionesWeb/vendor/laravel/framework/src/Illuminate/Http/Middleware/HandleCors.php(49): Illuminate\\Pipeline\\Pipeline->Illuminate\\Pipeline\\{closure}()
#35 /home/franco/Venta_De_Autopartes/AplicacionesWeb/vendor/laravel/framework/src/Illuminate/Pipeline/Pipeline.php(183): Illuminate\\Http\\Middleware\\HandleCors->handle()
#36 /home/franco/Venta_De_Autopartes/AplicacionesWeb/vendor/laravel/framework/src/Illuminate/Http/Middleware/TrustProxies.php(39): Illuminate\\Pipeline\\Pipeline->Illuminate\\Pipeline\\{closure}()
#37 /home/franco/Venta_De_Autopartes/AplicacionesWeb/vendor/laravel/framework/src/Illuminate/Pipeline/Pipeline.php(183): Illuminate\\Http\\Middleware\\TrustProxies->handle()
#38 /home/franco/Venta_De_Autopartes/AplicacionesWeb/vendor/laravel/framework/src/Illuminate/Pipeline/Pipeline.php(119): Illuminate\\Pipeline\\Pipeline->Illuminate\\Pipeline\\{closure}()
#39 /home/franco/Venta_De_Autopartes/AplicacionesWeb/vendor/laravel/framework/src/Illuminate/Foundation/Http/Kernel.php(175): Illuminate\\Pipeline\\Pipeline->then()
#40 /home/franco/Venta_De_Autopartes/AplicacionesWeb/vendor/laravel/framework/src/Illuminate/Foundation/Http/Kernel.php(144): Illuminate\\Foundation\\Http\\Kernel->sendRequestThroughRouter()
#41 /home/franco/Venta_De_Autopartes/AplicacionesWeb/public/index.php(52): Illuminate\\Foundation\\Http\\Kernel->handle()
#42 /home/franco/Venta_De_Autopartes/AplicacionesWeb/vendor/laravel/framework/src/Illuminate/Foundation/resources/server.php(16): require_once('...')
#43 {main}
"} 
[2026-03-11 14:53:38] production.ERROR: No application encryption key has been specified. {"exception":"[object] (Illuminate\\Encryption\\MissingAppKeyException(code: 0): No application encryption key has been specified. at /home/franco/Venta_De_Autopartes/AplicacionesWeb/vendor/laravel/framework/src/Illuminate/Encryption/EncryptionServiceProvider.php:79)
[stacktrace]
#0 /home/franco/Venta_De_Autopartes/AplicacionesWeb/vendor/laravel/framework/src/Illuminate/Support/helpers.php(307): Illuminate\\Encryption\\EncryptionServiceProvider->Illuminate\\Encryption\\{closure}()
#1 /home/franco/Venta_De_Autopartes/AplicacionesWeb/vendor/laravel/framework/src/Illuminate/Encryption/EncryptionServiceProvider.php(81): tap()
#2 /home/franco/Venta_De_Autopartes/AplicacionesWeb/vendor/laravel/framework/src/Illuminate/Encryption/EncryptionServiceProvider.php(60): Illuminate\\Encryption\\EncryptionServiceProvider->key()
#3 /home/franco/Venta_De_Autopartes/AplicacionesWeb/vendor/laravel/framework/src/Illuminate/Encryption/EncryptionServiceProvider.php(32): Illuminate\\Encryption\\EncryptionServiceProvider->parseKey()
#4 /home/franco/Venta_De_Autopartes/AplicacionesWeb/vendor/laravel/framework/src/Illuminate/Container/Container.php(908): Illuminate\\Encryption\\EncryptionServiceProvider->Illuminate\\Encryption\\{closure}()
#5 /home/franco/Venta_De_Autopartes/AplicacionesWeb/vendor/laravel/framework/src/Illuminate/Container/Container.php(795): Illuminate\\Container\\Container->build()
#6 /home/franco/Venta_De_Autopartes/AplicacionesWeb/vendor/laravel/framework/src/Illuminate/Foundation/Application.php(961): Illuminate\\Container\\Container->resolve()
#7 /home/franco/Venta_De_Autopartes/AplicacionesWeb/vendor/laravel/framework/src/Illuminate/Container/Container.php(731): Illuminate\\Foundation\\Application->resolve()
#8 /home/franco/Venta_De_Autopartes/AplicacionesWeb/vendor/laravel/framework/src/Illuminate/Foundation/Application.php(946): Illuminate\\Container\\Container->make()
#9 /home/franco/Venta_De_Autopartes/AplicacionesWeb/vendor/laravel/framework/src/Illuminate/Container/Container.php(1066): Illuminate\\Foundation\\Application->make()
#10 /home/franco/Venta_De_Autopartes/AplicacionesWeb/vendor/laravel/framework/src/Illuminate/Container/Container.php(982): Illuminate\\Container\\Container->resolveClass()
#11 /home/franco/Venta_De_Autopartes/AplicacionesWeb/vendor/laravel/framework/src/Illuminate/Container/Container.php(943): Illuminate\\Container\\Container->resolveDependencies()
#12 /home/franco/Venta_De_Autopartes/AplicacionesWeb/vendor/laravel/framework/src/Illuminate/Container/Container.php(795): Illuminate\\Container\\Container->build()
#13 /home/franco/Venta_De_Autopartes/AplicacionesWeb/vendor/laravel/framework/src/Illuminate/Foundation/Application.php(961): Illuminate\\Container\\Container->resolve()
#14 /home/franco/Venta_De_Autopartes/AplicacionesWeb/vendor/laravel/framework/src/Illuminate/Container/Container.php(731): Illuminate\\Foundation\\Application->resolve()
#15 /home/franco/Venta_De_Autopartes/AplicacionesWeb/vendor/laravel/framework/src/Illuminate/Foundation/Application.php(946): Illuminate\\Container\\Container->make()
#16 /home/franco/Venta_De_Autopartes/AplicacionesWeb/vendor/laravel/framework/src/Illuminate/Foundation/Http/Kernel.php(255): Illuminate\\Foundation\\Application->make()
#17 /home/franco/Venta_De_Autopartes/AplicacionesWeb/vendor/laravel/framework/src/Illuminate/Foundation/Http/Kernel.php(213): Illuminate\\Foundation\\Http\\Kernel->terminateMiddleware()
#18 /home/franco/Venta_De_Autopartes/AplicacionesWeb/public/index.php(55): Illuminate\\Foundation\\Http\\Kernel->terminate()
#19 /home/franco/Venta_De_Autopartes/AplicacionesWeb/vendor/laravel/framework/src/Illuminate/Foundation/resources/server.php(16): require_once('...')
#20 {main}
"} 
[2026-03-11 14:53:44] production.ERROR: No application encryption key has been specified. {"exception":"[object] (Illuminate\\Encryption\\MissingAppKeyException(code: 0): No application encryption key has been specified. at /home/franco/Venta_De_Autopartes/AplicacionesWeb/vendor/laravel/framework/src/Illuminate/Encryption/EncryptionServiceProvider.php:79)
[stacktrace]
#0 /home/franco/Venta_De_Autopartes/AplicacionesWeb/vendor/laravel/framework/src/Illuminate/Support/helpers.php(307): Illuminate\\Encryption\\EncryptionServiceProvider->Illuminate\\Encryption\\{closure}()
#1 /home/franco/Venta_De_Autopartes/AplicacionesWeb/vendor/laravel/framework/src/Illuminate/Encryption/EncryptionServiceProvider.php(81): tap()
#2 /home/franco/Venta_De_Autopartes/AplicacionesWeb/vendor/laravel/framework/src/Illuminate/Encryption/EncryptionServiceProvider.php(60): Illuminate\\Encryption\\EncryptionServiceProvider->key()
#3 /home/franco/Venta_De_Autopartes/AplicacionesWeb/vendor/laravel/framework/src/Illuminate/Encryption/EncryptionServiceProvider.php(32): Illuminate\\Encryption\\EncryptionServiceProvider->parseKey()
#4 /home/franco/Venta_De_Autopartes/AplicacionesWeb/vendor/laravel/framework/src/Illuminate/Container/Container.php(908): Illuminate\\Encryption\\EncryptionServiceProvider->Illuminate\\Encryption\\{closure}()
#5 /home/franco/Venta_De_Autopartes/AplicacionesWeb/vendor/laravel/framework/src/Illuminate/Container/Container.php(795): Illuminate\\Container\\Container->build()
#6 /home/franco/Venta_De_Autopartes/AplicacionesWeb/vendor/laravel/framework/src/Illuminate/Foundation/Application.php(961): Illuminate\\Container\\Container->resolve()
#7 /home/franco/Venta_De_Autopartes/AplicacionesWeb/vendor/laravel/framework/src/Illuminate/Container/Container.php(731): Illuminate\\Foundation\\Application->resolve()
#8 /home/franco/Venta_De_Autopartes/AplicacionesWeb/vendor/laravel/framework/src/Illuminate/Foundation/Application.php(946): Illuminate\\Container\\Container->make()
#9 /home/franco/Venta_De_Autopartes/AplicacionesWeb/vendor/laravel/framework/src/Illuminate/Container/Container.php(1066): Illuminate\\Foundation\\Application->make()
#10 /home/franco/Venta_De_Autopartes/AplicacionesWeb/vendor/laravel/framework/src/Illuminate/Container/Container.php(982): Illuminate\\Container\\Container->resolveClass()
#11 /home/franco/Venta_De_Autopartes/AplicacionesWeb/vendor/laravel/framework/src/Illuminate/Container/Container.php(943): Illuminate\\Container\\Container->resolveDependencies()
#12 /home/franco/Venta_De_Autopartes/AplicacionesWeb/vendor/laravel/framework/src/Illuminate/Container/Container.php(795): Illuminate\\Container\\Container->build()
#13 /home/franco/Venta_De_Autopartes/AplicacionesWeb/vendor/laravel/framework/src/Illuminate/Foundation/Application.php(961): Illuminate\\Container\\Container->resolve()
#14 /home/franco/Venta_De_Autopartes/AplicacionesWeb/vendor/laravel/framework/src/Illuminate/Container/Container.php(731): Illuminate\\Foundation\\Application->resolve()
#15 /home/franco/Venta_De_Autopartes/AplicacionesWeb/vendor/laravel/framework/src/Illuminate/Foundation/Application.php(946): Illuminate\\Container\\Container->make()
#16 /home/franco/Venta_De_Autopartes/AplicacionesWeb/vendor/laravel/framework/src/Illuminate/Pipeline/Pipeline.php(172): Illuminate\\Foundation\\Application->make()
#17 /home/franco/Venta_De_Autopartes/AplicacionesWeb/vendor/laravel/framework/src/Illuminate/Pipeline/Pipeline.php(119): Illuminate\\Pipeline\\Pipeline->Illuminate\\Pipeline\\{closure}()
#18 /home/franco/Venta_De_Autopartes/AplicacionesWeb/vendor/laravel/framework/src/Illuminate/Routing/Router.php(807): Illuminate\\Pipeline\\Pipeline->then()
#19 /home/franco/Venta_De_Autopartes/AplicacionesWeb/vendor/laravel/framework/src/Illuminate/Routing/Router.php(784): Illuminate\\Routing\\Router->runRouteWithinStack()
#20 /home/franco/Venta_De_Autopartes/AplicacionesWeb/vendor/laravel/framework/src/Illuminate/Routing/Router.php(748): Illuminate\\Routing\\Router->runRoute()
#21 /home/franco/Venta_De_Autopartes/AplicacionesWeb/vendor/laravel/framework/src/Illuminate/Routing/Router.php(737): Illuminate\\Routing\\Router->dispatchToRoute()
#22 /home/franco/Venta_De_Autopartes/AplicacionesWeb/vendor/laravel/framework/src/Illuminate/Foundation/Http/Kernel.php(200): Illuminate\\Routing\\Router->dispatch()
#23 /home/franco/Venta_De_Autopartes/AplicacionesWeb/vendor/laravel/framework/src/Illuminate/Pipeline/Pipeline.php(144): Illuminate\\Foundation\\Http\\Kernel->Illuminate\\Foundation\\Http\\{closure}()
#24 /home/franco/Venta_De_Autopartes/AplicacionesWeb/vendor/laravel/framework/src/Illuminate/Foundation/Http/Middleware/TransformsRequest.php(21): Illuminate\\Pipeline\\Pipeline->Illuminate\\Pipeline\\{closure}()
#25 /home/franco/Venta_De_Autopartes/AplicacionesWeb/vendor/laravel/framework/src/Illuminate/Foundation/Http/Middleware/ConvertEmptyStringsToNull.php(31): Illuminate\\Foundation\\Http\\Middleware\\TransformsRequest->handle()
#26 /home/franco/Venta_De_Autopartes/AplicacionesWeb/vendor/laravel/framework/src/Illuminate/Pipeline/Pipeline.php(183): Illuminate\\Foundation\\Http\\Middleware\\ConvertEmptyStringsToNull->handle()
#27 /home/franco/Venta_De_Autopartes/AplicacionesWeb/vendor/laravel/framework/src/Illuminate/Foundation/Http/Middleware/TransformsRequest.php(21): Illuminate\\Pipeline\\Pipeline->Illuminate\\Pipeline\\{closure}()
#28 /home/franco/Venta_De_Autopartes/AplicacionesWeb/vendor/laravel/framework/src/Illuminate/Foundation/Http/Middleware/TrimStrings.php(40): Illuminate\\Foundation\\Http\\Middleware\\TransformsRequest->handle()
#29 /home/franco/Venta_De_Autopartes/AplicacionesWeb/vendor/laravel/framework/src/Illuminate/Pipeline/Pipeline.php(183): Illuminate\\Foundation\\Http\\Middleware\\TrimStrings->handle()
#30 /home/franco/Venta_De_Autopartes/AplicacionesWeb/vendor/laravel/framework/src/Illuminate/Foundation/Http/Middleware/ValidatePostSize.php(27): Illuminate\\Pipeline\\Pipeline->Illuminate\\Pipeline\\{closure}()
#31 /home/franco/Venta_De_Autopartes/AplicacionesWeb/vendor/laravel/framework/src/Illuminate/Pipeline/Pipeline.php(183): Illuminate\\Foundation\\Http\\Middleware\\ValidatePostSize->handle()
#32 /home/franco/Venta_De_Autopartes/AplicacionesWeb/vendor/laravel/framework/src/Illuminate/Foundation/Http/Middleware/PreventRequestsDuringMaintenance.php(99): Illuminate\\Pipeline\\Pipeline->Illuminate\\Pipeline\\{closure}()
#33 /home/franco/Venta_De_Autopartes/AplicacionesWeb/vendor/laravel/framework/src/Illuminate/Pipeline/Pipeline.php(183): Illuminate\\Foundation\\Http\\Middleware\\PreventRequestsDuringMaintenance->handle()
#34 /home/franco/Venta_De_Autopartes/AplicacionesWeb/vendor/laravel/framework/src/Illuminate/Http/Middleware/HandleCors.php(49): Illuminate\\Pipeline\\Pipeline->Illuminate\\Pipeline\\{closure}()
#35 /home/franco/Venta_De_Autopartes/AplicacionesWeb/vendor/laravel/framework/src/Illuminate/Pipeline/Pipeline.php(183): Illuminate\\Http\\Middleware\\HandleCors->handle()
#36 /home/franco/Venta_De_Autopartes/AplicacionesWeb/vendor/laravel/framework/src/Illuminate/Http/Middleware/TrustProxies.php(39): Illuminate\\Pipeline\\Pipeline->Illuminate\\Pipeline\\{closure}()
#37 /home/franco/Venta_De_Autopartes/AplicacionesWeb/vendor/laravel/framework/src/Illuminate/Pipeline/Pipeline.php(183): Illuminate\\Http\\Middleware\\TrustProxies->handle()
#38 /home/franco/Venta_De_Autopartes/AplicacionesWeb/vendor/laravel/framework/src/Illuminate/Pipeline/Pipeline.php(119): Illuminate\\Pipeline\\Pipeline->Illuminate\\Pipeline\\{closure}()
#39 /home/franco/Venta_De_Autopartes/AplicacionesWeb/vendor/laravel/framework/src/Illuminate/Foundation/Http/Kernel.php(175): Illuminate\\Pipeline\\Pipeline->then()
#40 /home/franco/Venta_De_Autopartes/AplicacionesWeb/vendor/laravel/framework/src/Illuminate/Foundation/Http/Kernel.php(144): Illuminate\\Foundation\\Http\\Kernel->sendRequestThroughRouter()
#41 /home/franco/Venta_De_Autopartes/AplicacionesWeb/public/index.php(52): Illuminate\\Foundation\\Http\\Kernel->handle()
#42 /home/franco/Venta_De_Autopartes/AplicacionesWeb/vendor/laravel/framework/src/Illuminate/Foundation/resources/server.php(16): require_once('...')
#43 {main}
"} 
[2026-03-11 14:53:44] production.ERROR: No application encryption key has been specified. {"exception":"[object] (Illuminate\\Encryption\\MissingAppKeyException(code: 0): No application encryption key has been specified. at /home/franco/Venta_De_Autopartes/AplicacionesWeb/vendor/laravel/framework/src/Illuminate/Encryption/EncryptionServiceProvider.php:79)
[stacktrace]
#0 /home/franco/Venta_De_Autopartes/AplicacionesWeb/vendor/laravel/framework/src/Illuminate/Support/helpers.php(307): Illuminate\\Encryption\\EncryptionServiceProvider->Illuminate\\Encryption\\{closure}()
#1 /home/franco/Venta_De_Autopartes/AplicacionesWeb/vendor/laravel/framework/src/Illuminate/Encryption/EncryptionServiceProvider.php(81): tap()
#2 /home/franco/Venta_De_Autopartes/AplicacionesWeb/vendor/laravel/framework/src/Illuminate/Encryption/EncryptionServiceProvider.php(60): Illuminate\\Encryption\\EncryptionServiceProvider->key()
#3 /home/franco/Venta_De_Autopartes/AplicacionesWeb/vendor/laravel/framework/src/Illuminate/Encryption/EncryptionServiceProvider.php(32): Illuminate\\Encryption\\EncryptionServiceProvider->parseKey()
#4 /home/franco/Venta_De_Autopartes/AplicacionesWeb/vendor/laravel/framework/src/Illuminate/Container/Container.php(908): Illuminate\\Encryption\\EncryptionServiceProvider->Illuminate\\Encryption\\{closure}()
#5 /home/franco/Venta_De_Autopartes/AplicacionesWeb/vendor/laravel/framework/src/Illuminate/Container/Container.php(795): Illuminate\\Container\\Container->build()
#6 /home/franco/Venta_De_Autopartes/AplicacionesWeb/vendor/laravel/framework/src/Illuminate/Foundation/Application.php(961): Illuminate\\Container\\Container->resolve()
#7 /home/franco/Venta_De_Autopartes/AplicacionesWeb/vendor/laravel/framework/src/Illuminate/Container/Container.php(731): Illuminate\\Foundation\\Application->resolve()
#8 /home/franco/Venta_De_Autopartes/AplicacionesWeb/vendor/laravel/framework/src/Illuminate/Foundation/Application.php(946): Illuminate\\Container\\Container->make()
#9 /home/franco/Venta_De_Autopartes/AplicacionesWeb/vendor/laravel/framework/src/Illuminate/Container/Container.php(1066): Illuminate\\Foundation\\Application->make()
#10 /home/franco/Venta_De_Autopartes/AplicacionesWeb/vendor/laravel/framework/src/Illuminate/Container/Container.php(982): Illuminate\\Container\\Container->resolveClass()
#11 /home/franco/Venta_De_Autopartes/AplicacionesWeb/vendor/laravel/framework/src/Illuminate/Container/Container.php(943): Illuminate\\Container\\Container->resolveDependencies()
#12 /home/franco/Venta_De_Autopartes/AplicacionesWeb/vendor/laravel/framework/src/Illuminate/Container/Container.php(795): Illuminate\\Container\\Container->build()
#13 /home/franco/Venta_De_Autopartes/AplicacionesWeb/vendor/laravel/framework/src/Illuminate/Foundation/Application.php(961): Illuminate\\Container\\Container->resolve()
#14 /home/franco/Venta_De_Autopartes/AplicacionesWeb/vendor/laravel/framework/src/Illuminate/Container/Container.php(731): Illuminate\\Foundation\\Application->resolve()
#15 /home/franco/Venta_De_Autopartes/AplicacionesWeb/vendor/laravel/framework/src/Illuminate/Foundation/Application.php(946): Illuminate\\Container\\Container->make()
#16 /home/franco/Venta_De_Autopartes/AplicacionesWeb/vendor/laravel/framework/src/Illuminate/Foundation/Http/Kernel.php(255): Illuminate\\Foundation\\Application->make()
#17 /home/franco/Venta_De_Autopartes/AplicacionesWeb/vendor/laravel/framework/src/Illuminate/Foundation/Http/Kernel.php(213): Illuminate\\Foundation\\Http\\Kernel->terminateMiddleware()
#18 /home/franco/Venta_De_Autopartes/AplicacionesWeb/public/index.php(55): Illuminate\\Foundation\\Http\\Kernel->terminate()
#19 /home/franco/Venta_De_Autopartes/AplicacionesWeb/vendor/laravel/framework/src/Illuminate/Foundation/resources/server.php(16): require_once('...')
#20 {main}
"} 
[2026-03-11 14:56:07] production.ERROR: No application encryption key has been specified. {"exception":"[object] (Illuminate\\Encryption\\MissingAppKeyException(code: 0): No application encryption key has been specified. at /home/franco/Venta_De_Autopartes/AplicacionesWeb/vendor/laravel/framework/src/Illuminate/Encryption/EncryptionServiceProvider.php:79)
[stacktrace]
#0 /home/franco/Venta_De_Autopartes/AplicacionesWeb/vendor/laravel/framework/src/Illuminate/Support/helpers.php(307): Illuminate\\Encryption\\EncryptionServiceProvider->Illuminate\\Encryption\\{closure}()
#1 /home/franco/Venta_De_Autopartes/AplicacionesWeb/vendor/laravel/framework/src/Illuminate/Encryption/EncryptionServiceProvider.php(81): tap()
#2 /home/franco/Venta_De_Autopartes/AplicacionesWeb/vendor/laravel/framework/src/Illuminate/Encryption/EncryptionServiceProvider.php(60): Illuminate\\Encryption\\EncryptionServiceProvider->key()
#3 /home/franco/Venta_De_Autopartes/AplicacionesWeb/vendor/laravel/framework/src/Illuminate/Encryption/EncryptionServiceProvider.php(32): Illuminate\\Encryption\\EncryptionServiceProvider->parseKey()
#4 /home/franco/Venta_De_Autopartes/AplicacionesWeb/vendor/laravel/framework/src/Illuminate/Container/Container.php(908): Illuminate\\Encryption\\EncryptionServiceProvider->Illuminate\\Encryption\\{closure}()
#5 /home/franco/Venta_De_Autopartes/AplicacionesWeb/vendor/laravel/framework/src/Illuminate/Container/Container.php(795): Illuminate\\Container\\Container->build()
#6 /home/franco/Venta_De_Autopartes/AplicacionesWeb/vendor/laravel/framework/src/Illuminate/Foundation/Application.php(961): Illuminate\\Container\\Container->resolve()
#7 /home/franco/Venta_De_Autopartes/AplicacionesWeb/vendor/laravel/framework/src/Illuminate/Container/Container.php(731): Illuminate\\Foundation\\Application->resolve()
#8 /home/franco/Venta_De_Autopartes/AplicacionesWeb/vendor/laravel/framework/src/Illuminate/Foundation/Application.php(946): Illuminate\\Container\\Container->make()
#9 /home/franco/Venta_De_Autopartes/AplicacionesWeb/vendor/laravel/framework/src/Illuminate/Container/Container.php(1066): Illuminate\\Foundation\\Application->make()
#10 /home/franco/Venta_De_Autopartes/AplicacionesWeb/vendor/laravel/framework/src/Illuminate/Container/Container.php(982): Illuminate\\Container\\Container->resolveClass()
#11 /home/franco/Venta_De_Autopartes/AplicacionesWeb/vendor/laravel/framework/src/Illuminate/Container/Container.php(943): Illuminate\\Container\\Container->resolveDependencies()
#12 /home/franco/Venta_De_Autopartes/AplicacionesWeb/vendor/laravel/framework/src/Illuminate/Container/Container.php(795): Illuminate\\Container\\Container->build()
#13 /home/franco/Venta_De_Autopartes/AplicacionesWeb/vendor/laravel/framework/src/Illuminate/Foundation/Application.php(961): Illuminate\\Container\\Container->resolve()
#14 /home/franco/Venta_De_Autopartes/AplicacionesWeb/vendor/laravel/framework/src/Illuminate/Container/Container.php(731): Illuminate\\Foundation\\Application->resolve()
#15 /home/franco/Venta_De_Autopartes/AplicacionesWeb/vendor/laravel/framework/src/Illuminate/Foundation/Application.php(946): Illuminate\\Container\\Container->make()
#16 /home/franco/Venta_De_Autopartes/AplicacionesWeb/vendor/laravel/framework/src/Illuminate/Pipeline/Pipeline.php(172): Illuminate\\Foundation\\Application->make()
#17 /home/franco/Venta_De_Autopartes/AplicacionesWeb/vendor/laravel/framework/src/Illuminate/Pipeline/Pipeline.php(119): Illuminate\\Pipeline\\Pipeline->Illuminate\\Pipeline\\{closure}()
#18 /home/franco/Venta_De_Autopartes/AplicacionesWeb/vendor/laravel/framework/src/Illuminate/Routing/Router.php(807): Illuminate\\Pipeline\\Pipeline->then()
#19 /home/franco/Venta_De_Autopartes/AplicacionesWeb/vendor/laravel/framework/src/Illuminate/Routing/Router.php(784): Illuminate\\Routing\\Router->runRouteWithinStack()
#20 /home/franco/Venta_De_Autopartes/AplicacionesWeb/vendor/laravel/framework/src/Illuminate/Routing/Router.php(748): Illuminate\\Routing\\Router->runRoute()
#21 /home/franco/Venta_De_Autopartes/AplicacionesWeb/vendor/laravel/framework/src/Illuminate/Routing/Router.php(737): Illuminate\\Routing\\Router->dispatchToRoute()
#22 /home/franco/Venta_De_Autopartes/AplicacionesWeb/vendor/laravel/framework/src/Illuminate/Foundation/Http/Kernel.php(200): Illuminate\\Routing\\Router->dispatch()
#23 /home/franco/Venta_De_Autopartes/AplicacionesWeb/vendor/laravel/framework/src/Illuminate/Pipeline/Pipeline.php(144): Illuminate\\Foundation\\Http\\Kernel->Illuminate\\Foundation\\Http\\{closure}()
#24 /home/franco/Venta_De_Autopartes/AplicacionesWeb/vendor/laravel/framework/src/Illuminate/Foundation/Http/Middleware/TransformsRequest.php(21): Illuminate\\Pipeline\\Pipeline->Illuminate\\Pipeline\\{closure}()
#25 /home/franco/Venta_De_Autopartes/AplicacionesWeb/vendor/laravel/framework/src/Illuminate/Foundation/Http/Middleware/ConvertEmptyStringsToNull.php(31): Illuminate\\Foundation\\Http\\Middleware\\TransformsRequest->handle()
#26 /home/franco/Venta_De_Autopartes/AplicacionesWeb/vendor/laravel/framework/src/Illuminate/Pipeline/Pipeline.php(183): Illuminate\\Foundation\\Http\\Middleware\\ConvertEmptyStringsToNull->handle()
#27 /home/franco/Venta_De_Autopartes/AplicacionesWeb/vendor/laravel/framework/src/Illuminate/Foundation/Http/Middleware/TransformsRequest.php(21): Illuminate\\Pipeline\\Pipeline->Illuminate\\Pipeline\\{closure}()
#28 /home/franco/Venta_De_Autopartes/AplicacionesWeb/vendor/laravel/framework/src/Illuminate/Foundation/Http/Middleware/TrimStrings.php(40): Illuminate\\Foundation\\Http\\Middleware\\TransformsRequest->handle()
#29 /home/franco/Venta_De_Autopartes/AplicacionesWeb/vendor/laravel/framework/src/Illuminate/Pipeline/Pipeline.php(183): Illuminate\\Foundation\\Http\\Middleware\\TrimStrings->handle()
#30 /home/franco/Venta_De_Autopartes/AplicacionesWeb/vendor/laravel/framework/src/Illuminate/Foundation/Http/Middleware/ValidatePostSize.php(27): Illuminate\\Pipeline\\Pipeline->Illuminate\\Pipeline\\{closure}()
#31 /home/franco/Venta_De_Autopartes/AplicacionesWeb/vendor/laravel/framework/src/Illuminate/Pipeline/Pipeline.php(183): Illuminate\\Foundation\\Http\\Middleware\\ValidatePostSize->handle()
#32 /home/franco/Venta_De_Autopartes/AplicacionesWeb/vendor/laravel/framework/src/Illuminate/Foundation/Http/Middleware/PreventRequestsDuringMaintenance.php(99): Illuminate\\Pipeline\\Pipeline->Illuminate\\Pipeline\\{closure}()
#33 /home/franco/Venta_De_Autopartes/AplicacionesWeb/vendor/laravel/framework/src/Illuminate/Pipeline/Pipeline.php(183): Illuminate\\Foundation\\Http\\Middleware\\PreventRequestsDuringMaintenance->handle()
#34 /home/franco/Venta_De_Autopartes/AplicacionesWeb/vendor/laravel/framework/src/Illuminate/Http/Middleware/HandleCors.php(49): Illuminate\\Pipeline\\Pipeline->Illuminate\\Pipeline\\{closure}()
#35 /home/franco/Venta_De_Autopartes/AplicacionesWeb/vendor/laravel/framework/src/Illuminate/Pipeline/Pipeline.php(183): Illuminate\\Http\\Middleware\\HandleCors->handle()
#36 /home/franco/Venta_De_Autopartes/AplicacionesWeb/vendor/laravel/framework/src/Illuminate/Http/Middleware/TrustProxies.php(39): Illuminate\\Pipeline\\Pipeline->Illuminate\\Pipeline\\{closure}()
#37 /home/franco/Venta_De_Autopartes/AplicacionesWeb/vendor/laravel/framework/src/Illuminate/Pipeline/Pipeline.php(183): Illuminate\\Http\\Middleware\\TrustProxies->handle()
#38 /home/franco/Venta_De_Autopartes/AplicacionesWeb/vendor/laravel/framework/src/Illuminate/Pipeline/Pipeline.php(119): Illuminate\\Pipeline\\Pipeline->Illuminate\\Pipeline\\{closure}()
#39 /home/franco/Venta_De_Autopartes/AplicacionesWeb/vendor/laravel/framework/src/Illuminate/Foundation/Http/Kernel.php(175): Illuminate\\Pipeline\\Pipeline->then()
#40 /home/franco/Venta_De_Autopartes/AplicacionesWeb/vendor/laravel/framework/src/Illuminate/Foundation/Http/Kernel.php(144): Illuminate\\Foundation\\Http\\Kernel->sendRequestThroughRouter()
#41 /home/franco/Venta_De_Autopartes/AplicacionesWeb/public/index.php(52): Illuminate\\Foundation\\Http\\Kernel->handle()
#42 /home/franco/Venta_De_Autopartes/AplicacionesWeb/vendor/laravel/framework/src/Illuminate/Foundation/resources/server.php(16): require_once('...')
#43 {main}
"} 
[2026-03-11 14:56:08] production.ERROR: No application encryption key has been specified. {"exception":"[object] (Illuminate\\Encryption\\MissingAppKeyException(code: 0): No application encryption key has been specified. at /home/franco/Venta_De_Autopartes/AplicacionesWeb/vendor/laravel/framework/src/Illuminate/Encryption/EncryptionServiceProvider.php:79)
[stacktrace]
#0 /home/franco/Venta_De_Autopartes/AplicacionesWeb/vendor/laravel/framework/src/Illuminate/Support/helpers.php(307): Illuminate\\Encryption\\EncryptionServiceProvider->Illuminate\\Encryption\\{closure}()
#1 /home/franco/Venta_De_Autopartes/AplicacionesWeb/vendor/laravel/framework/src/Illuminate/Encryption/EncryptionServiceProvider.php(81): tap()
#2 /home/franco/Venta_De_Autopartes/AplicacionesWeb/vendor/laravel/framework/src/Illuminate/Encryption/EncryptionServiceProvider.php(60): Illuminate\\Encryption\\EncryptionServiceProvider->key()
#3 /home/franco/Venta_De_Autopartes/AplicacionesWeb/vendor/laravel/framework/src/Illuminate/Encryption/EncryptionServiceProvider.php(32): Illuminate\\Encryption\\EncryptionServiceProvider->parseKey()
#4 /home/franco/Venta_De_Autopartes/AplicacionesWeb/vendor/laravel/framework/src/Illuminate/Container/Container.php(908): Illuminate\\Encryption\\EncryptionServiceProvider->Illuminate\\Encryption\\{closure}()
#5 /home/franco/Venta_De_Autopartes/AplicacionesWeb/vendor/laravel/framework/src/Illuminate/Container/Container.php(795): Illuminate\\Container\\Container->build()
#6 /home/franco/Venta_De_Autopartes/AplicacionesWeb/vendor/laravel/framework/src/Illuminate/Foundation/Application.php(961): Illuminate\\Container\\Container->resolve()
#7 /home/franco/Venta_De_Autopartes/AplicacionesWeb/vendor/laravel/framework/src/Illuminate/Container/Container.php(731): Illuminate\\Foundation\\Application->resolve()
#8 /home/franco/Venta_De_Autopartes/AplicacionesWeb/vendor/laravel/framework/src/Illuminate/Foundation/Application.php(946): Illuminate\\Container\\Container->make()
#9 /home/franco/Venta_De_Autopartes/AplicacionesWeb/vendor/laravel/framework/src/Illuminate/Container/Container.php(1066): Illuminate\\Foundation\\Application->make()
#10 /home/franco/Venta_De_Autopartes/AplicacionesWeb/vendor/laravel/framework/src/Illuminate/Container/Container.php(982): Illuminate\\Container\\Container->resolveClass()
#11 /home/franco/Venta_De_Autopartes/AplicacionesWeb/vendor/laravel/framework/src/Illuminate/Container/Container.php(943): Illuminate\\Container\\Container->resolveDependencies()
#12 /home/franco/Venta_De_Autopartes/AplicacionesWeb/vendor/laravel/framework/src/Illuminate/Container/Container.php(795): Illuminate\\Container\\Container->build()
#13 /home/franco/Venta_De_Autopartes/AplicacionesWeb/vendor/laravel/framework/src/Illuminate/Foundation/Application.php(961): Illuminate\\Container\\Container->resolve()
#14 /home/franco/Venta_De_Autopartes/AplicacionesWeb/vendor/laravel/framework/src/Illuminate/Container/Container.php(731): Illuminate\\Foundation\\Application->resolve()
#15 /home/franco/Venta_De_Autopartes/AplicacionesWeb/vendor/laravel/framework/src/Illuminate/Foundation/Application.php(946): Illuminate\\Container\\Container->make()
#16 /home/franco/Venta_De_Autopartes/AplicacionesWeb/vendor/laravel/framework/src/Illuminate/Foundation/Http/Kernel.php(255): Illuminate\\Foundation\\Application->make()
#17 /home/franco/Venta_De_Autopartes/AplicacionesWeb/vendor/laravel/framework/src/Illuminate/Foundation/Http/Kernel.php(213): Illuminate\\Foundation\\Http\\Kernel->terminateMiddleware()
#18 /home/franco/Venta_De_Autopartes/AplicacionesWeb/public/index.php(55): Illuminate\\Foundation\\Http\\Kernel->terminate()
#19 /home/franco/Venta_De_Autopartes/AplicacionesWeb/vendor/laravel/framework/src/Illuminate/Foundation/resources/server.php(16): require_once('...')
#20 {main}
"} 
[2026-03-11 15:00:12] local.ERROR: SQLSTATE[42703]: Undefined column: 7 ERROR:  column "role" of relation "users" does not exist
LINE 1: insert into "users" ("name", "email", "password", "role", "u...
                                                          ^ (Connection: pgsql, SQL: insert into "users" ("name", "email", "password", "role", "updated_at", "created_at") values (Franco, franco92tw@gmail.com, $2y$12$siadZ5KM3i6PW6L4uurG3O.pSU2QUEwTR0G/9O4OEE1Z0I6lHPbjS, Empleado, 2026-03-11 15:00:11, 2026-03-11 15:00:11) returning "id") {"exception":"[object] (Illuminate\\Database\\QueryException(code: 42703): SQLSTATE[42703]: Undefined column: 7 ERROR:  column \"role\" of relation \"users\" does not exist
LINE 1: insert into \"users\" (\"name\", \"email\", \"password\", \"role\", \"u...
                                                          ^ (Connection: pgsql, SQL: insert into \"users\" (\"name\", \"email\", \"password\", \"role\", \"updated_at\", \"created_at\") values (Franco, franco92tw@gmail.com, $2y$12$siadZ5KM3i6PW6L4uurG3O.pSU2QUEwTR0G/9O4OEE1Z0I6lHPbjS, Empleado, 2026-03-11 15:00:11, 2026-03-11 15:00:11) returning \"id\") at /home/franco/Venta_De_Autopartes/AplicacionesWeb/vendor/laravel/framework/src/Illuminate/Database/Connection.php:829)
[stacktrace]
#0 /home/franco/Venta_De_Autopartes/AplicacionesWeb/vendor/laravel/framework/src/Illuminate/Database/Connection.php(783): Illuminate\\Database\\Connection->runQueryCallback()
#1 /home/franco/Venta_De_Autopartes/AplicacionesWeb/vendor/laravel/framework/src/Illuminate/Database/Connection.php(431): Illuminate\\Database\\Connection->run()
#2 /home/franco/Venta_De_Autopartes/AplicacionesWeb/vendor/laravel/framework/src/Illuminate/Database/Connection.php(401): Illuminate\\Database\\Connection->select()
#3 /home/franco/Venta_De_Autopartes/AplicacionesWeb/vendor/laravel/framework/src/Illuminate/Database/Query/Processors/PostgresProcessor.php(24): Illuminate\\Database\\Connection->selectFromWriteConnection()
#4 /home/franco/Venta_De_Autopartes/AplicacionesWeb/vendor/laravel/framework/src/Illuminate/Database/Query/Builder.php(3507): Illuminate\\Database\\Query\\Processors\\PostgresProcessor->processInsertGetId()
#5 /home/franco/Venta_De_Autopartes/AplicacionesWeb/vendor/laravel/framework/src/Illuminate/Database/Eloquent/Builder.php(1982): Illuminate\\Database\\Query\\Builder->insertGetId()
#6 /home/franco/Venta_De_Autopartes/AplicacionesWeb/vendor/laravel/framework/src/Illuminate/Database/Eloquent/Model.php(1333): Illuminate\\Database\\Eloquent\\Builder->__call()
#7 /home/franco/Venta_De_Autopartes/AplicacionesWeb/vendor/laravel/framework/src/Illuminate/Database/Eloquent/Model.php(1298): Illuminate\\Database\\Eloquent\\Model->insertAndSetId()
#8 /home/franco/Venta_De_Autopartes/AplicacionesWeb/vendor/laravel/framework/src/Illuminate/Database/Eloquent/Model.php(1137): Illuminate\\Database\\Eloquent\\Model->performInsert()
#9 /home/franco/Venta_De_Autopartes/AplicacionesWeb/vendor/laravel/framework/src/Illuminate/Database/Eloquent/Builder.php(1025): Illuminate\\Database\\Eloquent\\Model->save()
#10 /home/franco/Venta_De_Autopartes/AplicacionesWeb/vendor/laravel/framework/src/Illuminate/Support/helpers.php(307): Illuminate\\Database\\Eloquent\\Builder->Illuminate\\Database\\Eloquent\\{closure}()
#11 /home/franco/Venta_De_Autopartes/AplicacionesWeb/vendor/laravel/framework/src/Illuminate/Database/Eloquent/Builder.php(1026): tap()
#12 /home/franco/Venta_De_Autopartes/AplicacionesWeb/vendor/laravel/framework/src/Illuminate/Support/Traits/ForwardsCalls.php(23): Illuminate\\Database\\Eloquent\\Builder->create()
#13 /home/franco/Venta_De_Autopartes/AplicacionesWeb/vendor/laravel/framework/src/Illuminate/Database/Eloquent/Model.php(2334): Illuminate\\Database\\Eloquent\\Model->forwardCallTo()
#14 /home/franco/Venta_De_Autopartes/AplicacionesWeb/vendor/laravel/framework/src/Illuminate/Database/Eloquent/Model.php(2346): Illuminate\\Database\\Eloquent\\Model->__call()
#15 /home/franco/Venta_De_Autopartes/AplicacionesWeb/app/Http/Controllers/AuthController.php(31): Illuminate\\Database\\Eloquent\\Model::__callStatic()
#16 /home/franco/Venta_De_Autopartes/AplicacionesWeb/vendor/laravel/framework/src/Illuminate/Routing/Controller.php(54): App\\Http\\Controllers\\AuthController->register()
#17 /home/franco/Venta_De_Autopartes/AplicacionesWeb/vendor/laravel/framework/src/Illuminate/Routing/ControllerDispatcher.php(43): Illuminate\\Routing\\Controller->callAction()
#18 /home/franco/Venta_De_Autopartes/AplicacionesWeb/vendor/laravel/framework/src/Illuminate/Routing/Route.php(260): Illuminate\\Routing\\ControllerDispatcher->dispatch()
#19 /home/franco/Venta_De_Autopartes/AplicacionesWeb/vendor/laravel/framework/src/Illuminate/Routing/Route.php(205): Illuminate\\Routing\\Route->runController()
#20 /home/franco/Venta_De_Autopartes/AplicacionesWeb/vendor/laravel/framework/src/Illuminate/Routing/Router.php(806): Illuminate\\Routing\\Route->run()
#21 /home/franco/Venta_De_Autopartes/AplicacionesWeb/vendor/laravel/framework/src/Illuminate/Pipeline/Pipeline.php(144): Illuminate\\Routing\\Router->Illuminate\\Routing\\{closure}()
#22 /home/franco/Venta_De_Autopartes/AplicacionesWeb/vendor/laravel/framework/src/Illuminate/Routing/Middleware/SubstituteBindings.php(50): Illuminate\\Pipeline\\Pipeline->Illuminate\\Pipeline\\{closure}()
#23 /home/franco/Venta_De_Autopartes/AplicacionesWeb/vendor/laravel/framework/src/Illuminate/Pipeline/Pipeline.php(183): Illuminate\\Routing\\Middleware\\SubstituteBindings->handle()
#24 /home/franco/Venta_De_Autopartes/AplicacionesWeb/vendor/laravel/framework/src/Illuminate/Foundation/Http/Middleware/VerifyCsrfToken.php(78): Illuminate\\Pipeline\\Pipeline->Illuminate\\Pipeline\\{closure}()
#25 /home/franco/Venta_De_Autopartes/AplicacionesWeb/vendor/laravel/framework/src/Illuminate/Pipeline/Pipeline.php(183): Illuminate\\Foundation\\Http\\Middleware\\VerifyCsrfToken->handle()
#26 /home/franco/Venta_De_Autopartes/AplicacionesWeb/vendor/laravel/framework/src/Illuminate/View/Middleware/ShareErrorsFromSession.php(49): Illuminate\\Pipeline\\Pipeline->Illuminate\\Pipeline\\{closure}()
#27 /home/franco/Venta_De_Autopartes/AplicacionesWeb/vendor/laravel/framework/src/Illuminate/Pipeline/Pipeline.php(183): Illuminate\\View\\Middleware\\ShareErrorsFromSession->handle()
#28 /home/franco/Venta_De_Autopartes/AplicacionesWeb/vendor/laravel/framework/src/Illuminate/Session/Middleware/StartSession.php(121): Illuminate\\Pipeline\\Pipeline->Illuminate\\Pipeline\\{closure}()
#29 /home/franco/Venta_De_Autopartes/AplicacionesWeb/vendor/laravel/framework/src/Illuminate/Session/Middleware/StartSession.php(64): Illuminate\\Session\\Middleware\\StartSession->handleStatefulRequest()
#30 /home/franco/Venta_De_Autopartes/AplicacionesWeb/vendor/laravel/framework/src/Illuminate/Pipeline/Pipeline.php(183): Illuminate\\Session\\Middleware\\StartSession->handle()
#31 /home/franco/Venta_De_Autopartes/AplicacionesWeb/vendor/laravel/framework/src/Illuminate/Cookie/Middleware/AddQueuedCookiesToResponse.php(37): Illuminate\\Pipeline\\Pipeline->Illuminate\\Pipeline\\{closure}()
#32 /home/franco/Venta_De_Autopartes/AplicacionesWeb/vendor/laravel/framework/src/Illuminate/Pipeline/Pipeline.php(183): Illuminate\\Cookie\\Middleware\\AddQueuedCookiesToResponse->handle()
#33 /home/franco/Venta_De_Autopartes/AplicacionesWeb/vendor/laravel/framework/src/Illuminate/Cookie/Middleware/EncryptCookies.php(67): Illuminate\\Pipeline\\Pipeline->Illuminate\\Pipeline\\{closure}()
#34 /home/franco/Venta_De_Autopartes/AplicacionesWeb/vendor/laravel/framework/src/Illuminate/Pipeline/Pipeline.php(183): Illuminate\\Cookie\\Middleware\\EncryptCookies->handle()
#35 /home/franco/Venta_De_Autopartes/AplicacionesWeb/vendor/laravel/framework/src/Illuminate/Pipeline/Pipeline.php(119): Illuminate\\Pipeline\\Pipeline->Illuminate\\Pipeline\\{closure}()
#36 /home/franco/Venta_De_Autopartes/AplicacionesWeb/vendor/laravel/framework/src/Illuminate/Routing/Router.php(807): Illuminate\\Pipeline\\Pipeline->then()
#37 /home/franco/Venta_De_Autopartes/AplicacionesWeb/vendor/laravel/framework/src/Illuminate/Routing/Router.php(784): Illuminate\\Routing\\Router->runRouteWithinStack()
#38 /home/franco/Venta_De_Autopartes/AplicacionesWeb/vendor/laravel/framework/src/Illuminate/Routing/Router.php(748): Illuminate\\Routing\\Router->runRoute()
#39 /home/franco/Venta_De_Autopartes/AplicacionesWeb/vendor/laravel/framework/src/Illuminate/Routing/Router.php(737): Illuminate\\Routing\\Router->dispatchToRoute()
#40 /home/franco/Venta_De_Autopartes/AplicacionesWeb/vendor/laravel/framework/src/Illuminate/Foundation/Http/Kernel.php(200): Illuminate\\Routing\\Router->dispatch()
#41 /home/franco/Venta_De_Autopartes/AplicacionesWeb/vendor/laravel/framework/src/Illuminate/Pipeline/Pipeline.php(144): Illuminate\\Foundation\\Http\\Kernel->Illuminate\\Foundation\\Http\\{closure}()
#42 /home/franco/Venta_De_Autopartes/AplicacionesWeb/vendor/laravel/framework/src/Illuminate/Foundation/Http/Middleware/TransformsRequest.php(21): Illuminate\\Pipeline\\Pipeline->Illuminate\\Pipeline\\{closure}()
#43 /home/franco/Venta_De_Autopartes/AplicacionesWeb/vendor/laravel/framework/src/Illuminate/Foundation/Http/Middleware/ConvertEmptyStringsToNull.php(31): Illuminate\\Foundation\\Http\\Middleware\\TransformsRequest->handle()
#44 /home/franco/Venta_De_Autopartes/AplicacionesWeb/vendor/laravel/framework/src/Illuminate/Pipeline/Pipeline.php(183): Illuminate\\Foundation\\Http\\Middleware\\ConvertEmptyStringsToNull->handle()
#45 /home/franco/Venta_De_Autopartes/AplicacionesWeb/vendor/laravel/framework/src/Illuminate/Foundation/Http/Middleware/TransformsRequest.php(21): Illuminate\\Pipeline\\Pipeline->Illuminate\\Pipeline\\{closure}()
#46 /home/franco/Venta_De_Autopartes/AplicacionesWeb/vendor/laravel/framework/src/Illuminate/Foundation/Http/Middleware/TrimStrings.php(40): Illuminate\\Foundation\\Http\\Middleware\\TransformsRequest->handle()
#47 /home/franco/Venta_De_Autopartes/AplicacionesWeb/vendor/laravel/framework/src/Illuminate/Pipeline/Pipeline.php(183): Illuminate\\Foundation\\Http\\Middleware\\TrimStrings->handle()
#48 /home/franco/Venta_De_Autopartes/AplicacionesWeb/vendor/laravel/framework/src/Illuminate/Foundation/Http/Middleware/ValidatePostSize.php(27): Illuminate\\Pipeline\\Pipeline->Illuminate\\Pipeline\\{closure}()
#49 /home/franco/Venta_De_Autopartes/AplicacionesWeb/vendor/laravel/framework/src/Illuminate/Pipeline/Pipeline.php(183): Illuminate\\Foundation\\Http\\Middleware\\ValidatePostSize->handle()
#50 /home/franco/Venta_De_Autopartes/AplicacionesWeb/vendor/laravel/framework/src/Illuminate/Foundation/Http/Middleware/PreventRequestsDuringMaintenance.php(99): Illuminate\\Pipeline\\Pipeline->Illuminate\\Pipeline\\{closure}()
#51 /home/franco/Venta_De_Autopartes/AplicacionesWeb/vendor/laravel/framework/src/Illuminate/Pipeline/Pipeline.php(183): Illuminate\\Foundation\\Http\\Middleware\\PreventRequestsDuringMaintenance->handle()
#52 /home/franco/Venta_De_Autopartes/AplicacionesWeb/vendor/laravel/framework/src/Illuminate/Http/Middleware/HandleCors.php(49): Illuminate\\Pipeline\\Pipeline->Illuminate\\Pipeline\\{closure}()
#53 /home/franco/Venta_De_Autopartes/AplicacionesWeb/vendor/laravel/framework/src/Illuminate/Pipeline/Pipeline.php(183): Illuminate\\Http\\Middleware\\HandleCors->handle()
#54 /home/franco/Venta_De_Autopartes/AplicacionesWeb/vendor/laravel/framework/src/Illuminate/Http/Middleware/TrustProxies.php(39): Illuminate\\Pipeline\\Pipeline->Illuminate\\Pipeline\\{closure}()
#55 /home/franco/Venta_De_Autopartes/AplicacionesWeb/vendor/laravel/framework/src/Illuminate/Pipeline/Pipeline.php(183): Illuminate\\Http\\Middleware\\TrustProxies->handle()
#56 /home/franco/Venta_De_Autopartes/AplicacionesWeb/vendor/laravel/framework/src/Illuminate/Pipeline/Pipeline.php(119): Illuminate\\Pipeline\\Pipeline->Illuminate\\Pipeline\\{closure}()
#57 /home/franco/Venta_De_Autopartes/AplicacionesWeb/vendor/laravel/framework/src/Illuminate/Foundation/Http/Kernel.php(175): Illuminate\\Pipeline\\Pipeline->then()
#58 /home/franco/Venta_De_Autopartes/AplicacionesWeb/vendor/laravel/framework/src/Illuminate/Foundation/Http/Kernel.php(144): Illuminate\\Foundation\\Http\\Kernel->sendRequestThroughRouter()
#59 /home/franco/Venta_De_Autopartes/AplicacionesWeb/public/index.php(52): Illuminate\\Foundation\\Http\\Kernel->handle()
#60 /home/franco/Venta_De_Autopartes/AplicacionesWeb/vendor/laravel/framework/src/Illuminate/Foundation/resources/server.php(16): require_once('...')
#61 {main}

[previous exception] [object] (PDOException(code: 42703): SQLSTATE[42703]: Undefined column: 7 ERROR:  column \"role\" of relation \"users\" does not exist
LINE 1: insert into \"users\" (\"name\", \"email\", \"password\", \"role\", \"u...
                                                          ^ at /home/franco/Venta_De_Autopartes/AplicacionesWeb/vendor/laravel/framework/src/Illuminate/Database/Connection.php:428)
[stacktrace]
#0 /home/franco/Venta_De_Autopartes/AplicacionesWeb/vendor/laravel/framework/src/Illuminate/Database/Connection.php(428): PDOStatement->execute()
#1 /home/franco/Venta_De_Autopartes/AplicacionesWeb/vendor/laravel/framework/src/Illuminate/Database/Connection.php(816): Illuminate\\Database\\Connection->Illuminate\\Database\\{closure}()
#2 /home/franco/Venta_De_Autopartes/AplicacionesWeb/vendor/laravel/framework/src/Illuminate/Database/Connection.php(783): Illuminate\\Database\\Connection->runQueryCallback()
#3 /home/franco/Venta_De_Autopartes/AplicacionesWeb/vendor/laravel/framework/src/Illuminate/Database/Connection.php(431): Illuminate\\Database\\Connection->run()
#4 /home/franco/Venta_De_Autopartes/AplicacionesWeb/vendor/laravel/framework/src/Illuminate/Database/Connection.php(401): Illuminate\\Database\\Connection->select()
#5 /home/franco/Venta_De_Autopartes/AplicacionesWeb/vendor/laravel/framework/src/Illuminate/Database/Query/Processors/PostgresProcessor.php(24): Illuminate\\Database\\Connection->selectFromWriteConnection()
#6 /home/franco/Venta_De_Autopartes/AplicacionesWeb/vendor/laravel/framework/src/Illuminate/Database/Query/Builder.php(3507): Illuminate\\Database\\Query\\Processors\\PostgresProcessor->processInsertGetId()
#7 /home/franco/Venta_De_Autopartes/AplicacionesWeb/vendor/laravel/framework/src/Illuminate/Database/Eloquent/Builder.php(1982): Illuminate\\Database\\Query\\Builder->insertGetId()
#8 /home/franco/Venta_De_Autopartes/AplicacionesWeb/vendor/laravel/framework/src/Illuminate/Database/Eloquent/Model.php(1333): Illuminate\\Database\\Eloquent\\Builder->__call()
#9 /home/franco/Venta_De_Autopartes/AplicacionesWeb/vendor/laravel/framework/src/Illuminate/Database/Eloquent/Model.php(1298): Illuminate\\Database\\Eloquent\\Model->insertAndSetId()
#10 /home/franco/Venta_De_Autopartes/AplicacionesWeb/vendor/laravel/framework/src/Illuminate/Database/Eloquent/Model.php(1137): Illuminate\\Database\\Eloquent\\Model->performInsert()
#11 /home/franco/Venta_De_Autopartes/AplicacionesWeb/vendor/laravel/framework/src/Illuminate/Database/Eloquent/Builder.php(1025): Illuminate\\Database\\Eloquent\\Model->save()
#12 /home/franco/Venta_De_Autopartes/AplicacionesWeb/vendor/laravel/framework/src/Illuminate/Support/helpers.php(307): Illuminate\\Database\\Eloquent\\Builder->Illuminate\\Database\\Eloquent\\{closure}()
#13 /home/franco/Venta_De_Autopartes/AplicacionesWeb/vendor/laravel/framework/src/Illuminate/Database/Eloquent/Builder.php(1026): tap()
#14 /home/franco/Venta_De_Autopartes/AplicacionesWeb/vendor/laravel/framework/src/Illuminate/Support/Traits/ForwardsCalls.php(23): Illuminate\\Database\\Eloquent\\Builder->create()
#15 /home/franco/Venta_De_Autopartes/AplicacionesWeb/vendor/laravel/framework/src/Illuminate/Database/Eloquent/Model.php(2334): Illuminate\\Database\\Eloquent\\Model->forwardCallTo()
#16 /home/franco/Venta_De_Autopartes/AplicacionesWeb/vendor/laravel/framework/src/Illuminate/Database/Eloquent/Model.php(2346): Illuminate\\Database\\Eloquent\\Model->__call()
#17 /home/franco/Venta_De_Autopartes/AplicacionesWeb/app/Http/Controllers/AuthController.php(31): Illuminate\\Database\\Eloquent\\Model::__callStatic()
#18 /home/franco/Venta_De_Autopartes/AplicacionesWeb/vendor/laravel/framework/src/Illuminate/Routing/Controller.php(54): App\\Http\\Controllers\\AuthController->register()
#19 /home/franco/Venta_De_Autopartes/AplicacionesWeb/vendor/laravel/framework/src/Illuminate/Routing/ControllerDispatcher.php(43): Illuminate\\Routing\\Controller->callAction()
#20 /home/franco/Venta_De_Autopartes/AplicacionesWeb/vendor/laravel/framework/src/Illuminate/Routing/Route.php(260): Illuminate\\Routing\\ControllerDispatcher->dispatch()
#21 /home/franco/Venta_De_Autopartes/AplicacionesWeb/vendor/laravel/framework/src/Illuminate/Routing/Route.php(205): Illuminate\\Routing\\Route->runController()
#22 /home/franco/Venta_De_Autopartes/AplicacionesWeb/vendor/laravel/framework/src/Illuminate/Routing/Router.php(806): Illuminate\\Routing\\Route->run()
#23 /home/franco/Venta_De_Autopartes/AplicacionesWeb/vendor/laravel/framework/src/Illuminate/Pipeline/Pipeline.php(144): Illuminate\\Routing\\Router->Illuminate\\Routing\\{closure}()
#24 /home/franco/Venta_De_Autopartes/AplicacionesWeb/vendor/laravel/framework/src/Illuminate/Routing/Middleware/SubstituteBindings.php(50): Illuminate\\Pipeline\\Pipeline->Illuminate\\Pipeline\\{closure}()
#25 /home/franco/Venta_De_Autopartes/AplicacionesWeb/vendor/laravel/framework/src/Illuminate/Pipeline/Pipeline.php(183): Illuminate\\Routing\\Middleware\\SubstituteBindings->handle()
#26 /home/franco/Venta_De_Autopartes/AplicacionesWeb/vendor/laravel/framework/src/Illuminate/Foundation/Http/Middleware/VerifyCsrfToken.php(78): Illuminate\\Pipeline\\Pipeline->Illuminate\\Pipeline\\{closure}()
#27 /home/franco/Venta_De_Autopartes/AplicacionesWeb/vendor/laravel/framework/src/Illuminate/Pipeline/Pipeline.php(183): Illuminate\\Foundation\\Http\\Middleware\\VerifyCsrfToken->handle()
#28 /home/franco/Venta_De_Autopartes/AplicacionesWeb/vendor/laravel/framework/src/Illuminate/View/Middleware/ShareErrorsFromSession.php(49): Illuminate\\Pipeline\\Pipeline->Illuminate\\Pipeline\\{closure}()
#29 /home/franco/Venta_De_Autopartes/AplicacionesWeb/vendor/laravel/framework/src/Illuminate/Pipeline/Pipeline.php(183): Illuminate\\View\\Middleware\\ShareErrorsFromSession->handle()
#30 /home/franco/Venta_De_Autopartes/AplicacionesWeb/vendor/laravel/framework/src/Illuminate/Session/Middleware/StartSession.php(121): Illuminate\\Pipeline\\Pipeline->Illuminate\\Pipeline\\{closure}()
#31 /home/franco/Venta_De_Autopartes/AplicacionesWeb/vendor/laravel/framework/src/Illuminate/Session/Middleware/StartSession.php(64): Illuminate\\Session\\Middleware\\StartSession->handleStatefulRequest()
#32 /home/franco/Venta_De_Autopartes/AplicacionesWeb/vendor/laravel/framework/src/Illuminate/Pipeline/Pipeline.php(183): Illuminate\\Session\\Middleware\\StartSession->handle()
#33 /home/franco/Venta_De_Autopartes/AplicacionesWeb/vendor/laravel/framework/src/Illuminate/Cookie/Middleware/AddQueuedCookiesToResponse.php(37): Illuminate\\Pipeline\\Pipeline->Illuminate\\Pipeline\\{closure}()
#34 /home/franco/Venta_De_Autopartes/AplicacionesWeb/vendor/laravel/framework/src/Illuminate/Pipeline/Pipeline.php(183): Illuminate\\Cookie\\Middleware\\AddQueuedCookiesToResponse->handle()
#35 /home/franco/Venta_De_Autopartes/AplicacionesWeb/vendor/laravel/framework/src/Illuminate/Cookie/Middleware/EncryptCookies.php(67): Illuminate\\Pipeline\\Pipeline->Illuminate\\Pipeline\\{closure}()
#36 /home/franco/Venta_De_Autopartes/AplicacionesWeb/vendor/laravel/framework/src/Illuminate/Pipeline/Pipeline.php(183): Illuminate\\Cookie\\Middleware\\EncryptCookies->handle()
#37 /home/franco/Venta_De_Autopartes/AplicacionesWeb/vendor/laravel/framework/src/Illuminate/Pipeline/Pipeline.php(119): Illuminate\\Pipeline\\Pipeline->Illuminate\\Pipeline\\{closure}()
#38 /home/franco/Venta_De_Autopartes/AplicacionesWeb/vendor/laravel/framework/src/Illuminate/Routing/Router.php(807): Illuminate\\Pipeline\\Pipeline->then()
#39 /home/franco/Venta_De_Autopartes/AplicacionesWeb/vendor/laravel/framework/src/Illuminate/Routing/Router.php(784): Illuminate\\Routing\\Router->runRouteWithinStack()
#40 /home/franco/Venta_De_Autopartes/AplicacionesWeb/vendor/laravel/framework/src/Illuminate/Routing/Router.php(748): Illuminate\\Routing\\Router->runRoute()
#41 /home/franco/Venta_De_Autopartes/AplicacionesWeb/vendor/laravel/framework/src/Illuminate/Routing/Router.php(737): Illuminate\\Routing\\Router->dispatchToRoute()
#42 /home/franco/Venta_De_Autopartes/AplicacionesWeb/vendor/laravel/framework/src/Illuminate/Foundation/Http/Kernel.php(200): Illuminate\\Routing\\Router->dispatch()
#43 /home/franco/Venta_De_Autopartes/AplicacionesWeb/vendor/laravel/framework/src/Illuminate/Pipeline/Pipeline.php(144): Illuminate\\Foundation\\Http\\Kernel->Illuminate\\Foundation\\Http\\{closure}()
#44 /home/franco/Venta_De_Autopartes/AplicacionesWeb/vendor/laravel/framework/src/Illuminate/Foundation/Http/Middleware/TransformsRequest.php(21): Illuminate\\Pipeline\\Pipeline->Illuminate\\Pipeline\\{closure}()
#45 /home/franco/Venta_De_Autopartes/AplicacionesWeb/vendor/laravel/framework/src/Illuminate/Foundation/Http/Middleware/ConvertEmptyStringsToNull.php(31): Illuminate\\Foundation\\Http\\Middleware\\TransformsRequest->handle()
#46 /home/franco/Venta_De_Autopartes/AplicacionesWeb/vendor/laravel/framework/src/Illuminate/Pipeline/Pipeline.php(183): Illuminate\\Foundation\\Http\\Middleware\\ConvertEmptyStringsToNull->handle()
#47 /home/franco/Venta_De_Autopartes/AplicacionesWeb/vendor/laravel/framework/src/Illuminate/Foundation/Http/Middleware/TransformsRequest.php(21): Illuminate\\Pipeline\\Pipeline->Illuminate\\Pipeline\\{closure}()
#48 /home/franco/Venta_De_Autopartes/AplicacionesWeb/vendor/laravel/framework/src/Illuminate/Foundation/Http/Middleware/TrimStrings.php(40): Illuminate\\Foundation\\Http\\Middleware\\TransformsRequest->handle()
#49 /home/franco/Venta_De_Autopartes/AplicacionesWeb/vendor/laravel/framework/src/Illuminate/Pipeline/Pipeline.php(183): Illuminate\\Foundation\\Http\\Middleware\\TrimStrings->handle()
#50 /home/franco/Venta_De_Autopartes/AplicacionesWeb/vendor/laravel/framework/src/Illuminate/Foundation/Http/Middleware/ValidatePostSize.php(27): Illuminate\\Pipeline\\Pipeline->Illuminate\\Pipeline\\{closure}()
#51 /home/franco/Venta_De_Autopartes/AplicacionesWeb/vendor/laravel/framework/src/Illuminate/Pipeline/Pipeline.php(183): Illuminate\\Foundation\\Http\\Middleware\\ValidatePostSize->handle()
#52 /home/franco/Venta_De_Autopartes/AplicacionesWeb/vendor/laravel/framework/src/Illuminate/Foundation/Http/Middleware/PreventRequestsDuringMaintenance.php(99): Illuminate\\Pipeline\\Pipeline->Illuminate\\Pipeline\\{closure}()
#53 /home/franco/Venta_De_Autopartes/AplicacionesWeb/vendor/laravel/framework/src/Illuminate/Pipeline/Pipeline.php(183): Illuminate\\Foundation\\Http\\Middleware\\PreventRequestsDuringMaintenance->handle()
#54 /home/franco/Venta_De_Autopartes/AplicacionesWeb/vendor/laravel/framework/src/Illuminate/Http/Middleware/HandleCors.php(49): Illuminate\\Pipeline\\Pipeline->Illuminate\\Pipeline\\{closure}()
#55 /home/franco/Venta_De_Autopartes/AplicacionesWeb/vendor/laravel/framework/src/Illuminate/Pipeline/Pipeline.php(183): Illuminate\\Http\\Middleware\\HandleCors->handle()
#56 /home/franco/Venta_De_Autopartes/AplicacionesWeb/vendor/laravel/framework/src/Illuminate/Http/Middleware/TrustProxies.php(39): Illuminate\\Pipeline\\Pipeline->Illuminate\\Pipeline\\{closure}()
#57 /home/franco/Venta_De_Autopartes/AplicacionesWeb/vendor/laravel/framework/src/Illuminate/Pipeline/Pipeline.php(183): Illuminate\\Http\\Middleware\\TrustProxies->handle()
#58 /home/franco/Venta_De_Autopartes/AplicacionesWeb/vendor/laravel/framework/src/Illuminate/Pipeline/Pipeline.php(119): Illuminate\\Pipeline\\Pipeline->Illuminate\\Pipeline\\{closure}()
#59 /home/franco/Venta_De_Autopartes/AplicacionesWeb/vendor/laravel/framework/src/Illuminate/Foundation/Http/Kernel.php(175): Illuminate\\Pipeline\\Pipeline->then()
#60 /home/franco/Venta_De_Autopartes/AplicacionesWeb/vendor/laravel/framework/src/Illuminate/Foundation/Http/Kernel.php(144): Illuminate\\Foundation\\Http\\Kernel->sendRequestThroughRouter()
#61 /home/franco/Venta_De_Autopartes/AplicacionesWeb/public/index.php(52): Illuminate\\Foundation\\Http\\Kernel->handle()
#62 /home/franco/Venta_De_Autopartes/AplicacionesWeb/vendor/laravel/framework/src/Illuminate/Foundation/resources/server.php(16): require_once('...')
#63 {main}
"} 
[2026-03-11 22:03:52] local.ERROR: SQLSTATE[42703]: Undefined column: 7 ERROR:  column "role" of relation "users" does not exist
LINE 1: insert into "users" ("name", "email", "password", "role", "u...
                                                          ^ (Connection: pgsql, SQL: insert into "users" ("name", "email", "password", "role", "updated_at", "created_at") values (Franco Admin, franco92tw@gmail.com, $2y$12$Dp09ZFomfsiLGMkP4t5/Aez1AWTk7mmtTwKw.7pLeStqGocYftLu6, Empleado, 2026-03-11 22:03:52, 2026-03-11 22:03:52) returning "id") {"exception":"[object] (Illuminate\\Database\\QueryException(code: 42703): SQLSTATE[42703]: Undefined column: 7 ERROR:  column \"role\" of relation \"users\" does not exist
LINE 1: insert into \"users\" (\"name\", \"email\", \"password\", \"role\", \"u...
                                                          ^ (Connection: pgsql, SQL: insert into \"users\" (\"name\", \"email\", \"password\", \"role\", \"updated_at\", \"created_at\") values (Franco Admin, franco92tw@gmail.com, $2y$12$Dp09ZFomfsiLGMkP4t5/Aez1AWTk7mmtTwKw.7pLeStqGocYftLu6, Empleado, 2026-03-11 22:03:52, 2026-03-11 22:03:52) returning \"id\") at /home/franco/Venta_De_Autopartes/AplicacionesWeb/vendor/laravel/framework/src/Illuminate/Database/Connection.php:829)
[stacktrace]
#0 /home/franco/Venta_De_Autopartes/AplicacionesWeb/vendor/laravel/framework/src/Illuminate/Database/Connection.php(783): Illuminate\\Database\\Connection->runQueryCallback()
#1 /home/franco/Venta_De_Autopartes/AplicacionesWeb/vendor/laravel/framework/src/Illuminate/Database/Connection.php(431): Illuminate\\Database\\Connection->run()
#2 /home/franco/Venta_De_Autopartes/AplicacionesWeb/vendor/laravel/framework/src/Illuminate/Database/Connection.php(401): Illuminate\\Database\\Connection->select()
#3 /home/franco/Venta_De_Autopartes/AplicacionesWeb/vendor/laravel/framework/src/Illuminate/Database/Query/Processors/PostgresProcessor.php(24): Illuminate\\Database\\Connection->selectFromWriteConnection()
#4 /home/franco/Venta_De_Autopartes/AplicacionesWeb/vendor/laravel/framework/src/Illuminate/Database/Query/Builder.php(3507): Illuminate\\Database\\Query\\Processors\\PostgresProcessor->processInsertGetId()
#5 /home/franco/Venta_De_Autopartes/AplicacionesWeb/vendor/laravel/framework/src/Illuminate/Database/Eloquent/Builder.php(1982): Illuminate\\Database\\Query\\Builder->insertGetId()
#6 /home/franco/Venta_De_Autopartes/AplicacionesWeb/vendor/laravel/framework/src/Illuminate/Database/Eloquent/Model.php(1333): Illuminate\\Database\\Eloquent\\Builder->__call()
#7 /home/franco/Venta_De_Autopartes/AplicacionesWeb/vendor/laravel/framework/src/Illuminate/Database/Eloquent/Model.php(1298): Illuminate\\Database\\Eloquent\\Model->insertAndSetId()
#8 /home/franco/Venta_De_Autopartes/AplicacionesWeb/vendor/laravel/framework/src/Illuminate/Database/Eloquent/Model.php(1137): Illuminate\\Database\\Eloquent\\Model->performInsert()
#9 /home/franco/Venta_De_Autopartes/AplicacionesWeb/vendor/laravel/framework/src/Illuminate/Database/Eloquent/Builder.php(1025): Illuminate\\Database\\Eloquent\\Model->save()
#10 /home/franco/Venta_De_Autopartes/AplicacionesWeb/vendor/laravel/framework/src/Illuminate/Support/helpers.php(307): Illuminate\\Database\\Eloquent\\Builder->Illuminate\\Database\\Eloquent\\{closure}()
#11 /home/franco/Venta_De_Autopartes/AplicacionesWeb/vendor/laravel/framework/src/Illuminate/Database/Eloquent/Builder.php(1026): tap()
#12 /home/franco/Venta_De_Autopartes/AplicacionesWeb/vendor/laravel/framework/src/Illuminate/Support/Traits/ForwardsCalls.php(23): Illuminate\\Database\\Eloquent\\Builder->create()
#13 /home/franco/Venta_De_Autopartes/AplicacionesWeb/vendor/laravel/framework/src/Illuminate/Database/Eloquent/Model.php(2334): Illuminate\\Database\\Eloquent\\Model->forwardCallTo()
#14 /home/franco/Venta_De_Autopartes/AplicacionesWeb/vendor/laravel/framework/src/Illuminate/Database/Eloquent/Model.php(2346): Illuminate\\Database\\Eloquent\\Model->__call()
#15 /home/franco/Venta_De_Autopartes/AplicacionesWeb/app/Http/Controllers/AuthController.php(31): Illuminate\\Database\\Eloquent\\Model::__callStatic()
#16 /home/franco/Venta_De_Autopartes/AplicacionesWeb/vendor/laravel/framework/src/Illuminate/Routing/Controller.php(54): App\\Http\\Controllers\\AuthController->register()
#17 /home/franco/Venta_De_Autopartes/AplicacionesWeb/vendor/laravel/framework/src/Illuminate/Routing/ControllerDispatcher.php(43): Illuminate\\Routing\\Controller->callAction()
#18 /home/franco/Venta_De_Autopartes/AplicacionesWeb/vendor/laravel/framework/src/Illuminate/Routing/Route.php(260): Illuminate\\Routing\\ControllerDispatcher->dispatch()
#19 /home/franco/Venta_De_Autopartes/AplicacionesWeb/vendor/laravel/framework/src/Illuminate/Routing/Route.php(205): Illuminate\\Routing\\Route->runController()
#20 /home/franco/Venta_De_Autopartes/AplicacionesWeb/vendor/laravel/framework/src/Illuminate/Routing/Router.php(806): Illuminate\\Routing\\Route->run()
#21 /home/franco/Venta_De_Autopartes/AplicacionesWeb/vendor/laravel/framework/src/Illuminate/Pipeline/Pipeline.php(144): Illuminate\\Routing\\Router->Illuminate\\Routing\\{closure}()
#22 /home/franco/Venta_De_Autopartes/AplicacionesWeb/vendor/laravel/framework/src/Illuminate/Routing/Middleware/SubstituteBindings.php(50): Illuminate\\Pipeline\\Pipeline->Illuminate\\Pipeline\\{closure}()
#23 /home/franco/Venta_De_Autopartes/AplicacionesWeb/vendor/laravel/framework/src/Illuminate/Pipeline/Pipeline.php(183): Illuminate\\Routing\\Middleware\\SubstituteBindings->handle()
#24 /home/franco/Venta_De_Autopartes/AplicacionesWeb/vendor/laravel/framework/src/Illuminate/Foundation/Http/Middleware/VerifyCsrfToken.php(78): Illuminate\\Pipeline\\Pipeline->Illuminate\\Pipeline\\{closure}()
#25 /home/franco/Venta_De_Autopartes/AplicacionesWeb/vendor/laravel/framework/src/Illuminate/Pipeline/Pipeline.php(183): Illuminate\\Foundation\\Http\\Middleware\\VerifyCsrfToken->handle()
#26 /home/franco/Venta_De_Autopartes/AplicacionesWeb/vendor/laravel/framework/src/Illuminate/View/Middleware/ShareErrorsFromSession.php(49): Illuminate\\Pipeline\\Pipeline->Illuminate\\Pipeline\\{closure}()
#27 /home/franco/Venta_De_Autopartes/AplicacionesWeb/vendor/laravel/framework/src/Illuminate/Pipeline/Pipeline.php(183): Illuminate\\View\\Middleware\\ShareErrorsFromSession->handle()
#28 /home/franco/Venta_De_Autopartes/AplicacionesWeb/vendor/laravel/framework/src/Illuminate/Session/Middleware/StartSession.php(121): Illuminate\\Pipeline\\Pipeline->Illuminate\\Pipeline\\{closure}()
#29 /home/franco/Venta_De_Autopartes/AplicacionesWeb/vendor/laravel/framework/src/Illuminate/Session/Middleware/StartSession.php(64): Illuminate\\Session\\Middleware\\StartSession->handleStatefulRequest()
#30 /home/franco/Venta_De_Autopartes/AplicacionesWeb/vendor/laravel/framework/src/Illuminate/Pipeline/Pipeline.php(183): Illuminate\\Session\\Middleware\\StartSession->handle()
#31 /home/franco/Venta_De_Autopartes/AplicacionesWeb/vendor/laravel/framework/src/Illuminate/Cookie/Middleware/AddQueuedCookiesToResponse.php(37): Illuminate\\Pipeline\\Pipeline->Illuminate\\Pipeline\\{closure}()
#32 /home/franco/Venta_De_Autopartes/AplicacionesWeb/vendor/laravel/framework/src/Illuminate/Pipeline/Pipeline.php(183): Illuminate\\Cookie\\Middleware\\AddQueuedCookiesToResponse->handle()
#33 /home/franco/Venta_De_Autopartes/AplicacionesWeb/vendor/laravel/framework/src/Illuminate/Cookie/Middleware/EncryptCookies.php(67): Illuminate\\Pipeline\\Pipeline->Illuminate\\Pipeline\\{closure}()
#34 /home/franco/Venta_De_Autopartes/AplicacionesWeb/vendor/laravel/framework/src/Illuminate/Pipeline/Pipeline.php(183): Illuminate\\Cookie\\Middleware\\EncryptCookies->handle()
#35 /home/franco/Venta_De_Autopartes/AplicacionesWeb/vendor/laravel/framework/src/Illuminate/Pipeline/Pipeline.php(119): Illuminate\\Pipeline\\Pipeline->Illuminate\\Pipeline\\{closure}()
#36 /home/franco/Venta_De_Autopartes/AplicacionesWeb/vendor/laravel/framework/src/Illuminate/Routing/Router.php(807): Illuminate\\Pipeline\\Pipeline->then()
#37 /home/franco/Venta_De_Autopartes/AplicacionesWeb/vendor/laravel/framework/src/Illuminate/Routing/Router.php(784): Illuminate\\Routing\\Router->runRouteWithinStack()
#38 /home/franco/Venta_De_Autopartes/AplicacionesWeb/vendor/laravel/framework/src/Illuminate/Routing/Router.php(748): Illuminate\\Routing\\Router->runRoute()
#39 /home/franco/Venta_De_Autopartes/AplicacionesWeb/vendor/laravel/framework/src/Illuminate/Routing/Router.php(737): Illuminate\\Routing\\Router->dispatchToRoute()
#40 /home/franco/Venta_De_Autopartes/AplicacionesWeb/vendor/laravel/framework/src/Illuminate/Foundation/Http/Kernel.php(200): Illuminate\\Routing\\Router->dispatch()
#41 /home/franco/Venta_De_Autopartes/AplicacionesWeb/vendor/laravel/framework/src/Illuminate/Pipeline/Pipeline.php(144): Illuminate\\Foundation\\Http\\Kernel->Illuminate\\Foundation\\Http\\{closure}()
#42 /home/franco/Venta_De_Autopartes/AplicacionesWeb/vendor/laravel/framework/src/Illuminate/Foundation/Http/Middleware/TransformsRequest.php(21): Illuminate\\Pipeline\\Pipeline->Illuminate\\Pipeline\\{closure}()
#43 /home/franco/Venta_De_Autopartes/AplicacionesWeb/vendor/laravel/framework/src/Illuminate/Foundation/Http/Middleware/ConvertEmptyStringsToNull.php(31): Illuminate\\Foundation\\Http\\Middleware\\TransformsRequest->handle()
#44 /home/franco/Venta_De_Autopartes/AplicacionesWeb/vendor/laravel/framework/src/Illuminate/Pipeline/Pipeline.php(183): Illuminate\\Foundation\\Http\\Middleware\\ConvertEmptyStringsToNull->handle()
#45 /home/franco/Venta_De_Autopartes/AplicacionesWeb/vendor/laravel/framework/src/Illuminate/Foundation/Http/Middleware/TransformsRequest.php(21): Illuminate\\Pipeline\\Pipeline->Illuminate\\Pipeline\\{closure}()
#46 /home/franco/Venta_De_Autopartes/AplicacionesWeb/vendor/laravel/framework/src/Illuminate/Foundation/Http/Middleware/TrimStrings.php(40): Illuminate\\Foundation\\Http\\Middleware\\TransformsRequest->handle()
#47 /home/franco/Venta_De_Autopartes/AplicacionesWeb/vendor/laravel/framework/src/Illuminate/Pipeline/Pipeline.php(183): Illuminate\\Foundation\\Http\\Middleware\\TrimStrings->handle()
#48 /home/franco/Venta_De_Autopartes/AplicacionesWeb/vendor/laravel/framework/src/Illuminate/Foundation/Http/Middleware/ValidatePostSize.php(27): Illuminate\\Pipeline\\Pipeline->Illuminate\\Pipeline\\{closure}()
#49 /home/franco/Venta_De_Autopartes/AplicacionesWeb/vendor/laravel/framework/src/Illuminate/Pipeline/Pipeline.php(183): Illuminate\\Foundation\\Http\\Middleware\\ValidatePostSize->handle()
#50 /home/franco/Venta_De_Autopartes/AplicacionesWeb/vendor/laravel/framework/src/Illuminate/Foundation/Http/Middleware/PreventRequestsDuringMaintenance.php(99): Illuminate\\Pipeline\\Pipeline->Illuminate\\Pipeline\\{closure}()
#51 /home/franco/Venta_De_Autopartes/AplicacionesWeb/vendor/laravel/framework/src/Illuminate/Pipeline/Pipeline.php(183): Illuminate\\Foundation\\Http\\Middleware\\PreventRequestsDuringMaintenance->handle()
#52 /home/franco/Venta_De_Autopartes/AplicacionesWeb/vendor/laravel/framework/src/Illuminate/Http/Middleware/HandleCors.php(49): Illuminate\\Pipeline\\Pipeline->Illuminate\\Pipeline\\{closure}()
#53 /home/franco/Venta_De_Autopartes/AplicacionesWeb/vendor/laravel/framework/src/Illuminate/Pipeline/Pipeline.php(183): Illuminate\\Http\\Middleware\\HandleCors->handle()
#54 /home/franco/Venta_De_Autopartes/AplicacionesWeb/vendor/laravel/framework/src/Illuminate/Http/Middleware/TrustProxies.php(39): Illuminate\\Pipeline\\Pipeline->Illuminate\\Pipeline\\{closure}()
#55 /home/franco/Venta_De_Autopartes/AplicacionesWeb/vendor/laravel/framework/src/Illuminate/Pipeline/Pipeline.php(183): Illuminate\\Http\\Middleware\\TrustProxies->handle()
#56 /home/franco/Venta_De_Autopartes/AplicacionesWeb/vendor/laravel/framework/src/Illuminate/Pipeline/Pipeline.php(119): Illuminate\\Pipeline\\Pipeline->Illuminate\\Pipeline\\{closure}()
#57 /home/franco/Venta_De_Autopartes/AplicacionesWeb/vendor/laravel/framework/src/Illuminate/Foundation/Http/Kernel.php(175): Illuminate\\Pipeline\\Pipeline->then()
#58 /home/franco/Venta_De_Autopartes/AplicacionesWeb/vendor/laravel/framework/src/Illuminate/Foundation/Http/Kernel.php(144): Illuminate\\Foundation\\Http\\Kernel->sendRequestThroughRouter()
#59 /home/franco/Venta_De_Autopartes/AplicacionesWeb/public/index.php(52): Illuminate\\Foundation\\Http\\Kernel->handle()
#60 /home/franco/Venta_De_Autopartes/AplicacionesWeb/vendor/laravel/framework/src/Illuminate/Foundation/resources/server.php(16): require_once('...')
#61 {main}

[previous exception] [object] (PDOException(code: 42703): SQLSTATE[42703]: Undefined column: 7 ERROR:  column \"role\" of relation \"users\" does not exist
LINE 1: insert into \"users\" (\"name\", \"email\", \"password\", \"role\", \"u...
                                                          ^ at /home/franco/Venta_De_Autopartes/AplicacionesWeb/vendor/laravel/framework/src/Illuminate/Database/Connection.php:428)
[stacktrace]
#0 /home/franco/Venta_De_Autopartes/AplicacionesWeb/vendor/laravel/framework/src/Illuminate/Database/Connection.php(428): PDOStatement->execute()
#1 /home/franco/Venta_De_Autopartes/AplicacionesWeb/vendor/laravel/framework/src/Illuminate/Database/Connection.php(816): Illuminate\\Database\\Connection->Illuminate\\Database\\{closure}()
#2 /home/franco/Venta_De_Autopartes/AplicacionesWeb/vendor/laravel/framework/src/Illuminate/Database/Connection.php(783): Illuminate\\Database\\Connection->runQueryCallback()
#3 /home/franco/Venta_De_Autopartes/AplicacionesWeb/vendor/laravel/framework/src/Illuminate/Database/Connection.php(431): Illuminate\\Database\\Connection->run()
#4 /home/franco/Venta_De_Autopartes/AplicacionesWeb/vendor/laravel/framework/src/Illuminate/Database/Connection.php(401): Illuminate\\Database\\Connection->select()
#5 /home/franco/Venta_De_Autopartes/AplicacionesWeb/vendor/laravel/framework/src/Illuminate/Database/Query/Processors/PostgresProcessor.php(24): Illuminate\\Database\\Connection->selectFromWriteConnection()
#6 /home/franco/Venta_De_Autopartes/AplicacionesWeb/vendor/laravel/framework/src/Illuminate/Database/Query/Builder.php(3507): Illuminate\\Database\\Query\\Processors\\PostgresProcessor->processInsertGetId()
#7 /home/franco/Venta_De_Autopartes/AplicacionesWeb/vendor/laravel/framework/src/Illuminate/Database/Eloquent/Builder.php(1982): Illuminate\\Database\\Query\\Builder->insertGetId()
#8 /home/franco/Venta_De_Autopartes/AplicacionesWeb/vendor/laravel/framework/src/Illuminate/Database/Eloquent/Model.php(1333): Illuminate\\Database\\Eloquent\\Builder->__call()
#9 /home/franco/Venta_De_Autopartes/AplicacionesWeb/vendor/laravel/framework/src/Illuminate/Database/Eloquent/Model.php(1298): Illuminate\\Database\\Eloquent\\Model->insertAndSetId()
#10 /home/franco/Venta_De_Autopartes/AplicacionesWeb/vendor/laravel/framework/src/Illuminate/Database/Eloquent/Model.php(1137): Illuminate\\Database\\Eloquent\\Model->performInsert()
#11 /home/franco/Venta_De_Autopartes/AplicacionesWeb/vendor/laravel/framework/src/Illuminate/Database/Eloquent/Builder.php(1025): Illuminate\\Database\\Eloquent\\Model->save()
#12 /home/franco/Venta_De_Autopartes/AplicacionesWeb/vendor/laravel/framework/src/Illuminate/Support/helpers.php(307): Illuminate\\Database\\Eloquent\\Builder->Illuminate\\Database\\Eloquent\\{closure}()
#13 /home/franco/Venta_De_Autopartes/AplicacionesWeb/vendor/laravel/framework/src/Illuminate/Database/Eloquent/Builder.php(1026): tap()
#14 /home/franco/Venta_De_Autopartes/AplicacionesWeb/vendor/laravel/framework/src/Illuminate/Support/Traits/ForwardsCalls.php(23): Illuminate\\Database\\Eloquent\\Builder->create()
#15 /home/franco/Venta_De_Autopartes/AplicacionesWeb/vendor/laravel/framework/src/Illuminate/Database/Eloquent/Model.php(2334): Illuminate\\Database\\Eloquent\\Model->forwardCallTo()
#16 /home/franco/Venta_De_Autopartes/AplicacionesWeb/vendor/laravel/framework/src/Illuminate/Database/Eloquent/Model.php(2346): Illuminate\\Database\\Eloquent\\Model->__call()
#17 /home/franco/Venta_De_Autopartes/AplicacionesWeb/app/Http/Controllers/AuthController.php(31): Illuminate\\Database\\Eloquent\\Model::__callStatic()
#18 /home/franco/Venta_De_Autopartes/AplicacionesWeb/vendor/laravel/framework/src/Illuminate/Routing/Controller.php(54): App\\Http\\Controllers\\AuthController->register()
#19 /home/franco/Venta_De_Autopartes/AplicacionesWeb/vendor/laravel/framework/src/Illuminate/Routing/ControllerDispatcher.php(43): Illuminate\\Routing\\Controller->callAction()
#20 /home/franco/Venta_De_Autopartes/AplicacionesWeb/vendor/laravel/framework/src/Illuminate/Routing/Route.php(260): Illuminate\\Routing\\ControllerDispatcher->dispatch()
#21 /home/franco/Venta_De_Autopartes/AplicacionesWeb/vendor/laravel/framework/src/Illuminate/Routing/Route.php(205): Illuminate\\Routing\\Route->runController()
#22 /home/franco/Venta_De_Autopartes/AplicacionesWeb/vendor/laravel/framework/src/Illuminate/Routing/Router.php(806): Illuminate\\Routing\\Route->run()
#23 /home/franco/Venta_De_Autopartes/AplicacionesWeb/vendor/laravel/framework/src/Illuminate/Pipeline/Pipeline.php(144): Illuminate\\Routing\\Router->Illuminate\\Routing\\{closure}()
#24 /home/franco/Venta_De_Autopartes/AplicacionesWeb/vendor/laravel/framework/src/Illuminate/Routing/Middleware/SubstituteBindings.php(50): Illuminate\\Pipeline\\Pipeline->Illuminate\\Pipeline\\{closure}()
#25 /home/franco/Venta_De_Autopartes/AplicacionesWeb/vendor/laravel/framework/src/Illuminate/Pipeline/Pipeline.php(183): Illuminate\\Routing\\Middleware\\SubstituteBindings->handle()
#26 /home/franco/Venta_De_Autopartes/AplicacionesWeb/vendor/laravel/framework/src/Illuminate/Foundation/Http/Middleware/VerifyCsrfToken.php(78): Illuminate\\Pipeline\\Pipeline->Illuminate\\Pipeline\\{closure}()
#27 /home/franco/Venta_De_Autopartes/AplicacionesWeb/vendor/laravel/framework/src/Illuminate/Pipeline/Pipeline.php(183): Illuminate\\Foundation\\Http\\Middleware\\VerifyCsrfToken->handle()
#28 /home/franco/Venta_De_Autopartes/AplicacionesWeb/vendor/laravel/framework/src/Illuminate/View/Middleware/ShareErrorsFromSession.php(49): Illuminate\\Pipeline\\Pipeline->Illuminate\\Pipeline\\{closure}()
#29 /home/franco/Venta_De_Autopartes/AplicacionesWeb/vendor/laravel/framework/src/Illuminate/Pipeline/Pipeline.php(183): Illuminate\\View\\Middleware\\ShareErrorsFromSession->handle()
#30 /home/franco/Venta_De_Autopartes/AplicacionesWeb/vendor/laravel/framework/src/Illuminate/Session/Middleware/StartSession.php(121): Illuminate\\Pipeline\\Pipeline->Illuminate\\Pipeline\\{closure}()
#31 /home/franco/Venta_De_Autopartes/AplicacionesWeb/vendor/laravel/framework/src/Illuminate/Session/Middleware/StartSession.php(64): Illuminate\\Session\\Middleware\\StartSession->handleStatefulRequest()
#32 /home/franco/Venta_De_Autopartes/AplicacionesWeb/vendor/laravel/framework/src/Illuminate/Pipeline/Pipeline.php(183): Illuminate\\Session\\Middleware\\StartSession->handle()
#33 /home/franco/Venta_De_Autopartes/AplicacionesWeb/vendor/laravel/framework/src/Illuminate/Cookie/Middleware/AddQueuedCookiesToResponse.php(37): Illuminate\\Pipeline\\Pipeline->Illuminate\\Pipeline\\{closure}()
#34 /home/franco/Venta_De_Autopartes/AplicacionesWeb/vendor/laravel/framework/src/Illuminate/Pipeline/Pipeline.php(183): Illuminate\\Cookie\\Middleware\\AddQueuedCookiesToResponse->handle()
#35 /home/franco/Venta_De_Autopartes/AplicacionesWeb/vendor/laravel/framework/src/Illuminate/Cookie/Middleware/EncryptCookies.php(67): Illuminate\\Pipeline\\Pipeline->Illuminate\\Pipeline\\{closure}()
#36 /home/franco/Venta_De_Autopartes/AplicacionesWeb/vendor/laravel/framework/src/Illuminate/Pipeline/Pipeline.php(183): Illuminate\\Cookie\\Middleware\\EncryptCookies->handle()
#37 /home/franco/Venta_De_Autopartes/AplicacionesWeb/vendor/laravel/framework/src/Illuminate/Pipeline/Pipeline.php(119): Illuminate\\Pipeline\\Pipeline->Illuminate\\Pipeline\\{closure}()
#38 /home/franco/Venta_De_Autopartes/AplicacionesWeb/vendor/laravel/framework/src/Illuminate/Routing/Router.php(807): Illuminate\\Pipeline\\Pipeline->then()
#39 /home/franco/Venta_De_Autopartes/AplicacionesWeb/vendor/laravel/framework/src/Illuminate/Routing/Router.php(784): Illuminate\\Routing\\Router->runRouteWithinStack()
#40 /home/franco/Venta_De_Autopartes/AplicacionesWeb/vendor/laravel/framework/src/Illuminate/Routing/Router.php(748): Illuminate\\Routing\\Router->runRoute()
#41 /home/franco/Venta_De_Autopartes/AplicacionesWeb/vendor/laravel/framework/src/Illuminate/Routing/Router.php(737): Illuminate\\Routing\\Router->dispatchToRoute()
#42 /home/franco/Venta_De_Autopartes/AplicacionesWeb/vendor/laravel/framework/src/Illuminate/Foundation/Http/Kernel.php(200): Illuminate\\Routing\\Router->dispatch()
#43 /home/franco/Venta_De_Autopartes/AplicacionesWeb/vendor/laravel/framework/src/Illuminate/Pipeline/Pipeline.php(144): Illuminate\\Foundation\\Http\\Kernel->Illuminate\\Foundation\\Http\\{closure}()
#44 /home/franco/Venta_De_Autopartes/AplicacionesWeb/vendor/laravel/framework/src/Illuminate/Foundation/Http/Middleware/TransformsRequest.php(21): Illuminate\\Pipeline\\Pipeline->Illuminate\\Pipeline\\{closure}()
#45 /home/franco/Venta_De_Autopartes/AplicacionesWeb/vendor/laravel/framework/src/Illuminate/Foundation/Http/Middleware/ConvertEmptyStringsToNull.php(31): Illuminate\\Foundation\\Http\\Middleware\\TransformsRequest->handle()
#46 /home/franco/Venta_De_Autopartes/AplicacionesWeb/vendor/laravel/framework/src/Illuminate/Pipeline/Pipeline.php(183): Illuminate\\Foundation\\Http\\Middleware\\ConvertEmptyStringsToNull->handle()
#47 /home/franco/Venta_De_Autopartes/AplicacionesWeb/vendor/laravel/framework/src/Illuminate/Foundation/Http/Middleware/TransformsRequest.php(21): Illuminate\\Pipeline\\Pipeline->Illuminate\\Pipeline\\{closure}()
#48 /home/franco/Venta_De_Autopartes/AplicacionesWeb/vendor/laravel/framework/src/Illuminate/Foundation/Http/Middleware/TrimStrings.php(40): Illuminate\\Foundation\\Http\\Middleware\\TransformsRequest->handle()
#49 /home/franco/Venta_De_Autopartes/AplicacionesWeb/vendor/laravel/framework/src/Illuminate/Pipeline/Pipeline.php(183): Illuminate\\Foundation\\Http\\Middleware\\TrimStrings->handle()
#50 /home/franco/Venta_De_Autopartes/AplicacionesWeb/vendor/laravel/framework/src/Illuminate/Foundation/Http/Middleware/ValidatePostSize.php(27): Illuminate\\Pipeline\\Pipeline->Illuminate\\Pipeline\\{closure}()
#51 /home/franco/Venta_De_Autopartes/AplicacionesWeb/vendor/laravel/framework/src/Illuminate/Pipeline/Pipeline.php(183): Illuminate\\Foundation\\Http\\Middleware\\ValidatePostSize->handle()
#52 /home/franco/Venta_De_Autopartes/AplicacionesWeb/vendor/laravel/framework/src/Illuminate/Foundation/Http/Middleware/PreventRequestsDuringMaintenance.php(99): Illuminate\\Pipeline\\Pipeline->Illuminate\\Pipeline\\{closure}()
#53 /home/franco/Venta_De_Autopartes/AplicacionesWeb/vendor/laravel/framework/src/Illuminate/Pipeline/Pipeline.php(183): Illuminate\\Foundation\\Http\\Middleware\\PreventRequestsDuringMaintenance->handle()
#54 /home/franco/Venta_De_Autopartes/AplicacionesWeb/vendor/laravel/framework/src/Illuminate/Http/Middleware/HandleCors.php(49): Illuminate\\Pipeline\\Pipeline->Illuminate\\Pipeline\\{closure}()
#55 /home/franco/Venta_De_Autopartes/AplicacionesWeb/vendor/laravel/framework/src/Illuminate/Pipeline/Pipeline.php(183): Illuminate\\Http\\Middleware\\HandleCors->handle()
#56 /home/franco/Venta_De_Autopartes/AplicacionesWeb/vendor/laravel/framework/src/Illuminate/Http/Middleware/TrustProxies.php(39): Illuminate\\Pipeline\\Pipeline->Illuminate\\Pipeline\\{closure}()
#57 /home/franco/Venta_De_Autopartes/AplicacionesWeb/vendor/laravel/framework/src/Illuminate/Pipeline/Pipeline.php(183): Illuminate\\Http\\Middleware\\TrustProxies->handle()
#58 /home/franco/Venta_De_Autopartes/AplicacionesWeb/vendor/laravel/framework/src/Illuminate/Pipeline/Pipeline.php(119): Illuminate\\Pipeline\\Pipeline->Illuminate\\Pipeline\\{closure}()
#59 /home/franco/Venta_De_Autopartes/AplicacionesWeb/vendor/laravel/framework/src/Illuminate/Foundation/Http/Kernel.php(175): Illuminate\\Pipeline\\Pipeline->then()
#60 /home/franco/Venta_De_Autopartes/AplicacionesWeb/vendor/laravel/framework/src/Illuminate/Foundation/Http/Kernel.php(144): Illuminate\\Foundation\\Http\\Kernel->sendRequestThroughRouter()
#61 /home/franco/Venta_De_Autopartes/AplicacionesWeb/public/index.php(52): Illuminate\\Foundation\\Http\\Kernel->handle()
#62 /home/franco/Venta_De_Autopartes/AplicacionesWeb/vendor/laravel/framework/src/Illuminate/Foundation/resources/server.php(16): require_once('...')
#63 {main}
"} 
[2026-03-12 20:11:25] local.ERROR: Command "cache:" is ambiguous.
Did you mean one of these?
    cache:clear            Flush the application cache
    cache:forget           Remove an item from the cache
    cache:prune-stale-tags Prune stale cache tags from the cache (Redis only)
    cache:table            Create a migration for the cache database table. {"exception":"[object] (Symfony\\Component\\Console\\Exception\\CommandNotFoundException(code: 0): Command \"cache:\" is ambiguous.
Did you mean one of these?
    cache:clear            Flush the application cache
    cache:forget           Remove an item from the cache
    cache:prune-stale-tags Prune stale cache tags from the cache (Redis only)
    cache:table            Create a migration for the cache database table. at /home/franco/Venta_De_Autopartes/AplicacionesWeb/vendor/symfony/console/Application.php:778)
[stacktrace]
#0 /home/franco/Venta_De_Autopartes/AplicacionesWeb/vendor/symfony/console/Application.php(266): Symfony\\Component\\Console\\Application->find()
#1 /home/franco/Venta_De_Autopartes/AplicacionesWeb/vendor/symfony/console/Application.php(175): Symfony\\Component\\Console\\Application->doRun()
#2 /home/franco/Venta_De_Autopartes/AplicacionesWeb/vendor/laravel/framework/src/Illuminate/Foundation/Console/Kernel.php(201): Symfony\\Component\\Console\\Application->run()
#3 /home/franco/Venta_De_Autopartes/AplicacionesWeb/artisan(37): Illuminate\\Foundation\\Console\\Kernel->handle()
#4 {main}
"} 
[2026-03-12 20:19:49] local.ERROR: SQLSTATE[42703]: Undefined column: 7 ERROR:  column "role" of relation "users" does not exist
LINE 1: insert into "users" ("name", "email", "password", "role", "u...
                                                          ^ (Connection: pgsql, SQL: insert into "users" ("name", "email", "password", "role", "updated_at", "created_at") values (Franco Empleado, franco92tw@gmail.com, $2y$12$xOmF/68L4A5/QBWpr1FyJOL8oMBJezsX.dj3Qu9/LnOv41s9Zczde, Empleado, 2026-03-12 20:19:49, 2026-03-12 20:19:49) returning "id") {"exception":"[object] (Illuminate\\Database\\QueryException(code: 42703): SQLSTATE[42703]: Undefined column: 7 ERROR:  column \"role\" of relation \"users\" does not exist
LINE 1: insert into \"users\" (\"name\", \"email\", \"password\", \"role\", \"u...
                                                          ^ (Connection: pgsql, SQL: insert into \"users\" (\"name\", \"email\", \"password\", \"role\", \"updated_at\", \"created_at\") values (Franco Empleado, franco92tw@gmail.com, $2y$12$xOmF/68L4A5/QBWpr1FyJOL8oMBJezsX.dj3Qu9/LnOv41s9Zczde, Empleado, 2026-03-12 20:19:49, 2026-03-12 20:19:49) returning \"id\") at /home/franco/Venta_De_Autopartes/AplicacionesWeb/vendor/laravel/framework/src/Illuminate/Database/Connection.php:829)
[stacktrace]
#0 /home/franco/Venta_De_Autopartes/AplicacionesWeb/vendor/laravel/framework/src/Illuminate/Database/Connection.php(783): Illuminate\\Database\\Connection->runQueryCallback()
#1 /home/franco/Venta_De_Autopartes/AplicacionesWeb/vendor/laravel/framework/src/Illuminate/Database/Connection.php(431): Illuminate\\Database\\Connection->run()
#2 /home/franco/Venta_De_Autopartes/AplicacionesWeb/vendor/laravel/framework/src/Illuminate/Database/Connection.php(401): Illuminate\\Database\\Connection->select()
#3 /home/franco/Venta_De_Autopartes/AplicacionesWeb/vendor/laravel/framework/src/Illuminate/Database/Query/Processors/PostgresProcessor.php(24): Illuminate\\Database\\Connection->selectFromWriteConnection()
#4 /home/franco/Venta_De_Autopartes/AplicacionesWeb/vendor/laravel/framework/src/Illuminate/Database/Query/Builder.php(3507): Illuminate\\Database\\Query\\Processors\\PostgresProcessor->processInsertGetId()
#5 /home/franco/Venta_De_Autopartes/AplicacionesWeb/vendor/laravel/framework/src/Illuminate/Database/Eloquent/Builder.php(1982): Illuminate\\Database\\Query\\Builder->insertGetId()
#6 /home/franco/Venta_De_Autopartes/AplicacionesWeb/vendor/laravel/framework/src/Illuminate/Database/Eloquent/Model.php(1333): Illuminate\\Database\\Eloquent\\Builder->__call()
#7 /home/franco/Venta_De_Autopartes/AplicacionesWeb/vendor/laravel/framework/src/Illuminate/Database/Eloquent/Model.php(1298): Illuminate\\Database\\Eloquent\\Model->insertAndSetId()
#8 /home/franco/Venta_De_Autopartes/AplicacionesWeb/vendor/laravel/framework/src/Illuminate/Database/Eloquent/Model.php(1137): Illuminate\\Database\\Eloquent\\Model->performInsert()
#9 /home/franco/Venta_De_Autopartes/AplicacionesWeb/vendor/laravel/framework/src/Illuminate/Database/Eloquent/Builder.php(1025): Illuminate\\Database\\Eloquent\\Model->save()
#10 /home/franco/Venta_De_Autopartes/AplicacionesWeb/vendor/laravel/framework/src/Illuminate/Support/helpers.php(307): Illuminate\\Database\\Eloquent\\Builder->Illuminate\\Database\\Eloquent\\{closure}()
#11 /home/franco/Venta_De_Autopartes/AplicacionesWeb/vendor/laravel/framework/src/Illuminate/Database/Eloquent/Builder.php(1026): tap()
#12 /home/franco/Venta_De_Autopartes/AplicacionesWeb/vendor/laravel/framework/src/Illuminate/Support/Traits/ForwardsCalls.php(23): Illuminate\\Database\\Eloquent\\Builder->create()
#13 /home/franco/Venta_De_Autopartes/AplicacionesWeb/vendor/laravel/framework/src/Illuminate/Database/Eloquent/Model.php(2334): Illuminate\\Database\\Eloquent\\Model->forwardCallTo()
#14 /home/franco/Venta_De_Autopartes/AplicacionesWeb/vendor/laravel/framework/src/Illuminate/Database/Eloquent/Model.php(2346): Illuminate\\Database\\Eloquent\\Model->__call()
#15 /home/franco/Venta_De_Autopartes/AplicacionesWeb/app/Http/Controllers/AuthController.php(31): Illuminate\\Database\\Eloquent\\Model::__callStatic()
#16 /home/franco/Venta_De_Autopartes/AplicacionesWeb/vendor/laravel/framework/src/Illuminate/Routing/Controller.php(54): App\\Http\\Controllers\\AuthController->register()
#17 /home/franco/Venta_De_Autopartes/AplicacionesWeb/vendor/laravel/framework/src/Illuminate/Routing/ControllerDispatcher.php(43): Illuminate\\Routing\\Controller->callAction()
#18 /home/franco/Venta_De_Autopartes/AplicacionesWeb/vendor/laravel/framework/src/Illuminate/Routing/Route.php(260): Illuminate\\Routing\\ControllerDispatcher->dispatch()
#19 /home/franco/Venta_De_Autopartes/AplicacionesWeb/vendor/laravel/framework/src/Illuminate/Routing/Route.php(205): Illuminate\\Routing\\Route->runController()
#20 /home/franco/Venta_De_Autopartes/AplicacionesWeb/vendor/laravel/framework/src/Illuminate/Routing/Router.php(806): Illuminate\\Routing\\Route->run()
#21 /home/franco/Venta_De_Autopartes/AplicacionesWeb/vendor/laravel/framework/src/Illuminate/Pipeline/Pipeline.php(144): Illuminate\\Routing\\Router->Illuminate\\Routing\\{closure}()
#22 /home/franco/Venta_De_Autopartes/AplicacionesWeb/vendor/laravel/framework/src/Illuminate/Routing/Middleware/SubstituteBindings.php(50): Illuminate\\Pipeline\\Pipeline->Illuminate\\Pipeline\\{closure}()
#23 /home/franco/Venta_De_Autopartes/AplicacionesWeb/vendor/laravel/framework/src/Illuminate/Pipeline/Pipeline.php(183): Illuminate\\Routing\\Middleware\\SubstituteBindings->handle()
#24 /home/franco/Venta_De_Autopartes/AplicacionesWeb/vendor/laravel/framework/src/Illuminate/Foundation/Http/Middleware/VerifyCsrfToken.php(78): Illuminate\\Pipeline\\Pipeline->Illuminate\\Pipeline\\{closure}()
#25 /home/franco/Venta_De_Autopartes/AplicacionesWeb/vendor/laravel/framework/src/Illuminate/Pipeline/Pipeline.php(183): Illuminate\\Foundation\\Http\\Middleware\\VerifyCsrfToken->handle()
#26 /home/franco/Venta_De_Autopartes/AplicacionesWeb/vendor/laravel/framework/src/Illuminate/View/Middleware/ShareErrorsFromSession.php(49): Illuminate\\Pipeline\\Pipeline->Illuminate\\Pipeline\\{closure}()
#27 /home/franco/Venta_De_Autopartes/AplicacionesWeb/vendor/laravel/framework/src/Illuminate/Pipeline/Pipeline.php(183): Illuminate\\View\\Middleware\\ShareErrorsFromSession->handle()
#28 /home/franco/Venta_De_Autopartes/AplicacionesWeb/vendor/laravel/framework/src/Illuminate/Session/Middleware/StartSession.php(121): Illuminate\\Pipeline\\Pipeline->Illuminate\\Pipeline\\{closure}()
#29 /home/franco/Venta_De_Autopartes/AplicacionesWeb/vendor/laravel/framework/src/Illuminate/Session/Middleware/StartSession.php(64): Illuminate\\Session\\Middleware\\StartSession->handleStatefulRequest()
#30 /home/franco/Venta_De_Autopartes/AplicacionesWeb/vendor/laravel/framework/src/Illuminate/Pipeline/Pipeline.php(183): Illuminate\\Session\\Middleware\\StartSession->handle()
#31 /home/franco/Venta_De_Autopartes/AplicacionesWeb/vendor/laravel/framework/src/Illuminate/Cookie/Middleware/AddQueuedCookiesToResponse.php(37): Illuminate\\Pipeline\\Pipeline->Illuminate\\Pipeline\\{closure}()
#32 /home/franco/Venta_De_Autopartes/AplicacionesWeb/vendor/laravel/framework/src/Illuminate/Pipeline/Pipeline.php(183): Illuminate\\Cookie\\Middleware\\AddQueuedCookiesToResponse->handle()
#33 /home/franco/Venta_De_Autopartes/AplicacionesWeb/vendor/laravel/framework/src/Illuminate/Cookie/Middleware/EncryptCookies.php(67): Illuminate\\Pipeline\\Pipeline->Illuminate\\Pipeline\\{closure}()
#34 /home/franco/Venta_De_Autopartes/AplicacionesWeb/vendor/laravel/framework/src/Illuminate/Pipeline/Pipeline.php(183): Illuminate\\Cookie\\Middleware\\EncryptCookies->handle()
#35 /home/franco/Venta_De_Autopartes/AplicacionesWeb/vendor/laravel/framework/src/Illuminate/Pipeline/Pipeline.php(119): Illuminate\\Pipeline\\Pipeline->Illuminate\\Pipeline\\{closure}()
#36 /home/franco/Venta_De_Autopartes/AplicacionesWeb/vendor/laravel/framework/src/Illuminate/Routing/Router.php(807): Illuminate\\Pipeline\\Pipeline->then()
#37 /home/franco/Venta_De_Autopartes/AplicacionesWeb/vendor/laravel/framework/src/Illuminate/Routing/Router.php(784): Illuminate\\Routing\\Router->runRouteWithinStack()
#38 /home/franco/Venta_De_Autopartes/AplicacionesWeb/vendor/laravel/framework/src/Illuminate/Routing/Router.php(748): Illuminate\\Routing\\Router->runRoute()
#39 /home/franco/Venta_De_Autopartes/AplicacionesWeb/vendor/laravel/framework/src/Illuminate/Routing/Router.php(737): Illuminate\\Routing\\Router->dispatchToRoute()
#40 /home/franco/Venta_De_Autopartes/AplicacionesWeb/vendor/laravel/framework/src/Illuminate/Foundation/Http/Kernel.php(200): Illuminate\\Routing\\Router->dispatch()
#41 /home/franco/Venta_De_Autopartes/AplicacionesWeb/vendor/laravel/framework/src/Illuminate/Pipeline/Pipeline.php(144): Illuminate\\Foundation\\Http\\Kernel->Illuminate\\Foundation\\Http\\{closure}()
#42 /home/franco/Venta_De_Autopartes/AplicacionesWeb/vendor/laravel/framework/src/Illuminate/Foundation/Http/Middleware/TransformsRequest.php(21): Illuminate\\Pipeline\\Pipeline->Illuminate\\Pipeline\\{closure}()
#43 /home/franco/Venta_De_Autopartes/AplicacionesWeb/vendor/laravel/framework/src/Illuminate/Foundation/Http/Middleware/ConvertEmptyStringsToNull.php(31): Illuminate\\Foundation\\Http\\Middleware\\TransformsRequest->handle()
#44 /home/franco/Venta_De_Autopartes/AplicacionesWeb/vendor/laravel/framework/src/Illuminate/Pipeline/Pipeline.php(183): Illuminate\\Foundation\\Http\\Middleware\\ConvertEmptyStringsToNull->handle()
#45 /home/franco/Venta_De_Autopartes/AplicacionesWeb/vendor/laravel/framework/src/Illuminate/Foundation/Http/Middleware/TransformsRequest.php(21): Illuminate\\Pipeline\\Pipeline->Illuminate\\Pipeline\\{closure}()
#46 /home/franco/Venta_De_Autopartes/AplicacionesWeb/vendor/laravel/framework/src/Illuminate/Foundation/Http/Middleware/TrimStrings.php(40): Illuminate\\Foundation\\Http\\Middleware\\TransformsRequest->handle()
#47 /home/franco/Venta_De_Autopartes/AplicacionesWeb/vendor/laravel/framework/src/Illuminate/Pipeline/Pipeline.php(183): Illuminate\\Foundation\\Http\\Middleware\\TrimStrings->handle()
#48 /home/franco/Venta_De_Autopartes/AplicacionesWeb/vendor/laravel/framework/src/Illuminate/Foundation/Http/Middleware/ValidatePostSize.php(27): Illuminate\\Pipeline\\Pipeline->Illuminate\\Pipeline\\{closure}()
#49 /home/franco/Venta_De_Autopartes/AplicacionesWeb/vendor/laravel/framework/src/Illuminate/Pipeline/Pipeline.php(183): Illuminate\\Foundation\\Http\\Middleware\\ValidatePostSize->handle()
#50 /home/franco/Venta_De_Autopartes/AplicacionesWeb/vendor/laravel/framework/src/Illuminate/Foundation/Http/Middleware/PreventRequestsDuringMaintenance.php(99): Illuminate\\Pipeline\\Pipeline->Illuminate\\Pipeline\\{closure}()
#51 /home/franco/Venta_De_Autopartes/AplicacionesWeb/vendor/laravel/framework/src/Illuminate/Pipeline/Pipeline.php(183): Illuminate\\Foundation\\Http\\Middleware\\PreventRequestsDuringMaintenance->handle()
#52 /home/franco/Venta_De_Autopartes/AplicacionesWeb/vendor/laravel/framework/src/Illuminate/Http/Middleware/HandleCors.php(49): Illuminate\\Pipeline\\Pipeline->Illuminate\\Pipeline\\{closure}()
#53 /home/franco/Venta_De_Autopartes/AplicacionesWeb/vendor/laravel/framework/src/Illuminate/Pipeline/Pipeline.php(183): Illuminate\\Http\\Middleware\\HandleCors->handle()
#54 /home/franco/Venta_De_Autopartes/AplicacionesWeb/vendor/laravel/framework/src/Illuminate/Http/Middleware/TrustProxies.php(39): Illuminate\\Pipeline\\Pipeline->Illuminate\\Pipeline\\{closure}()
#55 /home/franco/Venta_De_Autopartes/AplicacionesWeb/vendor/laravel/framework/src/Illuminate/Pipeline/Pipeline.php(183): Illuminate\\Http\\Middleware\\TrustProxies->handle()
#56 /home/franco/Venta_De_Autopartes/AplicacionesWeb/vendor/laravel/framework/src/Illuminate/Pipeline/Pipeline.php(119): Illuminate\\Pipeline\\Pipeline->Illuminate\\Pipeline\\{closure}()
#57 /home/franco/Venta_De_Autopartes/AplicacionesWeb/vendor/laravel/framework/src/Illuminate/Foundation/Http/Kernel.php(175): Illuminate\\Pipeline\\Pipeline->then()
#58 /home/franco/Venta_De_Autopartes/AplicacionesWeb/vendor/laravel/framework/src/Illuminate/Foundation/Http/Kernel.php(144): Illuminate\\Foundation\\Http\\Kernel->sendRequestThroughRouter()
#59 /home/franco/Venta_De_Autopartes/AplicacionesWeb/public/index.php(52): Illuminate\\Foundation\\Http\\Kernel->handle()
#60 /home/franco/Venta_De_Autopartes/AplicacionesWeb/vendor/laravel/framework/src/Illuminate/Foundation/resources/server.php(16): require_once('...')
#61 {main}

[previous exception] [object] (PDOException(code: 42703): SQLSTATE[42703]: Undefined column: 7 ERROR:  column \"role\" of relation \"users\" does not exist
LINE 1: insert into \"users\" (\"name\", \"email\", \"password\", \"role\", \"u...
                                                          ^ at /home/franco/Venta_De_Autopartes/AplicacionesWeb/vendor/laravel/framework/src/Illuminate/Database/Connection.php:428)
[stacktrace]
#0 /home/franco/Venta_De_Autopartes/AplicacionesWeb/vendor/laravel/framework/src/Illuminate/Database/Connection.php(428): PDOStatement->execute()
#1 /home/franco/Venta_De_Autopartes/AplicacionesWeb/vendor/laravel/framework/src/Illuminate/Database/Connection.php(816): Illuminate\\Database\\Connection->Illuminate\\Database\\{closure}()
#2 /home/franco/Venta_De_Autopartes/AplicacionesWeb/vendor/laravel/framework/src/Illuminate/Database/Connection.php(783): Illuminate\\Database\\Connection->runQueryCallback()
#3 /home/franco/Venta_De_Autopartes/AplicacionesWeb/vendor/laravel/framework/src/Illuminate/Database/Connection.php(431): Illuminate\\Database\\Connection->run()
#4 /home/franco/Venta_De_Autopartes/AplicacionesWeb/vendor/laravel/framework/src/Illuminate/Database/Connection.php(401): Illuminate\\Database\\Connection->select()
#5 /home/franco/Venta_De_Autopartes/AplicacionesWeb/vendor/laravel/framework/src/Illuminate/Database/Query/Processors/PostgresProcessor.php(24): Illuminate\\Database\\Connection->selectFromWriteConnection()
#6 /home/franco/Venta_De_Autopartes/AplicacionesWeb/vendor/laravel/framework/src/Illuminate/Database/Query/Builder.php(3507): Illuminate\\Database\\Query\\Processors\\PostgresProcessor->processInsertGetId()
#7 /home/franco/Venta_De_Autopartes/AplicacionesWeb/vendor/laravel/framework/src/Illuminate/Database/Eloquent/Builder.php(1982): Illuminate\\Database\\Query\\Builder->insertGetId()
#8 /home/franco/Venta_De_Autopartes/AplicacionesWeb/vendor/laravel/framework/src/Illuminate/Database/Eloquent/Model.php(1333): Illuminate\\Database\\Eloquent\\Builder->__call()
#9 /home/franco/Venta_De_Autopartes/AplicacionesWeb/vendor/laravel/framework/src/Illuminate/Database/Eloquent/Model.php(1298): Illuminate\\Database\\Eloquent\\Model->insertAndSetId()
#10 /home/franco/Venta_De_Autopartes/AplicacionesWeb/vendor/laravel/framework/src/Illuminate/Database/Eloquent/Model.php(1137): Illuminate\\Database\\Eloquent\\Model->performInsert()
#11 /home/franco/Venta_De_Autopartes/AplicacionesWeb/vendor/laravel/framework/src/Illuminate/Database/Eloquent/Builder.php(1025): Illuminate\\Database\\Eloquent\\Model->save()
#12 /home/franco/Venta_De_Autopartes/AplicacionesWeb/vendor/laravel/framework/src/Illuminate/Support/helpers.php(307): Illuminate\\Database\\Eloquent\\Builder->Illuminate\\Database\\Eloquent\\{closure}()
#13 /home/franco/Venta_De_Autopartes/AplicacionesWeb/vendor/laravel/framework/src/Illuminate/Database/Eloquent/Builder.php(1026): tap()
#14 /home/franco/Venta_De_Autopartes/AplicacionesWeb/vendor/laravel/framework/src/Illuminate/Support/Traits/ForwardsCalls.php(23): Illuminate\\Database\\Eloquent\\Builder->create()
#15 /home/franco/Venta_De_Autopartes/AplicacionesWeb/vendor/laravel/framework/src/Illuminate/Database/Eloquent/Model.php(2334): Illuminate\\Database\\Eloquent\\Model->forwardCallTo()
#16 /home/franco/Venta_De_Autopartes/AplicacionesWeb/vendor/laravel/framework/src/Illuminate/Database/Eloquent/Model.php(2346): Illuminate\\Database\\Eloquent\\Model->__call()
#17 /home/franco/Venta_De_Autopartes/AplicacionesWeb/app/Http/Controllers/AuthController.php(31): Illuminate\\Database\\Eloquent\\Model::__callStatic()
#18 /home/franco/Venta_De_Autopartes/AplicacionesWeb/vendor/laravel/framework/src/Illuminate/Routing/Controller.php(54): App\\Http\\Controllers\\AuthController->register()
#19 /home/franco/Venta_De_Autopartes/AplicacionesWeb/vendor/laravel/framework/src/Illuminate/Routing/ControllerDispatcher.php(43): Illuminate\\Routing\\Controller->callAction()
#20 /home/franco/Venta_De_Autopartes/AplicacionesWeb/vendor/laravel/framework/src/Illuminate/Routing/Route.php(260): Illuminate\\Routing\\ControllerDispatcher->dispatch()
#21 /home/franco/Venta_De_Autopartes/AplicacionesWeb/vendor/laravel/framework/src/Illuminate/Routing/Route.php(205): Illuminate\\Routing\\Route->runController()
#22 /home/franco/Venta_De_Autopartes/AplicacionesWeb/vendor/laravel/framework/src/Illuminate/Routing/Router.php(806): Illuminate\\Routing\\Route->run()
#23 /home/franco/Venta_De_Autopartes/AplicacionesWeb/vendor/laravel/framework/src/Illuminate/Pipeline/Pipeline.php(144): Illuminate\\Routing\\Router->Illuminate\\Routing\\{closure}()
#24 /home/franco/Venta_De_Autopartes/AplicacionesWeb/vendor/laravel/framework/src/Illuminate/Routing/Middleware/SubstituteBindings.php(50): Illuminate\\Pipeline\\Pipeline->Illuminate\\Pipeline\\{closure}()
#25 /home/franco/Venta_De_Autopartes/AplicacionesWeb/vendor/laravel/framework/src/Illuminate/Pipeline/Pipeline.php(183): Illuminate\\Routing\\Middleware\\SubstituteBindings->handle()
#26 /home/franco/Venta_De_Autopartes/AplicacionesWeb/vendor/laravel/framework/src/Illuminate/Foundation/Http/Middleware/VerifyCsrfToken.php(78): Illuminate\\Pipeline\\Pipeline->Illuminate\\Pipeline\\{closure}()
#27 /home/franco/Venta_De_Autopartes/AplicacionesWeb/vendor/laravel/framework/src/Illuminate/Pipeline/Pipeline.php(183): Illuminate\\Foundation\\Http\\Middleware\\VerifyCsrfToken->handle()
#28 /home/franco/Venta_De_Autopartes/AplicacionesWeb/vendor/laravel/framework/src/Illuminate/View/Middleware/ShareErrorsFromSession.php(49): Illuminate\\Pipeline\\Pipeline->Illuminate\\Pipeline\\{closure}()
#29 /home/franco/Venta_De_Autopartes/AplicacionesWeb/vendor/laravel/framework/src/Illuminate/Pipeline/Pipeline.php(183): Illuminate\\View\\Middleware\\ShareErrorsFromSession->handle()
#30 /home/franco/Venta_De_Autopartes/AplicacionesWeb/vendor/laravel/framework/src/Illuminate/Session/Middleware/StartSession.php(121): Illuminate\\Pipeline\\Pipeline->Illuminate\\Pipeline\\{closure}()
#31 /home/franco/Venta_De_Autopartes/AplicacionesWeb/vendor/laravel/framework/src/Illuminate/Session/Middleware/StartSession.php(64): Illuminate\\Session\\Middleware\\StartSession->handleStatefulRequest()
#32 /home/franco/Venta_De_Autopartes/AplicacionesWeb/vendor/laravel/framework/src/Illuminate/Pipeline/Pipeline.php(183): Illuminate\\Session\\Middleware\\StartSession->handle()
#33 /home/franco/Venta_De_Autopartes/AplicacionesWeb/vendor/laravel/framework/src/Illuminate/Cookie/Middleware/AddQueuedCookiesToResponse.php(37): Illuminate\\Pipeline\\Pipeline->Illuminate\\Pipeline\\{closure}()
#34 /home/franco/Venta_De_Autopartes/AplicacionesWeb/vendor/laravel/framework/src/Illuminate/Pipeline/Pipeline.php(183): Illuminate\\Cookie\\Middleware\\AddQueuedCookiesToResponse->handle()
#35 /home/franco/Venta_De_Autopartes/AplicacionesWeb/vendor/laravel/framework/src/Illuminate/Cookie/Middleware/EncryptCookies.php(67): Illuminate\\Pipeline\\Pipeline->Illuminate\\Pipeline\\{closure}()
#36 /home/franco/Venta_De_Autopartes/AplicacionesWeb/vendor/laravel/framework/src/Illuminate/Pipeline/Pipeline.php(183): Illuminate\\Cookie\\Middleware\\EncryptCookies->handle()
#37 /home/franco/Venta_De_Autopartes/AplicacionesWeb/vendor/laravel/framework/src/Illuminate/Pipeline/Pipeline.php(119): Illuminate\\Pipeline\\Pipeline->Illuminate\\Pipeline\\{closure}()
#38 /home/franco/Venta_De_Autopartes/AplicacionesWeb/vendor/laravel/framework/src/Illuminate/Routing/Router.php(807): Illuminate\\Pipeline\\Pipeline->then()
#39 /home/franco/Venta_De_Autopartes/AplicacionesWeb/vendor/laravel/framework/src/Illuminate/Routing/Router.php(784): Illuminate\\Routing\\Router->runRouteWithinStack()
#40 /home/franco/Venta_De_Autopartes/AplicacionesWeb/vendor/laravel/framework/src/Illuminate/Routing/Router.php(748): Illuminate\\Routing\\Router->runRoute()
#41 /home/franco/Venta_De_Autopartes/AplicacionesWeb/vendor/laravel/framework/src/Illuminate/Routing/Router.php(737): Illuminate\\Routing\\Router->dispatchToRoute()
#42 /home/franco/Venta_De_Autopartes/AplicacionesWeb/vendor/laravel/framework/src/Illuminate/Foundation/Http/Kernel.php(200): Illuminate\\Routing\\Router->dispatch()
#43 /home/franco/Venta_De_Autopartes/AplicacionesWeb/vendor/laravel/framework/src/Illuminate/Pipeline/Pipeline.php(144): Illuminate\\Foundation\\Http\\Kernel->Illuminate\\Foundation\\Http\\{closure}()
#44 /home/franco/Venta_De_Autopartes/AplicacionesWeb/vendor/laravel/framework/src/Illuminate/Foundation/Http/Middleware/TransformsRequest.php(21): Illuminate\\Pipeline\\Pipeline->Illuminate\\Pipeline\\{closure}()
#45 /home/franco/Venta_De_Autopartes/AplicacionesWeb/vendor/laravel/framework/src/Illuminate/Foundation/Http/Middleware/ConvertEmptyStringsToNull.php(31): Illuminate\\Foundation\\Http\\Middleware\\TransformsRequest->handle()
#46 /home/franco/Venta_De_Autopartes/AplicacionesWeb/vendor/laravel/framework/src/Illuminate/Pipeline/Pipeline.php(183): Illuminate\\Foundation\\Http\\Middleware\\ConvertEmptyStringsToNull->handle()
#47 /home/franco/Venta_De_Autopartes/AplicacionesWeb/vendor/laravel/framework/src/Illuminate/Foundation/Http/Middleware/TransformsRequest.php(21): Illuminate\\Pipeline\\Pipeline->Illuminate\\Pipeline\\{closure}()
#48 /home/franco/Venta_De_Autopartes/AplicacionesWeb/vendor/laravel/framework/src/Illuminate/Foundation/Http/Middleware/TrimStrings.php(40): Illuminate\\Foundation\\Http\\Middleware\\TransformsRequest->handle()
#49 /home/franco/Venta_De_Autopartes/AplicacionesWeb/vendor/laravel/framework/src/Illuminate/Pipeline/Pipeline.php(183): Illuminate\\Foundation\\Http\\Middleware\\TrimStrings->handle()
#50 /home/franco/Venta_De_Autopartes/AplicacionesWeb/vendor/laravel/framework/src/Illuminate/Foundation/Http/Middleware/ValidatePostSize.php(27): Illuminate\\Pipeline\\Pipeline->Illuminate\\Pipeline\\{closure}()
#51 /home/franco/Venta_De_Autopartes/AplicacionesWeb/vendor/laravel/framework/src/Illuminate/Pipeline/Pipeline.php(183): Illuminate\\Foundation\\Http\\Middleware\\ValidatePostSize->handle()
#52 /home/franco/Venta_De_Autopartes/AplicacionesWeb/vendor/laravel/framework/src/Illuminate/Foundation/Http/Middleware/PreventRequestsDuringMaintenance.php(99): Illuminate\\Pipeline\\Pipeline->Illuminate\\Pipeline\\{closure}()
#53 /home/franco/Venta_De_Autopartes/AplicacionesWeb/vendor/laravel/framework/src/Illuminate/Pipeline/Pipeline.php(183): Illuminate\\Foundation\\Http\\Middleware\\PreventRequestsDuringMaintenance->handle()
#54 /home/franco/Venta_De_Autopartes/AplicacionesWeb/vendor/laravel/framework/src/Illuminate/Http/Middleware/HandleCors.php(49): Illuminate\\Pipeline\\Pipeline->Illuminate\\Pipeline\\{closure}()
#55 /home/franco/Venta_De_Autopartes/AplicacionesWeb/vendor/laravel/framework/src/Illuminate/Pipeline/Pipeline.php(183): Illuminate\\Http\\Middleware\\HandleCors->handle()
#56 /home/franco/Venta_De_Autopartes/AplicacionesWeb/vendor/laravel/framework/src/Illuminate/Http/Middleware/TrustProxies.php(39): Illuminate\\Pipeline\\Pipeline->Illuminate\\Pipeline\\{closure}()
#57 /home/franco/Venta_De_Autopartes/AplicacionesWeb/vendor/laravel/framework/src/Illuminate/Pipeline/Pipeline.php(183): Illuminate\\Http\\Middleware\\TrustProxies->handle()
#58 /home/franco/Venta_De_Autopartes/AplicacionesWeb/vendor/laravel/framework/src/Illuminate/Pipeline/Pipeline.php(119): Illuminate\\Pipeline\\Pipeline->Illuminate\\Pipeline\\{closure}()
#59 /home/franco/Venta_De_Autopartes/AplicacionesWeb/vendor/laravel/framework/src/Illuminate/Foundation/Http/Kernel.php(175): Illuminate\\Pipeline\\Pipeline->then()
#60 /home/franco/Venta_De_Autopartes/AplicacionesWeb/vendor/laravel/framework/src/Illuminate/Foundation/Http/Kernel.php(144): Illuminate\\Foundation\\Http\\Kernel->sendRequestThroughRouter()
#61 /home/franco/Venta_De_Autopartes/AplicacionesWeb/public/index.php(52): Illuminate\\Foundation\\Http\\Kernel->handle()
#62 /home/franco/Venta_De_Autopartes/AplicacionesWeb/vendor/laravel/framework/src/Illuminate/Foundation/resources/server.php(16): require_once('...')
#63 {main}
"} 
[2026-03-12 20:25:53] local.ERROR: SQLSTATE[42703]: Undefined column: 7 ERROR:  column "role" of relation "users" does not exist
LINE 1: insert into "users" ("name", "email", "password", "role", "u...
                                                          ^ (Connection: pgsql, SQL: insert into "users" ("name", "email", "password", "role", "updated_at", "created_at") values (Empleado Franco 143, franco92tw@gmail.com, $2y$12$1YIDRnmGe0X7FJLhsx7DOuv13D3oYVoFJ33t1rg7hU7VJUDhbDPIS, Empleado, 2026-03-12 20:25:52, 2026-03-12 20:25:52) returning "id") {"exception":"[object] (Illuminate\\Database\\QueryException(code: 42703): SQLSTATE[42703]: Undefined column: 7 ERROR:  column \"role\" of relation \"users\" does not exist
LINE 1: insert into \"users\" (\"name\", \"email\", \"password\", \"role\", \"u...
                                                          ^ (Connection: pgsql, SQL: insert into \"users\" (\"name\", \"email\", \"password\", \"role\", \"updated_at\", \"created_at\") values (Empleado Franco 143, franco92tw@gmail.com, $2y$12$1YIDRnmGe0X7FJLhsx7DOuv13D3oYVoFJ33t1rg7hU7VJUDhbDPIS, Empleado, 2026-03-12 20:25:52, 2026-03-12 20:25:52) returning \"id\") at /home/franco/Venta_De_Autopartes/AplicacionesWeb/vendor/laravel/framework/src/Illuminate/Database/Connection.php:829)
[stacktrace]
#0 /home/franco/Venta_De_Autopartes/AplicacionesWeb/vendor/laravel/framework/src/Illuminate/Database/Connection.php(783): Illuminate\\Database\\Connection->runQueryCallback()
#1 /home/franco/Venta_De_Autopartes/AplicacionesWeb/vendor/laravel/framework/src/Illuminate/Database/Connection.php(431): Illuminate\\Database\\Connection->run()
#2 /home/franco/Venta_De_Autopartes/AplicacionesWeb/vendor/laravel/framework/src/Illuminate/Database/Connection.php(401): Illuminate\\Database\\Connection->select()
#3 /home/franco/Venta_De_Autopartes/AplicacionesWeb/vendor/laravel/framework/src/Illuminate/Database/Query/Processors/PostgresProcessor.php(24): Illuminate\\Database\\Connection->selectFromWriteConnection()
#4 /home/franco/Venta_De_Autopartes/AplicacionesWeb/vendor/laravel/framework/src/Illuminate/Database/Query/Builder.php(3507): Illuminate\\Database\\Query\\Processors\\PostgresProcessor->processInsertGetId()
#5 /home/franco/Venta_De_Autopartes/AplicacionesWeb/vendor/laravel/framework/src/Illuminate/Database/Eloquent/Builder.php(1982): Illuminate\\Database\\Query\\Builder->insertGetId()
#6 /home/franco/Venta_De_Autopartes/AplicacionesWeb/vendor/laravel/framework/src/Illuminate/Database/Eloquent/Model.php(1333): Illuminate\\Database\\Eloquent\\Builder->__call()
#7 /home/franco/Venta_De_Autopartes/AplicacionesWeb/vendor/laravel/framework/src/Illuminate/Database/Eloquent/Model.php(1298): Illuminate\\Database\\Eloquent\\Model->insertAndSetId()
#8 /home/franco/Venta_De_Autopartes/AplicacionesWeb/vendor/laravel/framework/src/Illuminate/Database/Eloquent/Model.php(1137): Illuminate\\Database\\Eloquent\\Model->performInsert()
#9 /home/franco/Venta_De_Autopartes/AplicacionesWeb/vendor/laravel/framework/src/Illuminate/Database/Eloquent/Builder.php(1025): Illuminate\\Database\\Eloquent\\Model->save()
#10 /home/franco/Venta_De_Autopartes/AplicacionesWeb/vendor/laravel/framework/src/Illuminate/Support/helpers.php(307): Illuminate\\Database\\Eloquent\\Builder->Illuminate\\Database\\Eloquent\\{closure}()
#11 /home/franco/Venta_De_Autopartes/AplicacionesWeb/vendor/laravel/framework/src/Illuminate/Database/Eloquent/Builder.php(1026): tap()
#12 /home/franco/Venta_De_Autopartes/AplicacionesWeb/vendor/laravel/framework/src/Illuminate/Support/Traits/ForwardsCalls.php(23): Illuminate\\Database\\Eloquent\\Builder->create()
#13 /home/franco/Venta_De_Autopartes/AplicacionesWeb/vendor/laravel/framework/src/Illuminate/Database/Eloquent/Model.php(2334): Illuminate\\Database\\Eloquent\\Model->forwardCallTo()
#14 /home/franco/Venta_De_Autopartes/AplicacionesWeb/vendor/laravel/framework/src/Illuminate/Database/Eloquent/Model.php(2346): Illuminate\\Database\\Eloquent\\Model->__call()
#15 /home/franco/Venta_De_Autopartes/AplicacionesWeb/app/Http/Controllers/AuthController.php(31): Illuminate\\Database\\Eloquent\\Model::__callStatic()
#16 /home/franco/Venta_De_Autopartes/AplicacionesWeb/vendor/laravel/framework/src/Illuminate/Routing/Controller.php(54): App\\Http\\Controllers\\AuthController->register()
#17 /home/franco/Venta_De_Autopartes/AplicacionesWeb/vendor/laravel/framework/src/Illuminate/Routing/ControllerDispatcher.php(43): Illuminate\\Routing\\Controller->callAction()
#18 /home/franco/Venta_De_Autopartes/AplicacionesWeb/vendor/laravel/framework/src/Illuminate/Routing/Route.php(260): Illuminate\\Routing\\ControllerDispatcher->dispatch()
#19 /home/franco/Venta_De_Autopartes/AplicacionesWeb/vendor/laravel/framework/src/Illuminate/Routing/Route.php(205): Illuminate\\Routing\\Route->runController()
#20 /home/franco/Venta_De_Autopartes/AplicacionesWeb/vendor/laravel/framework/src/Illuminate/Routing/Router.php(806): Illuminate\\Routing\\Route->run()
#21 /home/franco/Venta_De_Autopartes/AplicacionesWeb/vendor/laravel/framework/src/Illuminate/Pipeline/Pipeline.php(144): Illuminate\\Routing\\Router->Illuminate\\Routing\\{closure}()
#22 /home/franco/Venta_De_Autopartes/AplicacionesWeb/vendor/laravel/framework/src/Illuminate/Routing/Middleware/SubstituteBindings.php(50): Illuminate\\Pipeline\\Pipeline->Illuminate\\Pipeline\\{closure}()
#23 /home/franco/Venta_De_Autopartes/AplicacionesWeb/vendor/laravel/framework/src/Illuminate/Pipeline/Pipeline.php(183): Illuminate\\Routing\\Middleware\\SubstituteBindings->handle()
#24 /home/franco/Venta_De_Autopartes/AplicacionesWeb/vendor/laravel/framework/src/Illuminate/Foundation/Http/Middleware/VerifyCsrfToken.php(78): Illuminate\\Pipeline\\Pipeline->Illuminate\\Pipeline\\{closure}()
#25 /home/franco/Venta_De_Autopartes/AplicacionesWeb/vendor/laravel/framework/src/Illuminate/Pipeline/Pipeline.php(183): Illuminate\\Foundation\\Http\\Middleware\\VerifyCsrfToken->handle()
#26 /home/franco/Venta_De_Autopartes/AplicacionesWeb/vendor/laravel/framework/src/Illuminate/View/Middleware/ShareErrorsFromSession.php(49): Illuminate\\Pipeline\\Pipeline->Illuminate\\Pipeline\\{closure}()
#27 /home/franco/Venta_De_Autopartes/AplicacionesWeb/vendor/laravel/framework/src/Illuminate/Pipeline/Pipeline.php(183): Illuminate\\View\\Middleware\\ShareErrorsFromSession->handle()
#28 /home/franco/Venta_De_Autopartes/AplicacionesWeb/vendor/laravel/framework/src/Illuminate/Session/Middleware/StartSession.php(121): Illuminate\\Pipeline\\Pipeline->Illuminate\\Pipeline\\{closure}()
#29 /home/franco/Venta_De_Autopartes/AplicacionesWeb/vendor/laravel/framework/src/Illuminate/Session/Middleware/StartSession.php(64): Illuminate\\Session\\Middleware\\StartSession->handleStatefulRequest()
#30 /home/franco/Venta_De_Autopartes/AplicacionesWeb/vendor/laravel/framework/src/Illuminate/Pipeline/Pipeline.php(183): Illuminate\\Session\\Middleware\\StartSession->handle()
#31 /home/franco/Venta_De_Autopartes/AplicacionesWeb/vendor/laravel/framework/src/Illuminate/Cookie/Middleware/AddQueuedCookiesToResponse.php(37): Illuminate\\Pipeline\\Pipeline->Illuminate\\Pipeline\\{closure}()
#32 /home/franco/Venta_De_Autopartes/AplicacionesWeb/vendor/laravel/framework/src/Illuminate/Pipeline/Pipeline.php(183): Illuminate\\Cookie\\Middleware\\AddQueuedCookiesToResponse->handle()
#33 /home/franco/Venta_De_Autopartes/AplicacionesWeb/vendor/laravel/framework/src/Illuminate/Cookie/Middleware/EncryptCookies.php(67): Illuminate\\Pipeline\\Pipeline->Illuminate\\Pipeline\\{closure}()
#34 /home/franco/Venta_De_Autopartes/AplicacionesWeb/vendor/laravel/framework/src/Illuminate/Pipeline/Pipeline.php(183): Illuminate\\Cookie\\Middleware\\EncryptCookies->handle()
#35 /home/franco/Venta_De_Autopartes/AplicacionesWeb/vendor/laravel/framework/src/Illuminate/Pipeline/Pipeline.php(119): Illuminate\\Pipeline\\Pipeline->Illuminate\\Pipeline\\{closure}()
#36 /home/franco/Venta_De_Autopartes/AplicacionesWeb/vendor/laravel/framework/src/Illuminate/Routing/Router.php(807): Illuminate\\Pipeline\\Pipeline->then()
#37 /home/franco/Venta_De_Autopartes/AplicacionesWeb/vendor/laravel/framework/src/Illuminate/Routing/Router.php(784): Illuminate\\Routing\\Router->runRouteWithinStack()
#38 /home/franco/Venta_De_Autopartes/AplicacionesWeb/vendor/laravel/framework/src/Illuminate/Routing/Router.php(748): Illuminate\\Routing\\Router->runRoute()
#39 /home/franco/Venta_De_Autopartes/AplicacionesWeb/vendor/laravel/framework/src/Illuminate/Routing/Router.php(737): Illuminate\\Routing\\Router->dispatchToRoute()
#40 /home/franco/Venta_De_Autopartes/AplicacionesWeb/vendor/laravel/framework/src/Illuminate/Foundation/Http/Kernel.php(200): Illuminate\\Routing\\Router->dispatch()
#41 /home/franco/Venta_De_Autopartes/AplicacionesWeb/vendor/laravel/framework/src/Illuminate/Pipeline/Pipeline.php(144): Illuminate\\Foundation\\Http\\Kernel->Illuminate\\Foundation\\Http\\{closure}()
#42 /home/franco/Venta_De_Autopartes/AplicacionesWeb/vendor/laravel/framework/src/Illuminate/Foundation/Http/Middleware/TransformsRequest.php(21): Illuminate\\Pipeline\\Pipeline->Illuminate\\Pipeline\\{closure}()
#43 /home/franco/Venta_De_Autopartes/AplicacionesWeb/vendor/laravel/framework/src/Illuminate/Foundation/Http/Middleware/ConvertEmptyStringsToNull.php(31): Illuminate\\Foundation\\Http\\Middleware\\TransformsRequest->handle()
#44 /home/franco/Venta_De_Autopartes/AplicacionesWeb/vendor/laravel/framework/src/Illuminate/Pipeline/Pipeline.php(183): Illuminate\\Foundation\\Http\\Middleware\\ConvertEmptyStringsToNull->handle()
#45 /home/franco/Venta_De_Autopartes/AplicacionesWeb/vendor/laravel/framework/src/Illuminate/Foundation/Http/Middleware/TransformsRequest.php(21): Illuminate\\Pipeline\\Pipeline->Illuminate\\Pipeline\\{closure}()
#46 /home/franco/Venta_De_Autopartes/AplicacionesWeb/vendor/laravel/framework/src/Illuminate/Foundation/Http/Middleware/TrimStrings.php(40): Illuminate\\Foundation\\Http\\Middleware\\TransformsRequest->handle()
#47 /home/franco/Venta_De_Autopartes/AplicacionesWeb/vendor/laravel/framework/src/Illuminate/Pipeline/Pipeline.php(183): Illuminate\\Foundation\\Http\\Middleware\\TrimStrings->handle()
#48 /home/franco/Venta_De_Autopartes/AplicacionesWeb/vendor/laravel/framework/src/Illuminate/Foundation/Http/Middleware/ValidatePostSize.php(27): Illuminate\\Pipeline\\Pipeline->Illuminate\\Pipeline\\{closure}()
#49 /home/franco/Venta_De_Autopartes/AplicacionesWeb/vendor/laravel/framework/src/Illuminate/Pipeline/Pipeline.php(183): Illuminate\\Foundation\\Http\\Middleware\\ValidatePostSize->handle()
#50 /home/franco/Venta_De_Autopartes/AplicacionesWeb/vendor/laravel/framework/src/Illuminate/Foundation/Http/Middleware/PreventRequestsDuringMaintenance.php(99): Illuminate\\Pipeline\\Pipeline->Illuminate\\Pipeline\\{closure}()
#51 /home/franco/Venta_De_Autopartes/AplicacionesWeb/vendor/laravel/framework/src/Illuminate/Pipeline/Pipeline.php(183): Illuminate\\Foundation\\Http\\Middleware\\PreventRequestsDuringMaintenance->handle()
#52 /home/franco/Venta_De_Autopartes/AplicacionesWeb/vendor/laravel/framework/src/Illuminate/Http/Middleware/HandleCors.php(49): Illuminate\\Pipeline\\Pipeline->Illuminate\\Pipeline\\{closure}()
#53 /home/franco/Venta_De_Autopartes/AplicacionesWeb/vendor/laravel/framework/src/Illuminate/Pipeline/Pipeline.php(183): Illuminate\\Http\\Middleware\\HandleCors->handle()
#54 /home/franco/Venta_De_Autopartes/AplicacionesWeb/vendor/laravel/framework/src/Illuminate/Http/Middleware/TrustProxies.php(39): Illuminate\\Pipeline\\Pipeline->Illuminate\\Pipeline\\{closure}()
#55 /home/franco/Venta_De_Autopartes/AplicacionesWeb/vendor/laravel/framework/src/Illuminate/Pipeline/Pipeline.php(183): Illuminate\\Http\\Middleware\\TrustProxies->handle()
#56 /home/franco/Venta_De_Autopartes/AplicacionesWeb/vendor/laravel/framework/src/Illuminate/Pipeline/Pipeline.php(119): Illuminate\\Pipeline\\Pipeline->Illuminate\\Pipeline\\{closure}()
#57 /home/franco/Venta_De_Autopartes/AplicacionesWeb/vendor/laravel/framework/src/Illuminate/Foundation/Http/Kernel.php(175): Illuminate\\Pipeline\\Pipeline->then()
#58 /home/franco/Venta_De_Autopartes/AplicacionesWeb/vendor/laravel/framework/src/Illuminate/Foundation/Http/Kernel.php(144): Illuminate\\Foundation\\Http\\Kernel->sendRequestThroughRouter()
#59 /home/franco/Venta_De_Autopartes/AplicacionesWeb/public/index.php(52): Illuminate\\Foundation\\Http\\Kernel->handle()
#60 /home/franco/Venta_De_Autopartes/AplicacionesWeb/vendor/laravel/framework/src/Illuminate/Foundation/resources/server.php(16): require_once('...')
#61 {main}

[previous exception] [object] (PDOException(code: 42703): SQLSTATE[42703]: Undefined column: 7 ERROR:  column \"role\" of relation \"users\" does not exist
LINE 1: insert into \"users\" (\"name\", \"email\", \"password\", \"role\", \"u...
                                                          ^ at /home/franco/Venta_De_Autopartes/AplicacionesWeb/vendor/laravel/framework/src/Illuminate/Database/Connection.php:428)
[stacktrace]
#0 /home/franco/Venta_De_Autopartes/AplicacionesWeb/vendor/laravel/framework/src/Illuminate/Database/Connection.php(428): PDOStatement->execute()
#1 /home/franco/Venta_De_Autopartes/AplicacionesWeb/vendor/laravel/framework/src/Illuminate/Database/Connection.php(816): Illuminate\\Database\\Connection->Illuminate\\Database\\{closure}()
#2 /home/franco/Venta_De_Autopartes/AplicacionesWeb/vendor/laravel/framework/src/Illuminate/Database/Connection.php(783): Illuminate\\Database\\Connection->runQueryCallback()
#3 /home/franco/Venta_De_Autopartes/AplicacionesWeb/vendor/laravel/framework/src/Illuminate/Database/Connection.php(431): Illuminate\\Database\\Connection->run()
#4 /home/franco/Venta_De_Autopartes/AplicacionesWeb/vendor/laravel/framework/src/Illuminate/Database/Connection.php(401): Illuminate\\Database\\Connection->select()
#5 /home/franco/Venta_De_Autopartes/AplicacionesWeb/vendor/laravel/framework/src/Illuminate/Database/Query/Processors/PostgresProcessor.php(24): Illuminate\\Database\\Connection->selectFromWriteConnection()
#6 /home/franco/Venta_De_Autopartes/AplicacionesWeb/vendor/laravel/framework/src/Illuminate/Database/Query/Builder.php(3507): Illuminate\\Database\\Query\\Processors\\PostgresProcessor->processInsertGetId()
#7 /home/franco/Venta_De_Autopartes/AplicacionesWeb/vendor/laravel/framework/src/Illuminate/Database/Eloquent/Builder.php(1982): Illuminate\\Database\\Query\\Builder->insertGetId()
#8 /home/franco/Venta_De_Autopartes/AplicacionesWeb/vendor/laravel/framework/src/Illuminate/Database/Eloquent/Model.php(1333): Illuminate\\Database\\Eloquent\\Builder->__call()
#9 /home/franco/Venta_De_Autopartes/AplicacionesWeb/vendor/laravel/framework/src/Illuminate/Database/Eloquent/Model.php(1298): Illuminate\\Database\\Eloquent\\Model->insertAndSetId()
#10 /home/franco/Venta_De_Autopartes/AplicacionesWeb/vendor/laravel/framework/src/Illuminate/Database/Eloquent/Model.php(1137): Illuminate\\Database\\Eloquent\\Model->performInsert()
#11 /home/franco/Venta_De_Autopartes/AplicacionesWeb/vendor/laravel/framework/src/Illuminate/Database/Eloquent/Builder.php(1025): Illuminate\\Database\\Eloquent\\Model->save()
#12 /home/franco/Venta_De_Autopartes/AplicacionesWeb/vendor/laravel/framework/src/Illuminate/Support/helpers.php(307): Illuminate\\Database\\Eloquent\\Builder->Illuminate\\Database\\Eloquent\\{closure}()
#13 /home/franco/Venta_De_Autopartes/AplicacionesWeb/vendor/laravel/framework/src/Illuminate/Database/Eloquent/Builder.php(1026): tap()
#14 /home/franco/Venta_De_Autopartes/AplicacionesWeb/vendor/laravel/framework/src/Illuminate/Support/Traits/ForwardsCalls.php(23): Illuminate\\Database\\Eloquent\\Builder->create()
#15 /home/franco/Venta_De_Autopartes/AplicacionesWeb/vendor/laravel/framework/src/Illuminate/Database/Eloquent/Model.php(2334): Illuminate\\Database\\Eloquent\\Model->forwardCallTo()
#16 /home/franco/Venta_De_Autopartes/AplicacionesWeb/vendor/laravel/framework/src/Illuminate/Database/Eloquent/Model.php(2346): Illuminate\\Database\\Eloquent\\Model->__call()
#17 /home/franco/Venta_De_Autopartes/AplicacionesWeb/app/Http/Controllers/AuthController.php(31): Illuminate\\Database\\Eloquent\\Model::__callStatic()
#18 /home/franco/Venta_De_Autopartes/AplicacionesWeb/vendor/laravel/framework/src/Illuminate/Routing/Controller.php(54): App\\Http\\Controllers\\AuthController->register()
#19 /home/franco/Venta_De_Autopartes/AplicacionesWeb/vendor/laravel/framework/src/Illuminate/Routing/ControllerDispatcher.php(43): Illuminate\\Routing\\Controller->callAction()
#20 /home/franco/Venta_De_Autopartes/AplicacionesWeb/vendor/laravel/framework/src/Illuminate/Routing/Route.php(260): Illuminate\\Routing\\ControllerDispatcher->dispatch()
#21 /home/franco/Venta_De_Autopartes/AplicacionesWeb/vendor/laravel/framework/src/Illuminate/Routing/Route.php(205): Illuminate\\Routing\\Route->runController()
#22 /home/franco/Venta_De_Autopartes/AplicacionesWeb/vendor/laravel/framework/src/Illuminate/Routing/Router.php(806): Illuminate\\Routing\\Route->run()
#23 /home/franco/Venta_De_Autopartes/AplicacionesWeb/vendor/laravel/framework/src/Illuminate/Pipeline/Pipeline.php(144): Illuminate\\Routing\\Router->Illuminate\\Routing\\{closure}()
#24 /home/franco/Venta_De_Autopartes/AplicacionesWeb/vendor/laravel/framework/src/Illuminate/Routing/Middleware/SubstituteBindings.php(50): Illuminate\\Pipeline\\Pipeline->Illuminate\\Pipeline\\{closure}()
#25 /home/franco/Venta_De_Autopartes/AplicacionesWeb/vendor/laravel/framework/src/Illuminate/Pipeline/Pipeline.php(183): Illuminate\\Routing\\Middleware\\SubstituteBindings->handle()
#26 /home/franco/Venta_De_Autopartes/AplicacionesWeb/vendor/laravel/framework/src/Illuminate/Foundation/Http/Middleware/VerifyCsrfToken.php(78): Illuminate\\Pipeline\\Pipeline->Illuminate\\Pipeline\\{closure}()
#27 /home/franco/Venta_De_Autopartes/AplicacionesWeb/vendor/laravel/framework/src/Illuminate/Pipeline/Pipeline.php(183): Illuminate\\Foundation\\Http\\Middleware\\VerifyCsrfToken->handle()
#28 /home/franco/Venta_De_Autopartes/AplicacionesWeb/vendor/laravel/framework/src/Illuminate/View/Middleware/ShareErrorsFromSession.php(49): Illuminate\\Pipeline\\Pipeline->Illuminate\\Pipeline\\{closure}()
#29 /home/franco/Venta_De_Autopartes/AplicacionesWeb/vendor/laravel/framework/src/Illuminate/Pipeline/Pipeline.php(183): Illuminate\\View\\Middleware\\ShareErrorsFromSession->handle()
#30 /home/franco/Venta_De_Autopartes/AplicacionesWeb/vendor/laravel/framework/src/Illuminate/Session/Middleware/StartSession.php(121): Illuminate\\Pipeline\\Pipeline->Illuminate\\Pipeline\\{closure}()
#31 /home/franco/Venta_De_Autopartes/AplicacionesWeb/vendor/laravel/framework/src/Illuminate/Session/Middleware/StartSession.php(64): Illuminate\\Session\\Middleware\\StartSession->handleStatefulRequest()
#32 /home/franco/Venta_De_Autopartes/AplicacionesWeb/vendor/laravel/framework/src/Illuminate/Pipeline/Pipeline.php(183): Illuminate\\Session\\Middleware\\StartSession->handle()
#33 /home/franco/Venta_De_Autopartes/AplicacionesWeb/vendor/laravel/framework/src/Illuminate/Cookie/Middleware/AddQueuedCookiesToResponse.php(37): Illuminate\\Pipeline\\Pipeline->Illuminate\\Pipeline\\{closure}()
#34 /home/franco/Venta_De_Autopartes/AplicacionesWeb/vendor/laravel/framework/src/Illuminate/Pipeline/Pipeline.php(183): Illuminate\\Cookie\\Middleware\\AddQueuedCookiesToResponse->handle()
#35 /home/franco/Venta_De_Autopartes/AplicacionesWeb/vendor/laravel/framework/src/Illuminate/Cookie/Middleware/EncryptCookies.php(67): Illuminate\\Pipeline\\Pipeline->Illuminate\\Pipeline\\{closure}()
#36 /home/franco/Venta_De_Autopartes/AplicacionesWeb/vendor/laravel/framework/src/Illuminate/Pipeline/Pipeline.php(183): Illuminate\\Cookie\\Middleware\\EncryptCookies->handle()
#37 /home/franco/Venta_De_Autopartes/AplicacionesWeb/vendor/laravel/framework/src/Illuminate/Pipeline/Pipeline.php(119): Illuminate\\Pipeline\\Pipeline->Illuminate\\Pipeline\\{closure}()
#38 /home/franco/Venta_De_Autopartes/AplicacionesWeb/vendor/laravel/framework/src/Illuminate/Routing/Router.php(807): Illuminate\\Pipeline\\Pipeline->then()
#39 /home/franco/Venta_De_Autopartes/AplicacionesWeb/vendor/laravel/framework/src/Illuminate/Routing/Router.php(784): Illuminate\\Routing\\Router->runRouteWithinStack()
#40 /home/franco/Venta_De_Autopartes/AplicacionesWeb/vendor/laravel/framework/src/Illuminate/Routing/Router.php(748): Illuminate\\Routing\\Router->runRoute()
#41 /home/franco/Venta_De_Autopartes/AplicacionesWeb/vendor/laravel/framework/src/Illuminate/Routing/Router.php(737): Illuminate\\Routing\\Router->dispatchToRoute()
#42 /home/franco/Venta_De_Autopartes/AplicacionesWeb/vendor/laravel/framework/src/Illuminate/Foundation/Http/Kernel.php(200): Illuminate\\Routing\\Router->dispatch()
#43 /home/franco/Venta_De_Autopartes/AplicacionesWeb/vendor/laravel/framework/src/Illuminate/Pipeline/Pipeline.php(144): Illuminate\\Foundation\\Http\\Kernel->Illuminate\\Foundation\\Http\\{closure}()
#44 /home/franco/Venta_De_Autopartes/AplicacionesWeb/vendor/laravel/framework/src/Illuminate/Foundation/Http/Middleware/TransformsRequest.php(21): Illuminate\\Pipeline\\Pipeline->Illuminate\\Pipeline\\{closure}()
#45 /home/franco/Venta_De_Autopartes/AplicacionesWeb/vendor/laravel/framework/src/Illuminate/Foundation/Http/Middleware/ConvertEmptyStringsToNull.php(31): Illuminate\\Foundation\\Http\\Middleware\\TransformsRequest->handle()
#46 /home/franco/Venta_De_Autopartes/AplicacionesWeb/vendor/laravel/framework/src/Illuminate/Pipeline/Pipeline.php(183): Illuminate\\Foundation\\Http\\Middleware\\ConvertEmptyStringsToNull->handle()
#47 /home/franco/Venta_De_Autopartes/AplicacionesWeb/vendor/laravel/framework/src/Illuminate/Foundation/Http/Middleware/TransformsRequest.php(21): Illuminate\\Pipeline\\Pipeline->Illuminate\\Pipeline\\{closure}()
#48 /home/franco/Venta_De_Autopartes/AplicacionesWeb/vendor/laravel/framework/src/Illuminate/Foundation/Http/Middleware/TrimStrings.php(40): Illuminate\\Foundation\\Http\\Middleware\\TransformsRequest->handle()
#49 /home/franco/Venta_De_Autopartes/AplicacionesWeb/vendor/laravel/framework/src/Illuminate/Pipeline/Pipeline.php(183): Illuminate\\Foundation\\Http\\Middleware\\TrimStrings->handle()
#50 /home/franco/Venta_De_Autopartes/AplicacionesWeb/vendor/laravel/framework/src/Illuminate/Foundation/Http/Middleware/ValidatePostSize.php(27): Illuminate\\Pipeline\\Pipeline->Illuminate\\Pipeline\\{closure}()
#51 /home/franco/Venta_De_Autopartes/AplicacionesWeb/vendor/laravel/framework/src/Illuminate/Pipeline/Pipeline.php(183): Illuminate\\Foundation\\Http\\Middleware\\ValidatePostSize->handle()
#52 /home/franco/Venta_De_Autopartes/AplicacionesWeb/vendor/laravel/framework/src/Illuminate/Foundation/Http/Middleware/PreventRequestsDuringMaintenance.php(99): Illuminate\\Pipeline\\Pipeline->Illuminate\\Pipeline\\{closure}()
#53 /home/franco/Venta_De_Autopartes/AplicacionesWeb/vendor/laravel/framework/src/Illuminate/Pipeline/Pipeline.php(183): Illuminate\\Foundation\\Http\\Middleware\\PreventRequestsDuringMaintenance->handle()
#54 /home/franco/Venta_De_Autopartes/AplicacionesWeb/vendor/laravel/framework/src/Illuminate/Http/Middleware/HandleCors.php(49): Illuminate\\Pipeline\\Pipeline->Illuminate\\Pipeline\\{closure}()
#55 /home/franco/Venta_De_Autopartes/AplicacionesWeb/vendor/laravel/framework/src/Illuminate/Pipeline/Pipeline.php(183): Illuminate\\Http\\Middleware\\HandleCors->handle()
#56 /home/franco/Venta_De_Autopartes/AplicacionesWeb/vendor/laravel/framework/src/Illuminate/Http/Middleware/TrustProxies.php(39): Illuminate\\Pipeline\\Pipeline->Illuminate\\Pipeline\\{closure}()
#57 /home/franco/Venta_De_Autopartes/AplicacionesWeb/vendor/laravel/framework/src/Illuminate/Pipeline/Pipeline.php(183): Illuminate\\Http\\Middleware\\TrustProxies->handle()
#58 /home/franco/Venta_De_Autopartes/AplicacionesWeb/vendor/laravel/framework/src/Illuminate/Pipeline/Pipeline.php(119): Illuminate\\Pipeline\\Pipeline->Illuminate\\Pipeline\\{closure}()
#59 /home/franco/Venta_De_Autopartes/AplicacionesWeb/vendor/laravel/framework/src/Illuminate/Foundation/Http/Kernel.php(175): Illuminate\\Pipeline\\Pipeline->then()
#60 /home/franco/Venta_De_Autopartes/AplicacionesWeb/vendor/laravel/framework/src/Illuminate/Foundation/Http/Kernel.php(144): Illuminate\\Foundation\\Http\\Kernel->sendRequestThroughRouter()
#61 /home/franco/Venta_De_Autopartes/AplicacionesWeb/public/index.php(52): Illuminate\\Foundation\\Http\\Kernel->handle()
#62 /home/franco/Venta_De_Autopartes/AplicacionesWeb/vendor/laravel/framework/src/Illuminate/Foundation/resources/server.php(16): require_once('...')
#63 {main}
"} 
[2026-03-12 21:03:13] local.ERROR: SQLSTATE[25P02]: In failed sql transaction: 7 ERROR:  current transaction is aborted, commands ignored until end of transaction block (Connection: pgsql, SQL: alter table "carrito" add constraint "carrito_autopart_id_foreign" foreign key ("autopart_id") references "autopart" ("id") on delete cascade) {"exception":"[object] (Illuminate\\Database\\QueryException(code: 25P02): SQLSTATE[25P02]: In failed sql transaction: 7 ERROR:  current transaction is aborted, commands ignored until end of transaction block (Connection: pgsql, SQL: alter table \"carrito\" add constraint \"carrito_autopart_id_foreign\" foreign key (\"autopart_id\") references \"autopart\" (\"id\") on delete cascade) at /home/franco/Venta_De_Autopartes/AplicacionesWeb/vendor/laravel/framework/src/Illuminate/Database/Connection.php:829)
[stacktrace]
#0 /home/franco/Venta_De_Autopartes/AplicacionesWeb/vendor/laravel/framework/src/Illuminate/Database/Connection.php(783): Illuminate\\Database\\Connection->runQueryCallback()
#1 /home/franco/Venta_De_Autopartes/AplicacionesWeb/vendor/laravel/framework/src/Illuminate/Database/Connection.php(588): Illuminate\\Database\\Connection->run()
#2 /home/franco/Venta_De_Autopartes/AplicacionesWeb/vendor/laravel/framework/src/Illuminate/Database/Schema/Blueprint.php(110): Illuminate\\Database\\Connection->statement()
#3 /home/franco/Venta_De_Autopartes/AplicacionesWeb/vendor/laravel/framework/src/Illuminate/Database/Schema/Builder.php(602): Illuminate\\Database\\Schema\\Blueprint->build()
#4 /home/franco/Venta_De_Autopartes/AplicacionesWeb/vendor/laravel/framework/src/Illuminate/Database/Schema/Builder.php(460): Illuminate\\Database\\Schema\\Builder->build()
#5 /home/franco/Venta_De_Autopartes/AplicacionesWeb/vendor/laravel/framework/src/Illuminate/Support/Facades/Facade.php(355): Illuminate\\Database\\Schema\\Builder->create()
#6 /home/franco/Venta_De_Autopartes/AplicacionesWeb/database/migrations/2024_06_06_204537_create_carrito_table.php(20): Illuminate\\Support\\Facades\\Facade::__callStatic()
#7 /home/franco/Venta_De_Autopartes/AplicacionesWeb/vendor/laravel/framework/src/Illuminate/Database/Migrations/Migrator.php(493): CreateCarritoTable->up()
#8 /home/franco/Venta_De_Autopartes/AplicacionesWeb/vendor/laravel/framework/src/Illuminate/Database/Migrations/Migrator.php(410): Illuminate\\Database\\Migrations\\Migrator->runMethod()
#9 /home/franco/Venta_De_Autopartes/AplicacionesWeb/vendor/laravel/framework/src/Illuminate/Database/Concerns/ManagesTransactions.php(30): Illuminate\\Database\\Migrations\\Migrator->Illuminate\\Database\\Migrations\\{closure}()
#10 /home/franco/Venta_De_Autopartes/AplicacionesWeb/vendor/laravel/framework/src/Illuminate/Database/Migrations/Migrator.php(418): Illuminate\\Database\\Connection->transaction()
#11 /home/franco/Venta_De_Autopartes/AplicacionesWeb/vendor/laravel/framework/src/Illuminate/Database/Migrations/Migrator.php(216): Illuminate\\Database\\Migrations\\Migrator->runMigration()
#12 /home/franco/Venta_De_Autopartes/AplicacionesWeb/vendor/laravel/framework/src/Illuminate/Console/View/Components/Task.php(37): Illuminate\\Database\\Migrations\\Migrator->Illuminate\\Database\\Migrations\\{closure}()
#13 /home/franco/Venta_De_Autopartes/AplicacionesWeb/vendor/laravel/framework/src/Illuminate/Database/Migrations/Migrator.php(756): Illuminate\\Console\\View\\Components\\Task->render()
#14 /home/franco/Venta_De_Autopartes/AplicacionesWeb/vendor/laravel/framework/src/Illuminate/Database/Migrations/Migrator.php(216): Illuminate\\Database\\Migrations\\Migrator->write()
#15 /home/franco/Venta_De_Autopartes/AplicacionesWeb/vendor/laravel/framework/src/Illuminate/Database/Migrations/Migrator.php(181): Illuminate\\Database\\Migrations\\Migrator->runUp()
#16 /home/franco/Venta_De_Autopartes/AplicacionesWeb/vendor/laravel/framework/src/Illuminate/Database/Migrations/Migrator.php(124): Illuminate\\Database\\Migrations\\Migrator->runPending()
#17 /home/franco/Venta_De_Autopartes/AplicacionesWeb/vendor/laravel/framework/src/Illuminate/Database/Console/Migrations/MigrateCommand.php(92): Illuminate\\Database\\Migrations\\Migrator->run()
#18 /home/franco/Venta_De_Autopartes/AplicacionesWeb/vendor/laravel/framework/src/Illuminate/Database/Migrations/Migrator.php(633): Illuminate\\Database\\Console\\Migrations\\MigrateCommand->Illuminate\\Database\\Console\\Migrations\\{closure}()
#19 /home/franco/Venta_De_Autopartes/AplicacionesWeb/vendor/laravel/framework/src/Illuminate/Database/Console/Migrations/MigrateCommand.php(104): Illuminate\\Database\\Migrations\\Migrator->usingConnection()
#20 /home/franco/Venta_De_Autopartes/AplicacionesWeb/vendor/laravel/framework/src/Illuminate/Container/BoundMethod.php(36): Illuminate\\Database\\Console\\Migrations\\MigrateCommand->handle()
#21 /home/franco/Venta_De_Autopartes/AplicacionesWeb/vendor/laravel/framework/src/Illuminate/Container/Util.php(41): Illuminate\\Container\\BoundMethod::Illuminate\\Container\\{closure}()
#22 /home/franco/Venta_De_Autopartes/AplicacionesWeb/vendor/laravel/framework/src/Illuminate/Container/BoundMethod.php(93): Illuminate\\Container\\Util::unwrapIfClosure()
#23 /home/franco/Venta_De_Autopartes/AplicacionesWeb/vendor/laravel/framework/src/Illuminate/Container/BoundMethod.php(37): Illuminate\\Container\\BoundMethod::callBoundMethod()
#24 /home/franco/Venta_De_Autopartes/AplicacionesWeb/vendor/laravel/framework/src/Illuminate/Container/Container.php(662): Illuminate\\Container\\BoundMethod::call()
#25 /home/franco/Venta_De_Autopartes/AplicacionesWeb/vendor/laravel/framework/src/Illuminate/Console/Command.php(211): Illuminate\\Container\\Container->call()
#26 /home/franco/Venta_De_Autopartes/AplicacionesWeb/vendor/symfony/console/Command/Command.php(326): Illuminate\\Console\\Command->execute()
#27 /home/franco/Venta_De_Autopartes/AplicacionesWeb/vendor/laravel/framework/src/Illuminate/Console/Command.php(181): Symfony\\Component\\Console\\Command\\Command->run()
#28 /home/franco/Venta_De_Autopartes/AplicacionesWeb/vendor/symfony/console/Application.php(1096): Illuminate\\Console\\Command->run()
#29 /home/franco/Venta_De_Autopartes/AplicacionesWeb/vendor/symfony/console/Application.php(324): Symfony\\Component\\Console\\Application->doRunCommand()
#30 /home/franco/Venta_De_Autopartes/AplicacionesWeb/vendor/symfony/console/Application.php(175): Symfony\\Component\\Console\\Application->doRun()
#31 /home/franco/Venta_De_Autopartes/AplicacionesWeb/vendor/laravel/framework/src/Illuminate/Foundation/Console/Kernel.php(201): Symfony\\Component\\Console\\Application->run()
#32 /home/franco/Venta_De_Autopartes/AplicacionesWeb/artisan(37): Illuminate\\Foundation\\Console\\Kernel->handle()
#33 {main}

[previous exception] [object] (PDOException(code: 25P02): SQLSTATE[25P02]: In failed sql transaction: 7 ERROR:  current transaction is aborted, commands ignored until end of transaction block at /home/franco/Venta_De_Autopartes/AplicacionesWeb/vendor/laravel/framework/src/Illuminate/Database/Connection.php:587)
[stacktrace]
#0 /home/franco/Venta_De_Autopartes/AplicacionesWeb/vendor/laravel/framework/src/Illuminate/Database/Connection.php(587): PDOStatement->execute()
#1 /home/franco/Venta_De_Autopartes/AplicacionesWeb/vendor/laravel/framework/src/Illuminate/Database/Connection.php(816): Illuminate\\Database\\Connection->Illuminate\\Database\\{closure}()
#2 /home/franco/Venta_De_Autopartes/AplicacionesWeb/vendor/laravel/framework/src/Illuminate/Database/Connection.php(783): Illuminate\\Database\\Connection->runQueryCallback()
#3 /home/franco/Venta_De_Autopartes/AplicacionesWeb/vendor/laravel/framework/src/Illuminate/Database/Connection.php(588): Illuminate\\Database\\Connection->run()
#4 /home/franco/Venta_De_Autopartes/AplicacionesWeb/vendor/laravel/framework/src/Illuminate/Database/Schema/Blueprint.php(110): Illuminate\\Database\\Connection->statement()
#5 /home/franco/Venta_De_Autopartes/AplicacionesWeb/vendor/laravel/framework/src/Illuminate/Database/Schema/Builder.php(602): Illuminate\\Database\\Schema\\Blueprint->build()
#6 /home/franco/Venta_De_Autopartes/AplicacionesWeb/vendor/laravel/framework/src/Illuminate/Database/Schema/Builder.php(460): Illuminate\\Database\\Schema\\Builder->build()
#7 /home/franco/Venta_De_Autopartes/AplicacionesWeb/vendor/laravel/framework/src/Illuminate/Support/Facades/Facade.php(355): Illuminate\\Database\\Schema\\Builder->create()
#8 /home/franco/Venta_De_Autopartes/AplicacionesWeb/database/migrations/2024_06_06_204537_create_carrito_table.php(20): Illuminate\\Support\\Facades\\Facade::__callStatic()
#9 /home/franco/Venta_De_Autopartes/AplicacionesWeb/vendor/laravel/framework/src/Illuminate/Database/Migrations/Migrator.php(493): CreateCarritoTable->up()
#10 /home/franco/Venta_De_Autopartes/AplicacionesWeb/vendor/laravel/framework/src/Illuminate/Database/Migrations/Migrator.php(410): Illuminate\\Database\\Migrations\\Migrator->runMethod()
#11 /home/franco/Venta_De_Autopartes/AplicacionesWeb/vendor/laravel/framework/src/Illuminate/Database/Concerns/ManagesTransactions.php(30): Illuminate\\Database\\Migrations\\Migrator->Illuminate\\Database\\Migrations\\{closure}()
#12 /home/franco/Venta_De_Autopartes/AplicacionesWeb/vendor/laravel/framework/src/Illuminate/Database/Migrations/Migrator.php(418): Illuminate\\Database\\Connection->transaction()
#13 /home/franco/Venta_De_Autopartes/AplicacionesWeb/vendor/laravel/framework/src/Illuminate/Database/Migrations/Migrator.php(216): Illuminate\\Database\\Migrations\\Migrator->runMigration()
#14 /home/franco/Venta_De_Autopartes/AplicacionesWeb/vendor/laravel/framework/src/Illuminate/Console/View/Components/Task.php(37): Illuminate\\Database\\Migrations\\Migrator->Illuminate\\Database\\Migrations\\{closure}()
#15 /home/franco/Venta_De_Autopartes/AplicacionesWeb/vendor/laravel/framework/src/Illuminate/Database/Migrations/Migrator.php(756): Illuminate\\Console\\View\\Components\\Task->render()
#16 /home/franco/Venta_De_Autopartes/AplicacionesWeb/vendor/laravel/framework/src/Illuminate/Database/Migrations/Migrator.php(216): Illuminate\\Database\\Migrations\\Migrator->write()
#17 /home/franco/Venta_De_Autopartes/AplicacionesWeb/vendor/laravel/framework/src/Illuminate/Database/Migrations/Migrator.php(181): Illuminate\\Database\\Migrations\\Migrator->runUp()
#18 /home/franco/Venta_De_Autopartes/AplicacionesWeb/vendor/laravel/framework/src/Illuminate/Database/Migrations/Migrator.php(124): Illuminate\\Database\\Migrations\\Migrator->runPending()
#19 /home/franco/Venta_De_Autopartes/AplicacionesWeb/vendor/laravel/framework/src/Illuminate/Database/Console/Migrations/MigrateCommand.php(92): Illuminate\\Database\\Migrations\\Migrator->run()
#20 /home/franco/Venta_De_Autopartes/AplicacionesWeb/vendor/laravel/framework/src/Illuminate/Database/Migrations/Migrator.php(633): Illuminate\\Database\\Console\\Migrations\\MigrateCommand->Illuminate\\Database\\Console\\Migrations\\{closure}()
#21 /home/franco/Venta_De_Autopartes/AplicacionesWeb/vendor/laravel/framework/src/Illuminate/Database/Console/Migrations/MigrateCommand.php(104): Illuminate\\Database\\Migrations\\Migrator->usingConnection()
#22 /home/franco/Venta_De_Autopartes/AplicacionesWeb/vendor/laravel/framework/src/Illuminate/Container/BoundMethod.php(36): Illuminate\\Database\\Console\\Migrations\\MigrateCommand->handle()
#23 /home/franco/Venta_De_Autopartes/AplicacionesWeb/vendor/laravel/framework/src/Illuminate/Container/Util.php(41): Illuminate\\Container\\BoundMethod::Illuminate\\Container\\{closure}()
#24 /home/franco/Venta_De_Autopartes/AplicacionesWeb/vendor/laravel/framework/src/Illuminate/Container/BoundMethod.php(93): Illuminate\\Container\\Util::unwrapIfClosure()
#25 /home/franco/Venta_De_Autopartes/AplicacionesWeb/vendor/laravel/framework/src/Illuminate/Container/BoundMethod.php(37): Illuminate\\Container\\BoundMethod::callBoundMethod()
#26 /home/franco/Venta_De_Autopartes/AplicacionesWeb/vendor/laravel/framework/src/Illuminate/Container/Container.php(662): Illuminate\\Container\\BoundMethod::call()
#27 /home/franco/Venta_De_Autopartes/AplicacionesWeb/vendor/laravel/framework/src/Illuminate/Console/Command.php(211): Illuminate\\Container\\Container->call()
#28 /home/franco/Venta_De_Autopartes/AplicacionesWeb/vendor/symfony/console/Command/Command.php(326): Illuminate\\Console\\Command->execute()
#29 /home/franco/Venta_De_Autopartes/AplicacionesWeb/vendor/laravel/framework/src/Illuminate/Console/Command.php(181): Symfony\\Component\\Console\\Command\\Command->run()
#30 /home/franco/Venta_De_Autopartes/AplicacionesWeb/vendor/symfony/console/Application.php(1096): Illuminate\\Console\\Command->run()
#31 /home/franco/Venta_De_Autopartes/AplicacionesWeb/vendor/symfony/console/Application.php(324): Symfony\\Component\\Console\\Application->doRunCommand()
#32 /home/franco/Venta_De_Autopartes/AplicacionesWeb/vendor/symfony/console/Application.php(175): Symfony\\Component\\Console\\Application->doRun()
#33 /home/franco/Venta_De_Autopartes/AplicacionesWeb/vendor/laravel/framework/src/Illuminate/Foundation/Console/Kernel.php(201): Symfony\\Component\\Console\\Application->run()
#34 /home/franco/Venta_De_Autopartes/AplicacionesWeb/artisan(37): Illuminate\\Foundation\\Console\\Kernel->handle()
#35 {main}
"} 
[2026-03-12 21:06:54] local.ERROR: SQLSTATE[25P02]: In failed sql transaction: 7 ERROR:  current transaction is aborted, commands ignored until end of transaction block (Connection: pgsql, SQL: alter table "carrito" add constraint "carrito_autopart_id_foreign" foreign key ("autopart_id") references "autopart" ("id") on delete cascade) {"exception":"[object] (Illuminate\\Database\\QueryException(code: 25P02): SQLSTATE[25P02]: In failed sql transaction: 7 ERROR:  current transaction is aborted, commands ignored until end of transaction block (Connection: pgsql, SQL: alter table \"carrito\" add constraint \"carrito_autopart_id_foreign\" foreign key (\"autopart_id\") references \"autopart\" (\"id\") on delete cascade) at /home/franco/Venta_De_Autopartes/AplicacionesWeb/vendor/laravel/framework/src/Illuminate/Database/Connection.php:829)
[stacktrace]
#0 /home/franco/Venta_De_Autopartes/AplicacionesWeb/vendor/laravel/framework/src/Illuminate/Database/Connection.php(783): Illuminate\\Database\\Connection->runQueryCallback()
#1 /home/franco/Venta_De_Autopartes/AplicacionesWeb/vendor/laravel/framework/src/Illuminate/Database/Connection.php(588): Illuminate\\Database\\Connection->run()
#2 /home/franco/Venta_De_Autopartes/AplicacionesWeb/vendor/laravel/framework/src/Illuminate/Database/Schema/Blueprint.php(110): Illuminate\\Database\\Connection->statement()
#3 /home/franco/Venta_De_Autopartes/AplicacionesWeb/vendor/laravel/framework/src/Illuminate/Database/Schema/Builder.php(602): Illuminate\\Database\\Schema\\Blueprint->build()
#4 /home/franco/Venta_De_Autopartes/AplicacionesWeb/vendor/laravel/framework/src/Illuminate/Database/Schema/Builder.php(460): Illuminate\\Database\\Schema\\Builder->build()
#5 /home/franco/Venta_De_Autopartes/AplicacionesWeb/vendor/laravel/framework/src/Illuminate/Support/Facades/Facade.php(355): Illuminate\\Database\\Schema\\Builder->create()
#6 /home/franco/Venta_De_Autopartes/AplicacionesWeb/database/migrations/2024_06_06_204537_create_carrito_table.php(20): Illuminate\\Support\\Facades\\Facade::__callStatic()
#7 /home/franco/Venta_De_Autopartes/AplicacionesWeb/vendor/laravel/framework/src/Illuminate/Database/Migrations/Migrator.php(493): CreateCarritoTable->up()
#8 /home/franco/Venta_De_Autopartes/AplicacionesWeb/vendor/laravel/framework/src/Illuminate/Database/Migrations/Migrator.php(410): Illuminate\\Database\\Migrations\\Migrator->runMethod()
#9 /home/franco/Venta_De_Autopartes/AplicacionesWeb/vendor/laravel/framework/src/Illuminate/Database/Concerns/ManagesTransactions.php(30): Illuminate\\Database\\Migrations\\Migrator->Illuminate\\Database\\Migrations\\{closure}()
#10 /home/franco/Venta_De_Autopartes/AplicacionesWeb/vendor/laravel/framework/src/Illuminate/Database/Migrations/Migrator.php(418): Illuminate\\Database\\Connection->transaction()
#11 /home/franco/Venta_De_Autopartes/AplicacionesWeb/vendor/laravel/framework/src/Illuminate/Database/Migrations/Migrator.php(216): Illuminate\\Database\\Migrations\\Migrator->runMigration()
#12 /home/franco/Venta_De_Autopartes/AplicacionesWeb/vendor/laravel/framework/src/Illuminate/Console/View/Components/Task.php(37): Illuminate\\Database\\Migrations\\Migrator->Illuminate\\Database\\Migrations\\{closure}()
#13 /home/franco/Venta_De_Autopartes/AplicacionesWeb/vendor/laravel/framework/src/Illuminate/Database/Migrations/Migrator.php(756): Illuminate\\Console\\View\\Components\\Task->render()
#14 /home/franco/Venta_De_Autopartes/AplicacionesWeb/vendor/laravel/framework/src/Illuminate/Database/Migrations/Migrator.php(216): Illuminate\\Database\\Migrations\\Migrator->write()
#15 /home/franco/Venta_De_Autopartes/AplicacionesWeb/vendor/laravel/framework/src/Illuminate/Database/Migrations/Migrator.php(181): Illuminate\\Database\\Migrations\\Migrator->runUp()
#16 /home/franco/Venta_De_Autopartes/AplicacionesWeb/vendor/laravel/framework/src/Illuminate/Database/Migrations/Migrator.php(124): Illuminate\\Database\\Migrations\\Migrator->runPending()
#17 /home/franco/Venta_De_Autopartes/AplicacionesWeb/vendor/laravel/framework/src/Illuminate/Database/Console/Migrations/MigrateCommand.php(92): Illuminate\\Database\\Migrations\\Migrator->run()
#18 /home/franco/Venta_De_Autopartes/AplicacionesWeb/vendor/laravel/framework/src/Illuminate/Database/Migrations/Migrator.php(633): Illuminate\\Database\\Console\\Migrations\\MigrateCommand->Illuminate\\Database\\Console\\Migrations\\{closure}()
#19 /home/franco/Venta_De_Autopartes/AplicacionesWeb/vendor/laravel/framework/src/Illuminate/Database/Console/Migrations/MigrateCommand.php(104): Illuminate\\Database\\Migrations\\Migrator->usingConnection()
#20 /home/franco/Venta_De_Autopartes/AplicacionesWeb/vendor/laravel/framework/src/Illuminate/Container/BoundMethod.php(36): Illuminate\\Database\\Console\\Migrations\\MigrateCommand->handle()
#21 /home/franco/Venta_De_Autopartes/AplicacionesWeb/vendor/laravel/framework/src/Illuminate/Container/Util.php(41): Illuminate\\Container\\BoundMethod::Illuminate\\Container\\{closure}()
#22 /home/franco/Venta_De_Autopartes/AplicacionesWeb/vendor/laravel/framework/src/Illuminate/Container/BoundMethod.php(93): Illuminate\\Container\\Util::unwrapIfClosure()
#23 /home/franco/Venta_De_Autopartes/AplicacionesWeb/vendor/laravel/framework/src/Illuminate/Container/BoundMethod.php(37): Illuminate\\Container\\BoundMethod::callBoundMethod()
#24 /home/franco/Venta_De_Autopartes/AplicacionesWeb/vendor/laravel/framework/src/Illuminate/Container/Container.php(662): Illuminate\\Container\\BoundMethod::call()
#25 /home/franco/Venta_De_Autopartes/AplicacionesWeb/vendor/laravel/framework/src/Illuminate/Console/Command.php(211): Illuminate\\Container\\Container->call()
#26 /home/franco/Venta_De_Autopartes/AplicacionesWeb/vendor/symfony/console/Command/Command.php(326): Illuminate\\Console\\Command->execute()
#27 /home/franco/Venta_De_Autopartes/AplicacionesWeb/vendor/laravel/framework/src/Illuminate/Console/Command.php(181): Symfony\\Component\\Console\\Command\\Command->run()
#28 /home/franco/Venta_De_Autopartes/AplicacionesWeb/vendor/symfony/console/Application.php(1096): Illuminate\\Console\\Command->run()
#29 /home/franco/Venta_De_Autopartes/AplicacionesWeb/vendor/symfony/console/Application.php(324): Symfony\\Component\\Console\\Application->doRunCommand()
#30 /home/franco/Venta_De_Autopartes/AplicacionesWeb/vendor/symfony/console/Application.php(175): Symfony\\Component\\Console\\Application->doRun()
#31 /home/franco/Venta_De_Autopartes/AplicacionesWeb/vendor/laravel/framework/src/Illuminate/Foundation/Console/Kernel.php(201): Symfony\\Component\\Console\\Application->run()
#32 /home/franco/Venta_De_Autopartes/AplicacionesWeb/artisan(37): Illuminate\\Foundation\\Console\\Kernel->handle()
#33 {main}

[previous exception] [object] (PDOException(code: 25P02): SQLSTATE[25P02]: In failed sql transaction: 7 ERROR:  current transaction is aborted, commands ignored until end of transaction block at /home/franco/Venta_De_Autopartes/AplicacionesWeb/vendor/laravel/framework/src/Illuminate/Database/Connection.php:587)
[stacktrace]
#0 /home/franco/Venta_De_Autopartes/AplicacionesWeb/vendor/laravel/framework/src/Illuminate/Database/Connection.php(587): PDOStatement->execute()
#1 /home/franco/Venta_De_Autopartes/AplicacionesWeb/vendor/laravel/framework/src/Illuminate/Database/Connection.php(816): Illuminate\\Database\\Connection->Illuminate\\Database\\{closure}()
#2 /home/franco/Venta_De_Autopartes/AplicacionesWeb/vendor/laravel/framework/src/Illuminate/Database/Connection.php(783): Illuminate\\Database\\Connection->runQueryCallback()
#3 /home/franco/Venta_De_Autopartes/AplicacionesWeb/vendor/laravel/framework/src/Illuminate/Database/Connection.php(588): Illuminate\\Database\\Connection->run()
#4 /home/franco/Venta_De_Autopartes/AplicacionesWeb/vendor/laravel/framework/src/Illuminate/Database/Schema/Blueprint.php(110): Illuminate\\Database\\Connection->statement()
#5 /home/franco/Venta_De_Autopartes/AplicacionesWeb/vendor/laravel/framework/src/Illuminate/Database/Schema/Builder.php(602): Illuminate\\Database\\Schema\\Blueprint->build()
#6 /home/franco/Venta_De_Autopartes/AplicacionesWeb/vendor/laravel/framework/src/Illuminate/Database/Schema/Builder.php(460): Illuminate\\Database\\Schema\\Builder->build()
#7 /home/franco/Venta_De_Autopartes/AplicacionesWeb/vendor/laravel/framework/src/Illuminate/Support/Facades/Facade.php(355): Illuminate\\Database\\Schema\\Builder->create()
#8 /home/franco/Venta_De_Autopartes/AplicacionesWeb/database/migrations/2024_06_06_204537_create_carrito_table.php(20): Illuminate\\Support\\Facades\\Facade::__callStatic()
#9 /home/franco/Venta_De_Autopartes/AplicacionesWeb/vendor/laravel/framework/src/Illuminate/Database/Migrations/Migrator.php(493): CreateCarritoTable->up()
#10 /home/franco/Venta_De_Autopartes/AplicacionesWeb/vendor/laravel/framework/src/Illuminate/Database/Migrations/Migrator.php(410): Illuminate\\Database\\Migrations\\Migrator->runMethod()
#11 /home/franco/Venta_De_Autopartes/AplicacionesWeb/vendor/laravel/framework/src/Illuminate/Database/Concerns/ManagesTransactions.php(30): Illuminate\\Database\\Migrations\\Migrator->Illuminate\\Database\\Migrations\\{closure}()
#12 /home/franco/Venta_De_Autopartes/AplicacionesWeb/vendor/laravel/framework/src/Illuminate/Database/Migrations/Migrator.php(418): Illuminate\\Database\\Connection->transaction()
#13 /home/franco/Venta_De_Autopartes/AplicacionesWeb/vendor/laravel/framework/src/Illuminate/Database/Migrations/Migrator.php(216): Illuminate\\Database\\Migrations\\Migrator->runMigration()
#14 /home/franco/Venta_De_Autopartes/AplicacionesWeb/vendor/laravel/framework/src/Illuminate/Console/View/Components/Task.php(37): Illuminate\\Database\\Migrations\\Migrator->Illuminate\\Database\\Migrations\\{closure}()
#15 /home/franco/Venta_De_Autopartes/AplicacionesWeb/vendor/laravel/framework/src/Illuminate/Database/Migrations/Migrator.php(756): Illuminate\\Console\\View\\Components\\Task->render()
#16 /home/franco/Venta_De_Autopartes/AplicacionesWeb/vendor/laravel/framework/src/Illuminate/Database/Migrations/Migrator.php(216): Illuminate\\Database\\Migrations\\Migrator->write()
#17 /home/franco/Venta_De_Autopartes/AplicacionesWeb/vendor/laravel/framework/src/Illuminate/Database/Migrations/Migrator.php(181): Illuminate\\Database\\Migrations\\Migrator->runUp()
#18 /home/franco/Venta_De_Autopartes/AplicacionesWeb/vendor/laravel/framework/src/Illuminate/Database/Migrations/Migrator.php(124): Illuminate\\Database\\Migrations\\Migrator->runPending()
#19 /home/franco/Venta_De_Autopartes/AplicacionesWeb/vendor/laravel/framework/src/Illuminate/Database/Console/Migrations/MigrateCommand.php(92): Illuminate\\Database\\Migrations\\Migrator->run()
#20 /home/franco/Venta_De_Autopartes/AplicacionesWeb/vendor/laravel/framework/src/Illuminate/Database/Migrations/Migrator.php(633): Illuminate\\Database\\Console\\Migrations\\MigrateCommand->Illuminate\\Database\\Console\\Migrations\\{closure}()
#21 /home/franco/Venta_De_Autopartes/AplicacionesWeb/vendor/laravel/framework/src/Illuminate/Database/Console/Migrations/MigrateCommand.php(104): Illuminate\\Database\\Migrations\\Migrator->usingConnection()
#22 /home/franco/Venta_De_Autopartes/AplicacionesWeb/vendor/laravel/framework/src/Illuminate/Container/BoundMethod.php(36): Illuminate\\Database\\Console\\Migrations\\MigrateCommand->handle()
#23 /home/franco/Venta_De_Autopartes/AplicacionesWeb/vendor/laravel/framework/src/Illuminate/Container/Util.php(41): Illuminate\\Container\\BoundMethod::Illuminate\\Container\\{closure}()
#24 /home/franco/Venta_De_Autopartes/AplicacionesWeb/vendor/laravel/framework/src/Illuminate/Container/BoundMethod.php(93): Illuminate\\Container\\Util::unwrapIfClosure()
#25 /home/franco/Venta_De_Autopartes/AplicacionesWeb/vendor/laravel/framework/src/Illuminate/Container/BoundMethod.php(37): Illuminate\\Container\\BoundMethod::callBoundMethod()
#26 /home/franco/Venta_De_Autopartes/AplicacionesWeb/vendor/laravel/framework/src/Illuminate/Container/Container.php(662): Illuminate\\Container\\BoundMethod::call()
#27 /home/franco/Venta_De_Autopartes/AplicacionesWeb/vendor/laravel/framework/src/Illuminate/Console/Command.php(211): Illuminate\\Container\\Container->call()
#28 /home/franco/Venta_De_Autopartes/AplicacionesWeb/vendor/symfony/console/Command/Command.php(326): Illuminate\\Console\\Command->execute()
#29 /home/franco/Venta_De_Autopartes/AplicacionesWeb/vendor/laravel/framework/src/Illuminate/Console/Command.php(181): Symfony\\Component\\Console\\Command\\Command->run()
#30 /home/franco/Venta_De_Autopartes/AplicacionesWeb/vendor/symfony/console/Application.php(1096): Illuminate\\Console\\Command->run()
#31 /home/franco/Venta_De_Autopartes/AplicacionesWeb/vendor/symfony/console/Application.php(324): Symfony\\Component\\Console\\Application->doRunCommand()
#32 /home/franco/Venta_De_Autopartes/AplicacionesWeb/vendor/symfony/console/Application.php(175): Symfony\\Component\\Console\\Application->doRun()
#33 /home/franco/Venta_De_Autopartes/AplicacionesWeb/vendor/laravel/framework/src/Illuminate/Foundation/Console/Kernel.php(201): Symfony\\Component\\Console\\Application->run()
#34 /home/franco/Venta_De_Autopartes/AplicacionesWeb/artisan(37): Illuminate\\Foundation\\Console\\Kernel->handle()
#35 {main}
"} 
[2026-03-12 22:00:08] local.ERROR: SQLSTATE[25P02]: In failed sql transaction: 7 ERROR:  current transaction is aborted, commands ignored until end of transaction block (Connection: pgsql, SQL: alter table "users" add constraint "users_email_unique" unique ("email")) {"exception":"[object] (Illuminate\\Database\\QueryException(code: 25P02): SQLSTATE[25P02]: In failed sql transaction: 7 ERROR:  current transaction is aborted, commands ignored until end of transaction block (Connection: pgsql, SQL: alter table \"users\" add constraint \"users_email_unique\" unique (\"email\")) at /home/franco/Venta_De_Autopartes/AplicacionesWeb/vendor/laravel/framework/src/Illuminate/Database/Connection.php:829)
[stacktrace]
#0 /home/franco/Venta_De_Autopartes/AplicacionesWeb/vendor/laravel/framework/src/Illuminate/Database/Connection.php(783): Illuminate\\Database\\Connection->runQueryCallback()
#1 /home/franco/Venta_De_Autopartes/AplicacionesWeb/vendor/laravel/framework/src/Illuminate/Database/Connection.php(588): Illuminate\\Database\\Connection->run()
#2 /home/franco/Venta_De_Autopartes/AplicacionesWeb/vendor/laravel/framework/src/Illuminate/Database/Schema/Blueprint.php(110): Illuminate\\Database\\Connection->statement()
#3 /home/franco/Venta_De_Autopartes/AplicacionesWeb/vendor/laravel/framework/src/Illuminate/Database/Schema/Builder.php(602): Illuminate\\Database\\Schema\\Blueprint->build()
#4 /home/franco/Venta_De_Autopartes/AplicacionesWeb/vendor/laravel/framework/src/Illuminate/Database/Schema/Builder.php(460): Illuminate\\Database\\Schema\\Builder->build()
#5 /home/franco/Venta_De_Autopartes/AplicacionesWeb/vendor/laravel/framework/src/Illuminate/Support/Facades/Facade.php(355): Illuminate\\Database\\Schema\\Builder->create()
#6 /home/franco/Venta_De_Autopartes/AplicacionesWeb/database/migrations/2014_10_12_000000_create_users_table.php(20): Illuminate\\Support\\Facades\\Facade::__callStatic()
#7 /home/franco/Venta_De_Autopartes/AplicacionesWeb/vendor/laravel/framework/src/Illuminate/Database/Migrations/Migrator.php(493): Illuminate\\Database\\Migrations\\Migration@anonymous->up()
#8 /home/franco/Venta_De_Autopartes/AplicacionesWeb/vendor/laravel/framework/src/Illuminate/Database/Migrations/Migrator.php(410): Illuminate\\Database\\Migrations\\Migrator->runMethod()
#9 /home/franco/Venta_De_Autopartes/AplicacionesWeb/vendor/laravel/framework/src/Illuminate/Database/Concerns/ManagesTransactions.php(30): Illuminate\\Database\\Migrations\\Migrator->Illuminate\\Database\\Migrations\\{closure}()
#10 /home/franco/Venta_De_Autopartes/AplicacionesWeb/vendor/laravel/framework/src/Illuminate/Database/Migrations/Migrator.php(418): Illuminate\\Database\\Connection->transaction()
#11 /home/franco/Venta_De_Autopartes/AplicacionesWeb/vendor/laravel/framework/src/Illuminate/Database/Migrations/Migrator.php(216): Illuminate\\Database\\Migrations\\Migrator->runMigration()
#12 /home/franco/Venta_De_Autopartes/AplicacionesWeb/vendor/laravel/framework/src/Illuminate/Console/View/Components/Task.php(37): Illuminate\\Database\\Migrations\\Migrator->Illuminate\\Database\\Migrations\\{closure}()
#13 /home/franco/Venta_De_Autopartes/AplicacionesWeb/vendor/laravel/framework/src/Illuminate/Database/Migrations/Migrator.php(756): Illuminate\\Console\\View\\Components\\Task->render()
#14 /home/franco/Venta_De_Autopartes/AplicacionesWeb/vendor/laravel/framework/src/Illuminate/Database/Migrations/Migrator.php(216): Illuminate\\Database\\Migrations\\Migrator->write()
#15 /home/franco/Venta_De_Autopartes/AplicacionesWeb/vendor/laravel/framework/src/Illuminate/Database/Migrations/Migrator.php(181): Illuminate\\Database\\Migrations\\Migrator->runUp()
#16 /home/franco/Venta_De_Autopartes/AplicacionesWeb/vendor/laravel/framework/src/Illuminate/Database/Migrations/Migrator.php(124): Illuminate\\Database\\Migrations\\Migrator->runPending()
#17 /home/franco/Venta_De_Autopartes/AplicacionesWeb/vendor/laravel/framework/src/Illuminate/Database/Console/Migrations/MigrateCommand.php(92): Illuminate\\Database\\Migrations\\Migrator->run()
#18 /home/franco/Venta_De_Autopartes/AplicacionesWeb/vendor/laravel/framework/src/Illuminate/Database/Migrations/Migrator.php(633): Illuminate\\Database\\Console\\Migrations\\MigrateCommand->Illuminate\\Database\\Console\\Migrations\\{closure}()
#19 /home/franco/Venta_De_Autopartes/AplicacionesWeb/vendor/laravel/framework/src/Illuminate/Database/Console/Migrations/MigrateCommand.php(104): Illuminate\\Database\\Migrations\\Migrator->usingConnection()
#20 /home/franco/Venta_De_Autopartes/AplicacionesWeb/vendor/laravel/framework/src/Illuminate/Container/BoundMethod.php(36): Illuminate\\Database\\Console\\Migrations\\MigrateCommand->handle()
#21 /home/franco/Venta_De_Autopartes/AplicacionesWeb/vendor/laravel/framework/src/Illuminate/Container/Util.php(41): Illuminate\\Container\\BoundMethod::Illuminate\\Container\\{closure}()
#22 /home/franco/Venta_De_Autopartes/AplicacionesWeb/vendor/laravel/framework/src/Illuminate/Container/BoundMethod.php(93): Illuminate\\Container\\Util::unwrapIfClosure()
#23 /home/franco/Venta_De_Autopartes/AplicacionesWeb/vendor/laravel/framework/src/Illuminate/Container/BoundMethod.php(37): Illuminate\\Container\\BoundMethod::callBoundMethod()
#24 /home/franco/Venta_De_Autopartes/AplicacionesWeb/vendor/laravel/framework/src/Illuminate/Container/Container.php(662): Illuminate\\Container\\BoundMethod::call()
#25 /home/franco/Venta_De_Autopartes/AplicacionesWeb/vendor/laravel/framework/src/Illuminate/Console/Command.php(211): Illuminate\\Container\\Container->call()
#26 /home/franco/Venta_De_Autopartes/AplicacionesWeb/vendor/symfony/console/Command/Command.php(326): Illuminate\\Console\\Command->execute()
#27 /home/franco/Venta_De_Autopartes/AplicacionesWeb/vendor/laravel/framework/src/Illuminate/Console/Command.php(181): Symfony\\Component\\Console\\Command\\Command->run()
#28 /home/franco/Venta_De_Autopartes/AplicacionesWeb/vendor/symfony/console/Application.php(1096): Illuminate\\Console\\Command->run()
#29 /home/franco/Venta_De_Autopartes/AplicacionesWeb/vendor/symfony/console/Application.php(324): Symfony\\Component\\Console\\Application->doRunCommand()
#30 /home/franco/Venta_De_Autopartes/AplicacionesWeb/vendor/symfony/console/Application.php(175): Symfony\\Component\\Console\\Application->doRun()
#31 /home/franco/Venta_De_Autopartes/AplicacionesWeb/vendor/laravel/framework/src/Illuminate/Foundation/Console/Kernel.php(201): Symfony\\Component\\Console\\Application->run()
#32 /home/franco/Venta_De_Autopartes/AplicacionesWeb/artisan(37): Illuminate\\Foundation\\Console\\Kernel->handle()
#33 {main}

[previous exception] [object] (PDOException(code: 25P02): SQLSTATE[25P02]: In failed sql transaction: 7 ERROR:  current transaction is aborted, commands ignored until end of transaction block at /home/franco/Venta_De_Autopartes/AplicacionesWeb/vendor/laravel/framework/src/Illuminate/Database/Connection.php:587)
[stacktrace]
#0 /home/franco/Venta_De_Autopartes/AplicacionesWeb/vendor/laravel/framework/src/Illuminate/Database/Connection.php(587): PDOStatement->execute()
#1 /home/franco/Venta_De_Autopartes/AplicacionesWeb/vendor/laravel/framework/src/Illuminate/Database/Connection.php(816): Illuminate\\Database\\Connection->Illuminate\\Database\\{closure}()
#2 /home/franco/Venta_De_Autopartes/AplicacionesWeb/vendor/laravel/framework/src/Illuminate/Database/Connection.php(783): Illuminate\\Database\\Connection->runQueryCallback()
#3 /home/franco/Venta_De_Autopartes/AplicacionesWeb/vendor/laravel/framework/src/Illuminate/Database/Connection.php(588): Illuminate\\Database\\Connection->run()
#4 /home/franco/Venta_De_Autopartes/AplicacionesWeb/vendor/laravel/framework/src/Illuminate/Database/Schema/Blueprint.php(110): Illuminate\\Database\\Connection->statement()
#5 /home/franco/Venta_De_Autopartes/AplicacionesWeb/vendor/laravel/framework/src/Illuminate/Database/Schema/Builder.php(602): Illuminate\\Database\\Schema\\Blueprint->build()
#6 /home/franco/Venta_De_Autopartes/AplicacionesWeb/vendor/laravel/framework/src/Illuminate/Database/Schema/Builder.php(460): Illuminate\\Database\\Schema\\Builder->build()
#7 /home/franco/Venta_De_Autopartes/AplicacionesWeb/vendor/laravel/framework/src/Illuminate/Support/Facades/Facade.php(355): Illuminate\\Database\\Schema\\Builder->create()
#8 /home/franco/Venta_De_Autopartes/AplicacionesWeb/database/migrations/2014_10_12_000000_create_users_table.php(20): Illuminate\\Support\\Facades\\Facade::__callStatic()
#9 /home/franco/Venta_De_Autopartes/AplicacionesWeb/vendor/laravel/framework/src/Illuminate/Database/Migrations/Migrator.php(493): Illuminate\\Database\\Migrations\\Migration@anonymous->up()
#10 /home/franco/Venta_De_Autopartes/AplicacionesWeb/vendor/laravel/framework/src/Illuminate/Database/Migrations/Migrator.php(410): Illuminate\\Database\\Migrations\\Migrator->runMethod()
#11 /home/franco/Venta_De_Autopartes/AplicacionesWeb/vendor/laravel/framework/src/Illuminate/Database/Concerns/ManagesTransactions.php(30): Illuminate\\Database\\Migrations\\Migrator->Illuminate\\Database\\Migrations\\{closure}()
#12 /home/franco/Venta_De_Autopartes/AplicacionesWeb/vendor/laravel/framework/src/Illuminate/Database/Migrations/Migrator.php(418): Illuminate\\Database\\Connection->transaction()
#13 /home/franco/Venta_De_Autopartes/AplicacionesWeb/vendor/laravel/framework/src/Illuminate/Database/Migrations/Migrator.php(216): Illuminate\\Database\\Migrations\\Migrator->runMigration()
#14 /home/franco/Venta_De_Autopartes/AplicacionesWeb/vendor/laravel/framework/src/Illuminate/Console/View/Components/Task.php(37): Illuminate\\Database\\Migrations\\Migrator->Illuminate\\Database\\Migrations\\{closure}()
#15 /home/franco/Venta_De_Autopartes/AplicacionesWeb/vendor/laravel/framework/src/Illuminate/Database/Migrations/Migrator.php(756): Illuminate\\Console\\View\\Components\\Task->render()
#16 /home/franco/Venta_De_Autopartes/AplicacionesWeb/vendor/laravel/framework/src/Illuminate/Database/Migrations/Migrator.php(216): Illuminate\\Database\\Migrations\\Migrator->write()
#17 /home/franco/Venta_De_Autopartes/AplicacionesWeb/vendor/laravel/framework/src/Illuminate/Database/Migrations/Migrator.php(181): Illuminate\\Database\\Migrations\\Migrator->runUp()
#18 /home/franco/Venta_De_Autopartes/AplicacionesWeb/vendor/laravel/framework/src/Illuminate/Database/Migrations/Migrator.php(124): Illuminate\\Database\\Migrations\\Migrator->runPending()
#19 /home/franco/Venta_De_Autopartes/AplicacionesWeb/vendor/laravel/framework/src/Illuminate/Database/Console/Migrations/MigrateCommand.php(92): Illuminate\\Database\\Migrations\\Migrator->run()
#20 /home/franco/Venta_De_Autopartes/AplicacionesWeb/vendor/laravel/framework/src/Illuminate/Database/Migrations/Migrator.php(633): Illuminate\\Database\\Console\\Migrations\\MigrateCommand->Illuminate\\Database\\Console\\Migrations\\{closure}()
#21 /home/franco/Venta_De_Autopartes/AplicacionesWeb/vendor/laravel/framework/src/Illuminate/Database/Console/Migrations/MigrateCommand.php(104): Illuminate\\Database\\Migrations\\Migrator->usingConnection()
#22 /home/franco/Venta_De_Autopartes/AplicacionesWeb/vendor/laravel/framework/src/Illuminate/Container/BoundMethod.php(36): Illuminate\\Database\\Console\\Migrations\\MigrateCommand->handle()
#23 /home/franco/Venta_De_Autopartes/AplicacionesWeb/vendor/laravel/framework/src/Illuminate/Container/Util.php(41): Illuminate\\Container\\BoundMethod::Illuminate\\Container\\{closure}()
#24 /home/franco/Venta_De_Autopartes/AplicacionesWeb/vendor/laravel/framework/src/Illuminate/Container/BoundMethod.php(93): Illuminate\\Container\\Util::unwrapIfClosure()
#25 /home/franco/Venta_De_Autopartes/AplicacionesWeb/vendor/laravel/framework/src/Illuminate/Container/BoundMethod.php(37): Illuminate\\Container\\BoundMethod::callBoundMethod()
#26 /home/franco/Venta_De_Autopartes/AplicacionesWeb/vendor/laravel/framework/src/Illuminate/Container/Container.php(662): Illuminate\\Container\\BoundMethod::call()
#27 /home/franco/Venta_De_Autopartes/AplicacionesWeb/vendor/laravel/framework/src/Illuminate/Console/Command.php(211): Illuminate\\Container\\Container->call()
#28 /home/franco/Venta_De_Autopartes/AplicacionesWeb/vendor/symfony/console/Command/Command.php(326): Illuminate\\Console\\Command->execute()
#29 /home/franco/Venta_De_Autopartes/AplicacionesWeb/vendor/laravel/framework/src/Illuminate/Console/Command.php(181): Symfony\\Component\\Console\\Command\\Command->run()
#30 /home/franco/Venta_De_Autopartes/AplicacionesWeb/vendor/symfony/console/Application.php(1096): Illuminate\\Console\\Command->run()
#31 /home/franco/Venta_De_Autopartes/AplicacionesWeb/vendor/symfony/console/Application.php(324): Symfony\\Component\\Console\\Application->doRunCommand()
#32 /home/franco/Venta_De_Autopartes/AplicacionesWeb/vendor/symfony/console/Application.php(175): Symfony\\Component\\Console\\Application->doRun()
#33 /home/franco/Venta_De_Autopartes/AplicacionesWeb/vendor/laravel/framework/src/Illuminate/Foundation/Console/Kernel.php(201): Symfony\\Component\\Console\\Application->run()
#34 /home/franco/Venta_De_Autopartes/AplicacionesWeb/artisan(37): Illuminate\\Foundation\\Console\\Kernel->handle()
#35 {main}
"} 
[2026-03-16 22:45:45] local.ERROR: Command "drop" is not defined. {"exception":"[object] (Symfony\\Component\\Console\\Exception\\CommandNotFoundException(code: 0): Command \"drop\" is not defined. at /home/franco/Venta_De_Autopartes/AplicacionesWeb/vendor/symfony/console/Application.php:737)
[stacktrace]
#0 /home/franco/Venta_De_Autopartes/AplicacionesWeb/vendor/symfony/console/Application.php(266): Symfony\\Component\\Console\\Application->find()
#1 /home/franco/Venta_De_Autopartes/AplicacionesWeb/vendor/symfony/console/Application.php(175): Symfony\\Component\\Console\\Application->doRun()
#2 /home/franco/Venta_De_Autopartes/AplicacionesWeb/vendor/laravel/framework/src/Illuminate/Foundation/Console/Kernel.php(201): Symfony\\Component\\Console\\Application->run()
#3 /home/franco/Venta_De_Autopartes/AplicacionesWeb/artisan(37): Illuminate\\Foundation\\Console\\Kernel->handle()
#4 {main}
"} 
[2026-03-16 22:46:39] local.ERROR: SQLSTATE[25P02]: In failed sql transaction: 7 ERROR:  current transaction is aborted, commands ignored until end of transaction block (Connection: pgsql, SQL: alter table "users" add constraint "users_email_unique" unique ("email")) {"exception":"[object] (Illuminate\\Database\\QueryException(code: 25P02): SQLSTATE[25P02]: In failed sql transaction: 7 ERROR:  current transaction is aborted, commands ignored until end of transaction block (Connection: pgsql, SQL: alter table \"users\" add constraint \"users_email_unique\" unique (\"email\")) at /home/franco/Venta_De_Autopartes/AplicacionesWeb/vendor/laravel/framework/src/Illuminate/Database/Connection.php:829)
[stacktrace]
#0 /home/franco/Venta_De_Autopartes/AplicacionesWeb/vendor/laravel/framework/src/Illuminate/Database/Connection.php(783): Illuminate\\Database\\Connection->runQueryCallback()
#1 /home/franco/Venta_De_Autopartes/AplicacionesWeb/vendor/laravel/framework/src/Illuminate/Database/Connection.php(588): Illuminate\\Database\\Connection->run()
#2 /home/franco/Venta_De_Autopartes/AplicacionesWeb/vendor/laravel/framework/src/Illuminate/Database/Schema/Blueprint.php(110): Illuminate\\Database\\Connection->statement()
#3 /home/franco/Venta_De_Autopartes/AplicacionesWeb/vendor/laravel/framework/src/Illuminate/Database/Schema/Builder.php(602): Illuminate\\Database\\Schema\\Blueprint->build()
#4 /home/franco/Venta_De_Autopartes/AplicacionesWeb/vendor/laravel/framework/src/Illuminate/Database/Schema/Builder.php(460): Illuminate\\Database\\Schema\\Builder->build()
#5 /home/franco/Venta_De_Autopartes/AplicacionesWeb/vendor/laravel/framework/src/Illuminate/Support/Facades/Facade.php(355): Illuminate\\Database\\Schema\\Builder->create()
#6 /home/franco/Venta_De_Autopartes/AplicacionesWeb/database/migrations/2014_10_12_000000_create_users_table.php(20): Illuminate\\Support\\Facades\\Facade::__callStatic()
#7 /home/franco/Venta_De_Autopartes/AplicacionesWeb/vendor/laravel/framework/src/Illuminate/Database/Migrations/Migrator.php(493): Illuminate\\Database\\Migrations\\Migration@anonymous->up()
#8 /home/franco/Venta_De_Autopartes/AplicacionesWeb/vendor/laravel/framework/src/Illuminate/Database/Migrations/Migrator.php(410): Illuminate\\Database\\Migrations\\Migrator->runMethod()
#9 /home/franco/Venta_De_Autopartes/AplicacionesWeb/vendor/laravel/framework/src/Illuminate/Database/Concerns/ManagesTransactions.php(30): Illuminate\\Database\\Migrations\\Migrator->Illuminate\\Database\\Migrations\\{closure}()
#10 /home/franco/Venta_De_Autopartes/AplicacionesWeb/vendor/laravel/framework/src/Illuminate/Database/Migrations/Migrator.php(418): Illuminate\\Database\\Connection->transaction()
#11 /home/franco/Venta_De_Autopartes/AplicacionesWeb/vendor/laravel/framework/src/Illuminate/Database/Migrations/Migrator.php(216): Illuminate\\Database\\Migrations\\Migrator->runMigration()
#12 /home/franco/Venta_De_Autopartes/AplicacionesWeb/vendor/laravel/framework/src/Illuminate/Console/View/Components/Task.php(37): Illuminate\\Database\\Migrations\\Migrator->Illuminate\\Database\\Migrations\\{closure}()
#13 /home/franco/Venta_De_Autopartes/AplicacionesWeb/vendor/laravel/framework/src/Illuminate/Database/Migrations/Migrator.php(756): Illuminate\\Console\\View\\Components\\Task->render()
#14 /home/franco/Venta_De_Autopartes/AplicacionesWeb/vendor/laravel/framework/src/Illuminate/Database/Migrations/Migrator.php(216): Illuminate\\Database\\Migrations\\Migrator->write()
#15 /home/franco/Venta_De_Autopartes/AplicacionesWeb/vendor/laravel/framework/src/Illuminate/Database/Migrations/Migrator.php(181): Illuminate\\Database\\Migrations\\Migrator->runUp()
#16 /home/franco/Venta_De_Autopartes/AplicacionesWeb/vendor/laravel/framework/src/Illuminate/Database/Migrations/Migrator.php(124): Illuminate\\Database\\Migrations\\Migrator->runPending()
#17 /home/franco/Venta_De_Autopartes/AplicacionesWeb/vendor/laravel/framework/src/Illuminate/Database/Console/Migrations/MigrateCommand.php(92): Illuminate\\Database\\Migrations\\Migrator->run()
#18 /home/franco/Venta_De_Autopartes/AplicacionesWeb/vendor/laravel/framework/src/Illuminate/Database/Migrations/Migrator.php(633): Illuminate\\Database\\Console\\Migrations\\MigrateCommand->Illuminate\\Database\\Console\\Migrations\\{closure}()
#19 /home/franco/Venta_De_Autopartes/AplicacionesWeb/vendor/laravel/framework/src/Illuminate/Database/Console/Migrations/MigrateCommand.php(104): Illuminate\\Database\\Migrations\\Migrator->usingConnection()
#20 /home/franco/Venta_De_Autopartes/AplicacionesWeb/vendor/laravel/framework/src/Illuminate/Container/BoundMethod.php(36): Illuminate\\Database\\Console\\Migrations\\MigrateCommand->handle()
#21 /home/franco/Venta_De_Autopartes/AplicacionesWeb/vendor/laravel/framework/src/Illuminate/Container/Util.php(41): Illuminate\\Container\\BoundMethod::Illuminate\\Container\\{closure}()
#22 /home/franco/Venta_De_Autopartes/AplicacionesWeb/vendor/laravel/framework/src/Illuminate/Container/BoundMethod.php(93): Illuminate\\Container\\Util::unwrapIfClosure()
#23 /home/franco/Venta_De_Autopartes/AplicacionesWeb/vendor/laravel/framework/src/Illuminate/Container/BoundMethod.php(37): Illuminate\\Container\\BoundMethod::callBoundMethod()
#24 /home/franco/Venta_De_Autopartes/AplicacionesWeb/vendor/laravel/framework/src/Illuminate/Container/Container.php(662): Illuminate\\Container\\BoundMethod::call()
#25 /home/franco/Venta_De_Autopartes/AplicacionesWeb/vendor/laravel/framework/src/Illuminate/Console/Command.php(211): Illuminate\\Container\\Container->call()
#26 /home/franco/Venta_De_Autopartes/AplicacionesWeb/vendor/symfony/console/Command/Command.php(326): Illuminate\\Console\\Command->execute()
#27 /home/franco/Venta_De_Autopartes/AplicacionesWeb/vendor/laravel/framework/src/Illuminate/Console/Command.php(181): Symfony\\Component\\Console\\Command\\Command->run()
#28 /home/franco/Venta_De_Autopartes/AplicacionesWeb/vendor/laravel/framework/src/Illuminate/Console/Concerns/CallsCommands.php(68): Illuminate\\Console\\Command->run()
#29 /home/franco/Venta_De_Autopartes/AplicacionesWeb/vendor/laravel/framework/src/Illuminate/Console/Concerns/CallsCommands.php(28): Illuminate\\Console\\Command->runCommand()
#30 /home/franco/Venta_De_Autopartes/AplicacionesWeb/vendor/laravel/framework/src/Illuminate/Database/Console/Migrations/FreshCommand.php(59): Illuminate\\Console\\Command->call()
#31 /home/franco/Venta_De_Autopartes/AplicacionesWeb/vendor/laravel/framework/src/Illuminate/Container/BoundMethod.php(36): Illuminate\\Database\\Console\\Migrations\\FreshCommand->handle()
#32 /home/franco/Venta_De_Autopartes/AplicacionesWeb/vendor/laravel/framework/src/Illuminate/Container/Util.php(41): Illuminate\\Container\\BoundMethod::Illuminate\\Container\\{closure}()
#33 /home/franco/Venta_De_Autopartes/AplicacionesWeb/vendor/laravel/framework/src/Illuminate/Container/BoundMethod.php(93): Illuminate\\Container\\Util::unwrapIfClosure()
#34 /home/franco/Venta_De_Autopartes/AplicacionesWeb/vendor/laravel/framework/src/Illuminate/Container/BoundMethod.php(37): Illuminate\\Container\\BoundMethod::callBoundMethod()
#35 /home/franco/Venta_De_Autopartes/AplicacionesWeb/vendor/laravel/framework/src/Illuminate/Container/Container.php(662): Illuminate\\Container\\BoundMethod::call()
#36 /home/franco/Venta_De_Autopartes/AplicacionesWeb/vendor/laravel/framework/src/Illuminate/Console/Command.php(211): Illuminate\\Container\\Container->call()
#37 /home/franco/Venta_De_Autopartes/AplicacionesWeb/vendor/symfony/console/Command/Command.php(326): Illuminate\\Console\\Command->execute()
#38 /home/franco/Venta_De_Autopartes/AplicacionesWeb/vendor/laravel/framework/src/Illuminate/Console/Command.php(181): Symfony\\Component\\Console\\Command\\Command->run()
#39 /home/franco/Venta_De_Autopartes/AplicacionesWeb/vendor/symfony/console/Application.php(1096): Illuminate\\Console\\Command->run()
#40 /home/franco/Venta_De_Autopartes/AplicacionesWeb/vendor/symfony/console/Application.php(324): Symfony\\Component\\Console\\Application->doRunCommand()
#41 /home/franco/Venta_De_Autopartes/AplicacionesWeb/vendor/symfony/console/Application.php(175): Symfony\\Component\\Console\\Application->doRun()
#42 /home/franco/Venta_De_Autopartes/AplicacionesWeb/vendor/laravel/framework/src/Illuminate/Foundation/Console/Kernel.php(201): Symfony\\Component\\Console\\Application->run()
#43 /home/franco/Venta_De_Autopartes/AplicacionesWeb/artisan(37): Illuminate\\Foundation\\Console\\Kernel->handle()
#44 {main}

[previous exception] [object] (PDOException(code: 25P02): SQLSTATE[25P02]: In failed sql transaction: 7 ERROR:  current transaction is aborted, commands ignored until end of transaction block at /home/franco/Venta_De_Autopartes/AplicacionesWeb/vendor/laravel/framework/src/Illuminate/Database/Connection.php:587)
[stacktrace]
#0 /home/franco/Venta_De_Autopartes/AplicacionesWeb/vendor/laravel/framework/src/Illuminate/Database/Connection.php(587): PDOStatement->execute()
#1 /home/franco/Venta_De_Autopartes/AplicacionesWeb/vendor/laravel/framework/src/Illuminate/Database/Connection.php(816): Illuminate\\Database\\Connection->Illuminate\\Database\\{closure}()
#2 /home/franco/Venta_De_Autopartes/AplicacionesWeb/vendor/laravel/framework/src/Illuminate/Database/Connection.php(783): Illuminate\\Database\\Connection->runQueryCallback()
#3 /home/franco/Venta_De_Autopartes/AplicacionesWeb/vendor/laravel/framework/src/Illuminate/Database/Connection.php(588): Illuminate\\Database\\Connection->run()
#4 /home/franco/Venta_De_Autopartes/AplicacionesWeb/vendor/laravel/framework/src/Illuminate/Database/Schema/Blueprint.php(110): Illuminate\\Database\\Connection->statement()
#5 /home/franco/Venta_De_Autopartes/AplicacionesWeb/vendor/laravel/framework/src/Illuminate/Database/Schema/Builder.php(602): Illuminate\\Database\\Schema\\Blueprint->build()
#6 /home/franco/Venta_De_Autopartes/AplicacionesWeb/vendor/laravel/framework/src/Illuminate/Database/Schema/Builder.php(460): Illuminate\\Database\\Schema\\Builder->build()
#7 /home/franco/Venta_De_Autopartes/AplicacionesWeb/vendor/laravel/framework/src/Illuminate/Support/Facades/Facade.php(355): Illuminate\\Database\\Schema\\Builder->create()
#8 /home/franco/Venta_De_Autopartes/AplicacionesWeb/database/migrations/2014_10_12_000000_create_users_table.php(20): Illuminate\\Support\\Facades\\Facade::__callStatic()
#9 /home/franco/Venta_De_Autopartes/AplicacionesWeb/vendor/laravel/framework/src/Illuminate/Database/Migrations/Migrator.php(493): Illuminate\\Database\\Migrations\\Migration@anonymous->up()
#10 /home/franco/Venta_De_Autopartes/AplicacionesWeb/vendor/laravel/framework/src/Illuminate/Database/Migrations/Migrator.php(410): Illuminate\\Database\\Migrations\\Migrator->runMethod()
#11 /home/franco/Venta_De_Autopartes/AplicacionesWeb/vendor/laravel/framework/src/Illuminate/Database/Concerns/ManagesTransactions.php(30): Illuminate\\Database\\Migrations\\Migrator->Illuminate\\Database\\Migrations\\{closure}()
#12 /home/franco/Venta_De_Autopartes/AplicacionesWeb/vendor/laravel/framework/src/Illuminate/Database/Migrations/Migrator.php(418): Illuminate\\Database\\Connection->transaction()
#13 /home/franco/Venta_De_Autopartes/AplicacionesWeb/vendor/laravel/framework/src/Illuminate/Database/Migrations/Migrator.php(216): Illuminate\\Database\\Migrations\\Migrator->runMigration()
#14 /home/franco/Venta_De_Autopartes/AplicacionesWeb/vendor/laravel/framework/src/Illuminate/Console/View/Components/Task.php(37): Illuminate\\Database\\Migrations\\Migrator->Illuminate\\Database\\Migrations\\{closure}()
#15 /home/franco/Venta_De_Autopartes/AplicacionesWeb/vendor/laravel/framework/src/Illuminate/Database/Migrations/Migrator.php(756): Illuminate\\Console\\View\\Components\\Task->render()
#16 /home/franco/Venta_De_Autopartes/AplicacionesWeb/vendor/laravel/framework/src/Illuminate/Database/Migrations/Migrator.php(216): Illuminate\\Database\\Migrations\\Migrator->write()
#17 /home/franco/Venta_De_Autopartes/AplicacionesWeb/vendor/laravel/framework/src/Illuminate/Database/Migrations/Migrator.php(181): Illuminate\\Database\\Migrations\\Migrator->runUp()
#18 /home/franco/Venta_De_Autopartes/AplicacionesWeb/vendor/laravel/framework/src/Illuminate/Database/Migrations/Migrator.php(124): Illuminate\\Database\\Migrations\\Migrator->runPending()
#19 /home/franco/Venta_De_Autopartes/AplicacionesWeb/vendor/laravel/framework/src/Illuminate/Database/Console/Migrations/MigrateCommand.php(92): Illuminate\\Database\\Migrations\\Migrator->run()
#20 /home/franco/Venta_De_Autopartes/AplicacionesWeb/vendor/laravel/framework/src/Illuminate/Database/Migrations/Migrator.php(633): Illuminate\\Database\\Console\\Migrations\\MigrateCommand->Illuminate\\Database\\Console\\Migrations\\{closure}()
#21 /home/franco/Venta_De_Autopartes/AplicacionesWeb/vendor/laravel/framework/src/Illuminate/Database/Console/Migrations/MigrateCommand.php(104): Illuminate\\Database\\Migrations\\Migrator->usingConnection()
#22 /home/franco/Venta_De_Autopartes/AplicacionesWeb/vendor/laravel/framework/src/Illuminate/Container/BoundMethod.php(36): Illuminate\\Database\\Console\\Migrations\\MigrateCommand->handle()
#23 /home/franco/Venta_De_Autopartes/AplicacionesWeb/vendor/laravel/framework/src/Illuminate/Container/Util.php(41): Illuminate\\Container\\BoundMethod::Illuminate\\Container\\{closure}()
#24 /home/franco/Venta_De_Autopartes/AplicacionesWeb/vendor/laravel/framework/src/Illuminate/Container/BoundMethod.php(93): Illuminate\\Container\\Util::unwrapIfClosure()
#25 /home/franco/Venta_De_Autopartes/AplicacionesWeb/vendor/laravel/framework/src/Illuminate/Container/BoundMethod.php(37): Illuminate\\Container\\BoundMethod::callBoundMethod()
#26 /home/franco/Venta_De_Autopartes/AplicacionesWeb/vendor/laravel/framework/src/Illuminate/Container/Container.php(662): Illuminate\\Container\\BoundMethod::call()
#27 /home/franco/Venta_De_Autopartes/AplicacionesWeb/vendor/laravel/framework/src/Illuminate/Console/Command.php(211): Illuminate\\Container\\Container->call()
#28 /home/franco/Venta_De_Autopartes/AplicacionesWeb/vendor/symfony/console/Command/Command.php(326): Illuminate\\Console\\Command->execute()
#29 /home/franco/Venta_De_Autopartes/AplicacionesWeb/vendor/laravel/framework/src/Illuminate/Console/Command.php(181): Symfony\\Component\\Console\\Command\\Command->run()
#30 /home/franco/Venta_De_Autopartes/AplicacionesWeb/vendor/laravel/framework/src/Illuminate/Console/Concerns/CallsCommands.php(68): Illuminate\\Console\\Command->run()
#31 /home/franco/Venta_De_Autopartes/AplicacionesWeb/vendor/laravel/framework/src/Illuminate/Console/Concerns/CallsCommands.php(28): Illuminate\\Console\\Command->runCommand()
#32 /home/franco/Venta_De_Autopartes/AplicacionesWeb/vendor/laravel/framework/src/Illuminate/Database/Console/Migrations/FreshCommand.php(59): Illuminate\\Console\\Command->call()
#33 /home/franco/Venta_De_Autopartes/AplicacionesWeb/vendor/laravel/framework/src/Illuminate/Container/BoundMethod.php(36): Illuminate\\Database\\Console\\Migrations\\FreshCommand->handle()
#34 /home/franco/Venta_De_Autopartes/AplicacionesWeb/vendor/laravel/framework/src/Illuminate/Container/Util.php(41): Illuminate\\Container\\BoundMethod::Illuminate\\Container\\{closure}()
#35 /home/franco/Venta_De_Autopartes/AplicacionesWeb/vendor/laravel/framework/src/Illuminate/Container/BoundMethod.php(93): Illuminate\\Container\\Util::unwrapIfClosure()
#36 /home/franco/Venta_De_Autopartes/AplicacionesWeb/vendor/laravel/framework/src/Illuminate/Container/BoundMethod.php(37): Illuminate\\Container\\BoundMethod::callBoundMethod()
#37 /home/franco/Venta_De_Autopartes/AplicacionesWeb/vendor/laravel/framework/src/Illuminate/Container/Container.php(662): Illuminate\\Container\\BoundMethod::call()
#38 /home/franco/Venta_De_Autopartes/AplicacionesWeb/vendor/laravel/framework/src/Illuminate/Console/Command.php(211): Illuminate\\Container\\Container->call()
#39 /home/franco/Venta_De_Autopartes/AplicacionesWeb/vendor/symfony/console/Command/Command.php(326): Illuminate\\Console\\Command->execute()
#40 /home/franco/Venta_De_Autopartes/AplicacionesWeb/vendor/laravel/framework/src/Illuminate/Console/Command.php(181): Symfony\\Component\\Console\\Command\\Command->run()
#41 /home/franco/Venta_De_Autopartes/AplicacionesWeb/vendor/symfony/console/Application.php(1096): Illuminate\\Console\\Command->run()
#42 /home/franco/Venta_De_Autopartes/AplicacionesWeb/vendor/symfony/console/Application.php(324): Symfony\\Component\\Console\\Application->doRunCommand()
#43 /home/franco/Venta_De_Autopartes/AplicacionesWeb/vendor/symfony/console/Application.php(175): Symfony\\Component\\Console\\Application->doRun()
#44 /home/franco/Venta_De_Autopartes/AplicacionesWeb/vendor/laravel/framework/src/Illuminate/Foundation/Console/Kernel.php(201): Symfony\\Component\\Console\\Application->run()
#45 /home/franco/Venta_De_Autopartes/AplicacionesWeb/artisan(37): Illuminate\\Foundation\\Console\\Kernel->handle()
#46 {main}
"} 
[2026-03-16 22:53:26] local.ERROR: SQLSTATE[25P02]: In failed sql transaction: 7 ERROR:  current transaction is aborted, commands ignored until end of transaction block (Connection: pgsql, SQL: alter table "users" add constraint "users_email_unique" unique ("email")) {"exception":"[object] (Illuminate\\Database\\QueryException(code: 25P02): SQLSTATE[25P02]: In failed sql transaction: 7 ERROR:  current transaction is aborted, commands ignored until end of transaction block (Connection: pgsql, SQL: alter table \"users\" add constraint \"users_email_unique\" unique (\"email\")) at /home/franco/Venta_De_Autopartes/AplicacionesWeb/vendor/laravel/framework/src/Illuminate/Database/Connection.php:829)
[stacktrace]
#0 /home/franco/Venta_De_Autopartes/AplicacionesWeb/vendor/laravel/framework/src/Illuminate/Database/Connection.php(783): Illuminate\\Database\\Connection->runQueryCallback()
#1 /home/franco/Venta_De_Autopartes/AplicacionesWeb/vendor/laravel/framework/src/Illuminate/Database/Connection.php(588): Illuminate\\Database\\Connection->run()
#2 /home/franco/Venta_De_Autopartes/AplicacionesWeb/vendor/laravel/framework/src/Illuminate/Database/Schema/Blueprint.php(110): Illuminate\\Database\\Connection->statement()
#3 /home/franco/Venta_De_Autopartes/AplicacionesWeb/vendor/laravel/framework/src/Illuminate/Database/Schema/Builder.php(602): Illuminate\\Database\\Schema\\Blueprint->build()
#4 /home/franco/Venta_De_Autopartes/AplicacionesWeb/vendor/laravel/framework/src/Illuminate/Database/Schema/Builder.php(460): Illuminate\\Database\\Schema\\Builder->build()
#5 /home/franco/Venta_De_Autopartes/AplicacionesWeb/vendor/laravel/framework/src/Illuminate/Support/Facades/Facade.php(355): Illuminate\\Database\\Schema\\Builder->create()
#6 /home/franco/Venta_De_Autopartes/AplicacionesWeb/database/migrations/2014_10_12_000000_create_users_table.php(20): Illuminate\\Support\\Facades\\Facade::__callStatic()
#7 /home/franco/Venta_De_Autopartes/AplicacionesWeb/vendor/laravel/framework/src/Illuminate/Database/Migrations/Migrator.php(493): Illuminate\\Database\\Migrations\\Migration@anonymous->up()
#8 /home/franco/Venta_De_Autopartes/AplicacionesWeb/vendor/laravel/framework/src/Illuminate/Database/Migrations/Migrator.php(410): Illuminate\\Database\\Migrations\\Migrator->runMethod()
#9 /home/franco/Venta_De_Autopartes/AplicacionesWeb/vendor/laravel/framework/src/Illuminate/Database/Concerns/ManagesTransactions.php(30): Illuminate\\Database\\Migrations\\Migrator->Illuminate\\Database\\Migrations\\{closure}()
#10 /home/franco/Venta_De_Autopartes/AplicacionesWeb/vendor/laravel/framework/src/Illuminate/Database/Migrations/Migrator.php(418): Illuminate\\Database\\Connection->transaction()
#11 /home/franco/Venta_De_Autopartes/AplicacionesWeb/vendor/laravel/framework/src/Illuminate/Database/Migrations/Migrator.php(216): Illuminate\\Database\\Migrations\\Migrator->runMigration()
#12 /home/franco/Venta_De_Autopartes/AplicacionesWeb/vendor/laravel/framework/src/Illuminate/Console/View/Components/Task.php(37): Illuminate\\Database\\Migrations\\Migrator->Illuminate\\Database\\Migrations\\{closure}()
#13 /home/franco/Venta_De_Autopartes/AplicacionesWeb/vendor/laravel/framework/src/Illuminate/Database/Migrations/Migrator.php(756): Illuminate\\Console\\View\\Components\\Task->render()
#14 /home/franco/Venta_De_Autopartes/AplicacionesWeb/vendor/laravel/framework/src/Illuminate/Database/Migrations/Migrator.php(216): Illuminate\\Database\\Migrations\\Migrator->write()
#15 /home/franco/Venta_De_Autopartes/AplicacionesWeb/vendor/laravel/framework/src/Illuminate/Database/Migrations/Migrator.php(181): Illuminate\\Database\\Migrations\\Migrator->runUp()
#16 /home/franco/Venta_De_Autopartes/AplicacionesWeb/vendor/laravel/framework/src/Illuminate/Database/Migrations/Migrator.php(124): Illuminate\\Database\\Migrations\\Migrator->runPending()
#17 /home/franco/Venta_De_Autopartes/AplicacionesWeb/vendor/laravel/framework/src/Illuminate/Database/Console/Migrations/MigrateCommand.php(92): Illuminate\\Database\\Migrations\\Migrator->run()
#18 /home/franco/Venta_De_Autopartes/AplicacionesWeb/vendor/laravel/framework/src/Illuminate/Database/Migrations/Migrator.php(633): Illuminate\\Database\\Console\\Migrations\\MigrateCommand->Illuminate\\Database\\Console\\Migrations\\{closure}()
#19 /home/franco/Venta_De_Autopartes/AplicacionesWeb/vendor/laravel/framework/src/Illuminate/Database/Console/Migrations/MigrateCommand.php(104): Illuminate\\Database\\Migrations\\Migrator->usingConnection()
#20 /home/franco/Venta_De_Autopartes/AplicacionesWeb/vendor/laravel/framework/src/Illuminate/Container/BoundMethod.php(36): Illuminate\\Database\\Console\\Migrations\\MigrateCommand->handle()
#21 /home/franco/Venta_De_Autopartes/AplicacionesWeb/vendor/laravel/framework/src/Illuminate/Container/Util.php(41): Illuminate\\Container\\BoundMethod::Illuminate\\Container\\{closure}()
#22 /home/franco/Venta_De_Autopartes/AplicacionesWeb/vendor/laravel/framework/src/Illuminate/Container/BoundMethod.php(93): Illuminate\\Container\\Util::unwrapIfClosure()
#23 /home/franco/Venta_De_Autopartes/AplicacionesWeb/vendor/laravel/framework/src/Illuminate/Container/BoundMethod.php(37): Illuminate\\Container\\BoundMethod::callBoundMethod()
#24 /home/franco/Venta_De_Autopartes/AplicacionesWeb/vendor/laravel/framework/src/Illuminate/Container/Container.php(662): Illuminate\\Container\\BoundMethod::call()
#25 /home/franco/Venta_De_Autopartes/AplicacionesWeb/vendor/laravel/framework/src/Illuminate/Console/Command.php(211): Illuminate\\Container\\Container->call()
#26 /home/franco/Venta_De_Autopartes/AplicacionesWeb/vendor/symfony/console/Command/Command.php(326): Illuminate\\Console\\Command->execute()
#27 /home/franco/Venta_De_Autopartes/AplicacionesWeb/vendor/laravel/framework/src/Illuminate/Console/Command.php(181): Symfony\\Component\\Console\\Command\\Command->run()
#28 /home/franco/Venta_De_Autopartes/AplicacionesWeb/vendor/laravel/framework/src/Illuminate/Console/Concerns/CallsCommands.php(68): Illuminate\\Console\\Command->run()
#29 /home/franco/Venta_De_Autopartes/AplicacionesWeb/vendor/laravel/framework/src/Illuminate/Console/Concerns/CallsCommands.php(28): Illuminate\\Console\\Command->runCommand()
#30 /home/franco/Venta_De_Autopartes/AplicacionesWeb/vendor/laravel/framework/src/Illuminate/Database/Console/Migrations/FreshCommand.php(59): Illuminate\\Console\\Command->call()
#31 /home/franco/Venta_De_Autopartes/AplicacionesWeb/vendor/laravel/framework/src/Illuminate/Container/BoundMethod.php(36): Illuminate\\Database\\Console\\Migrations\\FreshCommand->handle()
#32 /home/franco/Venta_De_Autopartes/AplicacionesWeb/vendor/laravel/framework/src/Illuminate/Container/Util.php(41): Illuminate\\Container\\BoundMethod::Illuminate\\Container\\{closure}()
#33 /home/franco/Venta_De_Autopartes/AplicacionesWeb/vendor/laravel/framework/src/Illuminate/Container/BoundMethod.php(93): Illuminate\\Container\\Util::unwrapIfClosure()
#34 /home/franco/Venta_De_Autopartes/AplicacionesWeb/vendor/laravel/framework/src/Illuminate/Container/BoundMethod.php(37): Illuminate\\Container\\BoundMethod::callBoundMethod()
#35 /home/franco/Venta_De_Autopartes/AplicacionesWeb/vendor/laravel/framework/src/Illuminate/Container/Container.php(662): Illuminate\\Container\\BoundMethod::call()
#36 /home/franco/Venta_De_Autopartes/AplicacionesWeb/vendor/laravel/framework/src/Illuminate/Console/Command.php(211): Illuminate\\Container\\Container->call()
#37 /home/franco/Venta_De_Autopartes/AplicacionesWeb/vendor/symfony/console/Command/Command.php(326): Illuminate\\Console\\Command->execute()
#38 /home/franco/Venta_De_Autopartes/AplicacionesWeb/vendor/laravel/framework/src/Illuminate/Console/Command.php(181): Symfony\\Component\\Console\\Command\\Command->run()
#39 /home/franco/Venta_De_Autopartes/AplicacionesWeb/vendor/symfony/console/Application.php(1096): Illuminate\\Console\\Command->run()
#40 /home/franco/Venta_De_Autopartes/AplicacionesWeb/vendor/symfony/console/Application.php(324): Symfony\\Component\\Console\\Application->doRunCommand()
#41 /home/franco/Venta_De_Autopartes/AplicacionesWeb/vendor/symfony/console/Application.php(175): Symfony\\Component\\Console\\Application->doRun()
#42 /home/franco/Venta_De_Autopartes/AplicacionesWeb/vendor/laravel/framework/src/Illuminate/Foundation/Console/Kernel.php(201): Symfony\\Component\\Console\\Application->run()
#43 /home/franco/Venta_De_Autopartes/AplicacionesWeb/artisan(37): Illuminate\\Foundation\\Console\\Kernel->handle()
#44 {main}

[previous exception] [object] (PDOException(code: 25P02): SQLSTATE[25P02]: In failed sql transaction: 7 ERROR:  current transaction is aborted, commands ignored until end of transaction block at /home/franco/Venta_De_Autopartes/AplicacionesWeb/vendor/laravel/framework/src/Illuminate/Database/Connection.php:587)
[stacktrace]
#0 /home/franco/Venta_De_Autopartes/AplicacionesWeb/vendor/laravel/framework/src/Illuminate/Database/Connection.php(587): PDOStatement->execute()
#1 /home/franco/Venta_De_Autopartes/AplicacionesWeb/vendor/laravel/framework/src/Illuminate/Database/Connection.php(816): Illuminate\\Database\\Connection->Illuminate\\Database\\{closure}()
#2 /home/franco/Venta_De_Autopartes/AplicacionesWeb/vendor/laravel/framework/src/Illuminate/Database/Connection.php(783): Illuminate\\Database\\Connection->runQueryCallback()
#3 /home/franco/Venta_De_Autopartes/AplicacionesWeb/vendor/laravel/framework/src/Illuminate/Database/Connection.php(588): Illuminate\\Database\\Connection->run()
#4 /home/franco/Venta_De_Autopartes/AplicacionesWeb/vendor/laravel/framework/src/Illuminate/Database/Schema/Blueprint.php(110): Illuminate\\Database\\Connection->statement()
#5 /home/franco/Venta_De_Autopartes/AplicacionesWeb/vendor/laravel/framework/src/Illuminate/Database/Schema/Builder.php(602): Illuminate\\Database\\Schema\\Blueprint->build()
#6 /home/franco/Venta_De_Autopartes/AplicacionesWeb/vendor/laravel/framework/src/Illuminate/Database/Schema/Builder.php(460): Illuminate\\Database\\Schema\\Builder->build()
#7 /home/franco/Venta_De_Autopartes/AplicacionesWeb/vendor/laravel/framework/src/Illuminate/Support/Facades/Facade.php(355): Illuminate\\Database\\Schema\\Builder->create()
#8 /home/franco/Venta_De_Autopartes/AplicacionesWeb/database/migrations/2014_10_12_000000_create_users_table.php(20): Illuminate\\Support\\Facades\\Facade::__callStatic()
#9 /home/franco/Venta_De_Autopartes/AplicacionesWeb/vendor/laravel/framework/src/Illuminate/Database/Migrations/Migrator.php(493): Illuminate\\Database\\Migrations\\Migration@anonymous->up()
#10 /home/franco/Venta_De_Autopartes/AplicacionesWeb/vendor/laravel/framework/src/Illuminate/Database/Migrations/Migrator.php(410): Illuminate\\Database\\Migrations\\Migrator->runMethod()
#11 /home/franco/Venta_De_Autopartes/AplicacionesWeb/vendor/laravel/framework/src/Illuminate/Database/Concerns/ManagesTransactions.php(30): Illuminate\\Database\\Migrations\\Migrator->Illuminate\\Database\\Migrations\\{closure}()
#12 /home/franco/Venta_De_Autopartes/AplicacionesWeb/vendor/laravel/framework/src/Illuminate/Database/Migrations/Migrator.php(418): Illuminate\\Database\\Connection->transaction()
#13 /home/franco/Venta_De_Autopartes/AplicacionesWeb/vendor/laravel/framework/src/Illuminate/Database/Migrations/Migrator.php(216): Illuminate\\Database\\Migrations\\Migrator->runMigration()
#14 /home/franco/Venta_De_Autopartes/AplicacionesWeb/vendor/laravel/framework/src/Illuminate/Console/View/Components/Task.php(37): Illuminate\\Database\\Migrations\\Migrator->Illuminate\\Database\\Migrations\\{closure}()
#15 /home/franco/Venta_De_Autopartes/AplicacionesWeb/vendor/laravel/framework/src/Illuminate/Database/Migrations/Migrator.php(756): Illuminate\\Console\\View\\Components\\Task->render()
#16 /home/franco/Venta_De_Autopartes/AplicacionesWeb/vendor/laravel/framework/src/Illuminate/Database/Migrations/Migrator.php(216): Illuminate\\Database\\Migrations\\Migrator->write()
#17 /home/franco/Venta_De_Autopartes/AplicacionesWeb/vendor/laravel/framework/src/Illuminate/Database/Migrations/Migrator.php(181): Illuminate\\Database\\Migrations\\Migrator->runUp()
#18 /home/franco/Venta_De_Autopartes/AplicacionesWeb/vendor/laravel/framework/src/Illuminate/Database/Migrations/Migrator.php(124): Illuminate\\Database\\Migrations\\Migrator->runPending()
#19 /home/franco/Venta_De_Autopartes/AplicacionesWeb/vendor/laravel/framework/src/Illuminate/Database/Console/Migrations/MigrateCommand.php(92): Illuminate\\Database\\Migrations\\Migrator->run()
#20 /home/franco/Venta_De_Autopartes/AplicacionesWeb/vendor/laravel/framework/src/Illuminate/Database/Migrations/Migrator.php(633): Illuminate\\Database\\Console\\Migrations\\MigrateCommand->Illuminate\\Database\\Console\\Migrations\\{closure}()
#21 /home/franco/Venta_De_Autopartes/AplicacionesWeb/vendor/laravel/framework/src/Illuminate/Database/Console/Migrations/MigrateCommand.php(104): Illuminate\\Database\\Migrations\\Migrator->usingConnection()
#22 /home/franco/Venta_De_Autopartes/AplicacionesWeb/vendor/laravel/framework/src/Illuminate/Container/BoundMethod.php(36): Illuminate\\Database\\Console\\Migrations\\MigrateCommand->handle()
#23 /home/franco/Venta_De_Autopartes/AplicacionesWeb/vendor/laravel/framework/src/Illuminate/Container/Util.php(41): Illuminate\\Container\\BoundMethod::Illuminate\\Container\\{closure}()
#24 /home/franco/Venta_De_Autopartes/AplicacionesWeb/vendor/laravel/framework/src/Illuminate/Container/BoundMethod.php(93): Illuminate\\Container\\Util::unwrapIfClosure()
#25 /home/franco/Venta_De_Autopartes/AplicacionesWeb/vendor/laravel/framework/src/Illuminate/Container/BoundMethod.php(37): Illuminate\\Container\\BoundMethod::callBoundMethod()
#26 /home/franco/Venta_De_Autopartes/AplicacionesWeb/vendor/laravel/framework/src/Illuminate/Container/Container.php(662): Illuminate\\Container\\BoundMethod::call()
#27 /home/franco/Venta_De_Autopartes/AplicacionesWeb/vendor/laravel/framework/src/Illuminate/Console/Command.php(211): Illuminate\\Container\\Container->call()
#28 /home/franco/Venta_De_Autopartes/AplicacionesWeb/vendor/symfony/console/Command/Command.php(326): Illuminate\\Console\\Command->execute()
#29 /home/franco/Venta_De_Autopartes/AplicacionesWeb/vendor/laravel/framework/src/Illuminate/Console/Command.php(181): Symfony\\Component\\Console\\Command\\Command->run()
#30 /home/franco/Venta_De_Autopartes/AplicacionesWeb/vendor/laravel/framework/src/Illuminate/Console/Concerns/CallsCommands.php(68): Illuminate\\Console\\Command->run()
#31 /home/franco/Venta_De_Autopartes/AplicacionesWeb/vendor/laravel/framework/src/Illuminate/Console/Concerns/CallsCommands.php(28): Illuminate\\Console\\Command->runCommand()
#32 /home/franco/Venta_De_Autopartes/AplicacionesWeb/vendor/laravel/framework/src/Illuminate/Database/Console/Migrations/FreshCommand.php(59): Illuminate\\Console\\Command->call()
#33 /home/franco/Venta_De_Autopartes/AplicacionesWeb/vendor/laravel/framework/src/Illuminate/Container/BoundMethod.php(36): Illuminate\\Database\\Console\\Migrations\\FreshCommand->handle()
#34 /home/franco/Venta_De_Autopartes/AplicacionesWeb/vendor/laravel/framework/src/Illuminate/Container/Util.php(41): Illuminate\\Container\\BoundMethod::Illuminate\\Container\\{closure}()
#35 /home/franco/Venta_De_Autopartes/AplicacionesWeb/vendor/laravel/framework/src/Illuminate/Container/BoundMethod.php(93): Illuminate\\Container\\Util::unwrapIfClosure()
#36 /home/franco/Venta_De_Autopartes/AplicacionesWeb/vendor/laravel/framework/src/Illuminate/Container/BoundMethod.php(37): Illuminate\\Container\\BoundMethod::callBoundMethod()
#37 /home/franco/Venta_De_Autopartes/AplicacionesWeb/vendor/laravel/framework/src/Illuminate/Container/Container.php(662): Illuminate\\Container\\BoundMethod::call()
#38 /home/franco/Venta_De_Autopartes/AplicacionesWeb/vendor/laravel/framework/src/Illuminate/Console/Command.php(211): Illuminate\\Container\\Container->call()
#39 /home/franco/Venta_De_Autopartes/AplicacionesWeb/vendor/symfony/console/Command/Command.php(326): Illuminate\\Console\\Command->execute()
#40 /home/franco/Venta_De_Autopartes/AplicacionesWeb/vendor/laravel/framework/src/Illuminate/Console/Command.php(181): Symfony\\Component\\Console\\Command\\Command->run()
#41 /home/franco/Venta_De_Autopartes/AplicacionesWeb/vendor/symfony/console/Application.php(1096): Illuminate\\Console\\Command->run()
#42 /home/franco/Venta_De_Autopartes/AplicacionesWeb/vendor/symfony/console/Application.php(324): Symfony\\Component\\Console\\Application->doRunCommand()
#43 /home/franco/Venta_De_Autopartes/AplicacionesWeb/vendor/symfony/console/Application.php(175): Symfony\\Component\\Console\\Application->doRun()
#44 /home/franco/Venta_De_Autopartes/AplicacionesWeb/vendor/laravel/framework/src/Illuminate/Foundation/Console/Kernel.php(201): Symfony\\Component\\Console\\Application->run()
#45 /home/franco/Venta_De_Autopartes/AplicacionesWeb/artisan(37): Illuminate\\Foundation\\Console\\Kernel->handle()
#46 {main}
"} 
[2026-03-16 23:03:53] local.ERROR: SQLSTATE[25P02]: In failed sql transaction: 7 ERROR:  current transaction is aborted, commands ignored until end of transaction block (Connection: pgsql, SQL: alter table "users" add constraint "users_email_unique" unique ("email")) {"exception":"[object] (Illuminate\\Database\\QueryException(code: 25P02): SQLSTATE[25P02]: In failed sql transaction: 7 ERROR:  current transaction is aborted, commands ignored until end of transaction block (Connection: pgsql, SQL: alter table \"users\" add constraint \"users_email_unique\" unique (\"email\")) at /home/franco/Venta_De_Autopartes/AplicacionesWeb/vendor/laravel/framework/src/Illuminate/Database/Connection.php:829)
[stacktrace]
#0 /home/franco/Venta_De_Autopartes/AplicacionesWeb/vendor/laravel/framework/src/Illuminate/Database/Connection.php(783): Illuminate\\Database\\Connection->runQueryCallback()
#1 /home/franco/Venta_De_Autopartes/AplicacionesWeb/vendor/laravel/framework/src/Illuminate/Database/Connection.php(588): Illuminate\\Database\\Connection->run()
#2 /home/franco/Venta_De_Autopartes/AplicacionesWeb/vendor/laravel/framework/src/Illuminate/Database/Schema/Blueprint.php(110): Illuminate\\Database\\Connection->statement()
#3 /home/franco/Venta_De_Autopartes/AplicacionesWeb/vendor/laravel/framework/src/Illuminate/Database/Schema/Builder.php(602): Illuminate\\Database\\Schema\\Blueprint->build()
#4 /home/franco/Venta_De_Autopartes/AplicacionesWeb/vendor/laravel/framework/src/Illuminate/Database/Schema/Builder.php(460): Illuminate\\Database\\Schema\\Builder->build()
#5 /home/franco/Venta_De_Autopartes/AplicacionesWeb/vendor/laravel/framework/src/Illuminate/Support/Facades/Facade.php(355): Illuminate\\Database\\Schema\\Builder->create()
#6 /home/franco/Venta_De_Autopartes/AplicacionesWeb/database/migrations/2014_10_12_000000_create_users_table.php(20): Illuminate\\Support\\Facades\\Facade::__callStatic()
#7 /home/franco/Venta_De_Autopartes/AplicacionesWeb/vendor/laravel/framework/src/Illuminate/Database/Migrations/Migrator.php(493): Illuminate\\Database\\Migrations\\Migration@anonymous->up()
#8 /home/franco/Venta_De_Autopartes/AplicacionesWeb/vendor/laravel/framework/src/Illuminate/Database/Migrations/Migrator.php(410): Illuminate\\Database\\Migrations\\Migrator->runMethod()
#9 /home/franco/Venta_De_Autopartes/AplicacionesWeb/vendor/laravel/framework/src/Illuminate/Database/Concerns/ManagesTransactions.php(30): Illuminate\\Database\\Migrations\\Migrator->Illuminate\\Database\\Migrations\\{closure}()
#10 /home/franco/Venta_De_Autopartes/AplicacionesWeb/vendor/laravel/framework/src/Illuminate/Database/Migrations/Migrator.php(418): Illuminate\\Database\\Connection->transaction()
#11 /home/franco/Venta_De_Autopartes/AplicacionesWeb/vendor/laravel/framework/src/Illuminate/Database/Migrations/Migrator.php(216): Illuminate\\Database\\Migrations\\Migrator->runMigration()
#12 /home/franco/Venta_De_Autopartes/AplicacionesWeb/vendor/laravel/framework/src/Illuminate/Console/View/Components/Task.php(37): Illuminate\\Database\\Migrations\\Migrator->Illuminate\\Database\\Migrations\\{closure}()
#13 /home/franco/Venta_De_Autopartes/AplicacionesWeb/vendor/laravel/framework/src/Illuminate/Database/Migrations/Migrator.php(756): Illuminate\\Console\\View\\Components\\Task->render()
#14 /home/franco/Venta_De_Autopartes/AplicacionesWeb/vendor/laravel/framework/src/Illuminate/Database/Migrations/Migrator.php(216): Illuminate\\Database\\Migrations\\Migrator->write()
#15 /home/franco/Venta_De_Autopartes/AplicacionesWeb/vendor/laravel/framework/src/Illuminate/Database/Migrations/Migrator.php(181): Illuminate\\Database\\Migrations\\Migrator->runUp()
#16 /home/franco/Venta_De_Autopartes/AplicacionesWeb/vendor/laravel/framework/src/Illuminate/Database/Migrations/Migrator.php(124): Illuminate\\Database\\Migrations\\Migrator->runPending()
#17 /home/franco/Venta_De_Autopartes/AplicacionesWeb/vendor/laravel/framework/src/Illuminate/Database/Console/Migrations/MigrateCommand.php(92): Illuminate\\Database\\Migrations\\Migrator->run()
#18 /home/franco/Venta_De_Autopartes/AplicacionesWeb/vendor/laravel/framework/src/Illuminate/Database/Migrations/Migrator.php(633): Illuminate\\Database\\Console\\Migrations\\MigrateCommand->Illuminate\\Database\\Console\\Migrations\\{closure}()
#19 /home/franco/Venta_De_Autopartes/AplicacionesWeb/vendor/laravel/framework/src/Illuminate/Database/Console/Migrations/MigrateCommand.php(104): Illuminate\\Database\\Migrations\\Migrator->usingConnection()
#20 /home/franco/Venta_De_Autopartes/AplicacionesWeb/vendor/laravel/framework/src/Illuminate/Container/BoundMethod.php(36): Illuminate\\Database\\Console\\Migrations\\MigrateCommand->handle()
#21 /home/franco/Venta_De_Autopartes/AplicacionesWeb/vendor/laravel/framework/src/Illuminate/Container/Util.php(41): Illuminate\\Container\\BoundMethod::Illuminate\\Container\\{closure}()
#22 /home/franco/Venta_De_Autopartes/AplicacionesWeb/vendor/laravel/framework/src/Illuminate/Container/BoundMethod.php(93): Illuminate\\Container\\Util::unwrapIfClosure()
#23 /home/franco/Venta_De_Autopartes/AplicacionesWeb/vendor/laravel/framework/src/Illuminate/Container/BoundMethod.php(37): Illuminate\\Container\\BoundMethod::callBoundMethod()
#24 /home/franco/Venta_De_Autopartes/AplicacionesWeb/vendor/laravel/framework/src/Illuminate/Container/Container.php(662): Illuminate\\Container\\BoundMethod::call()
#25 /home/franco/Venta_De_Autopartes/AplicacionesWeb/vendor/laravel/framework/src/Illuminate/Console/Command.php(211): Illuminate\\Container\\Container->call()
#26 /home/franco/Venta_De_Autopartes/AplicacionesWeb/vendor/symfony/console/Command/Command.php(326): Illuminate\\Console\\Command->execute()
#27 /home/franco/Venta_De_Autopartes/AplicacionesWeb/vendor/laravel/framework/src/Illuminate/Console/Command.php(181): Symfony\\Component\\Console\\Command\\Command->run()
#28 /home/franco/Venta_De_Autopartes/AplicacionesWeb/vendor/laravel/framework/src/Illuminate/Console/Concerns/CallsCommands.php(68): Illuminate\\Console\\Command->run()
#29 /home/franco/Venta_De_Autopartes/AplicacionesWeb/vendor/laravel/framework/src/Illuminate/Console/Concerns/CallsCommands.php(28): Illuminate\\Console\\Command->runCommand()
#30 /home/franco/Venta_De_Autopartes/AplicacionesWeb/vendor/laravel/framework/src/Illuminate/Database/Console/Migrations/FreshCommand.php(59): Illuminate\\Console\\Command->call()
#31 /home/franco/Venta_De_Autopartes/AplicacionesWeb/vendor/laravel/framework/src/Illuminate/Container/BoundMethod.php(36): Illuminate\\Database\\Console\\Migrations\\FreshCommand->handle()
#32 /home/franco/Venta_De_Autopartes/AplicacionesWeb/vendor/laravel/framework/src/Illuminate/Container/Util.php(41): Illuminate\\Container\\BoundMethod::Illuminate\\Container\\{closure}()
#33 /home/franco/Venta_De_Autopartes/AplicacionesWeb/vendor/laravel/framework/src/Illuminate/Container/BoundMethod.php(93): Illuminate\\Container\\Util::unwrapIfClosure()
#34 /home/franco/Venta_De_Autopartes/AplicacionesWeb/vendor/laravel/framework/src/Illuminate/Container/BoundMethod.php(37): Illuminate\\Container\\BoundMethod::callBoundMethod()
#35 /home/franco/Venta_De_Autopartes/AplicacionesWeb/vendor/laravel/framework/src/Illuminate/Container/Container.php(662): Illuminate\\Container\\BoundMethod::call()
#36 /home/franco/Venta_De_Autopartes/AplicacionesWeb/vendor/laravel/framework/src/Illuminate/Console/Command.php(211): Illuminate\\Container\\Container->call()
#37 /home/franco/Venta_De_Autopartes/AplicacionesWeb/vendor/symfony/console/Command/Command.php(326): Illuminate\\Console\\Command->execute()
#38 /home/franco/Venta_De_Autopartes/AplicacionesWeb/vendor/laravel/framework/src/Illuminate/Console/Command.php(181): Symfony\\Component\\Console\\Command\\Command->run()
#39 /home/franco/Venta_De_Autopartes/AplicacionesWeb/vendor/symfony/console/Application.php(1096): Illuminate\\Console\\Command->run()
#40 /home/franco/Venta_De_Autopartes/AplicacionesWeb/vendor/symfony/console/Application.php(324): Symfony\\Component\\Console\\Application->doRunCommand()
#41 /home/franco/Venta_De_Autopartes/AplicacionesWeb/vendor/symfony/console/Application.php(175): Symfony\\Component\\Console\\Application->doRun()
#42 /home/franco/Venta_De_Autopartes/AplicacionesWeb/vendor/laravel/framework/src/Illuminate/Foundation/Console/Kernel.php(201): Symfony\\Component\\Console\\Application->run()
#43 /home/franco/Venta_De_Autopartes/AplicacionesWeb/artisan(37): Illuminate\\Foundation\\Console\\Kernel->handle()
#44 {main}

[previous exception] [object] (PDOException(code: 25P02): SQLSTATE[25P02]: In failed sql transaction: 7 ERROR:  current transaction is aborted, commands ignored until end of transaction block at /home/franco/Venta_De_Autopartes/AplicacionesWeb/vendor/laravel/framework/src/Illuminate/Database/Connection.php:587)
[stacktrace]
#0 /home/franco/Venta_De_Autopartes/AplicacionesWeb/vendor/laravel/framework/src/Illuminate/Database/Connection.php(587): PDOStatement->execute()
#1 /home/franco/Venta_De_Autopartes/AplicacionesWeb/vendor/laravel/framework/src/Illuminate/Database/Connection.php(816): Illuminate\\Database\\Connection->Illuminate\\Database\\{closure}()
#2 /home/franco/Venta_De_Autopartes/AplicacionesWeb/vendor/laravel/framework/src/Illuminate/Database/Connection.php(783): Illuminate\\Database\\Connection->runQueryCallback()
#3 /home/franco/Venta_De_Autopartes/AplicacionesWeb/vendor/laravel/framework/src/Illuminate/Database/Connection.php(588): Illuminate\\Database\\Connection->run()
#4 /home/franco/Venta_De_Autopartes/AplicacionesWeb/vendor/laravel/framework/src/Illuminate/Database/Schema/Blueprint.php(110): Illuminate\\Database\\Connection->statement()
#5 /home/franco/Venta_De_Autopartes/AplicacionesWeb/vendor/laravel/framework/src/Illuminate/Database/Schema/Builder.php(602): Illuminate\\Database\\Schema\\Blueprint->build()
#6 /home/franco/Venta_De_Autopartes/AplicacionesWeb/vendor/laravel/framework/src/Illuminate/Database/Schema/Builder.php(460): Illuminate\\Database\\Schema\\Builder->build()
#7 /home/franco/Venta_De_Autopartes/AplicacionesWeb/vendor/laravel/framework/src/Illuminate/Support/Facades/Facade.php(355): Illuminate\\Database\\Schema\\Builder->create()
#8 /home/franco/Venta_De_Autopartes/AplicacionesWeb/database/migrations/2014_10_12_000000_create_users_table.php(20): Illuminate\\Support\\Facades\\Facade::__callStatic()
#9 /home/franco/Venta_De_Autopartes/AplicacionesWeb/vendor/laravel/framework/src/Illuminate/Database/Migrations/Migrator.php(493): Illuminate\\Database\\Migrations\\Migration@anonymous->up()
#10 /home/franco/Venta_De_Autopartes/AplicacionesWeb/vendor/laravel/framework/src/Illuminate/Database/Migrations/Migrator.php(410): Illuminate\\Database\\Migrations\\Migrator->runMethod()
#11 /home/franco/Venta_De_Autopartes/AplicacionesWeb/vendor/laravel/framework/src/Illuminate/Database/Concerns/ManagesTransactions.php(30): Illuminate\\Database\\Migrations\\Migrator->Illuminate\\Database\\Migrations\\{closure}()
#12 /home/franco/Venta_De_Autopartes/AplicacionesWeb/vendor/laravel/framework/src/Illuminate/Database/Migrations/Migrator.php(418): Illuminate\\Database\\Connection->transaction()
#13 /home/franco/Venta_De_Autopartes/AplicacionesWeb/vendor/laravel/framework/src/Illuminate/Database/Migrations/Migrator.php(216): Illuminate\\Database\\Migrations\\Migrator->runMigration()
#14 /home/franco/Venta_De_Autopartes/AplicacionesWeb/vendor/laravel/framework/src/Illuminate/Console/View/Components/Task.php(37): Illuminate\\Database\\Migrations\\Migrator->Illuminate\\Database\\Migrations\\{closure}()
#15 /home/franco/Venta_De_Autopartes/AplicacionesWeb/vendor/laravel/framework/src/Illuminate/Database/Migrations/Migrator.php(756): Illuminate\\Console\\View\\Components\\Task->render()
#16 /home/franco/Venta_De_Autopartes/AplicacionesWeb/vendor/laravel/framework/src/Illuminate/Database/Migrations/Migrator.php(216): Illuminate\\Database\\Migrations\\Migrator->write()
#17 /home/franco/Venta_De_Autopartes/AplicacionesWeb/vendor/laravel/framework/src/Illuminate/Database/Migrations/Migrator.php(181): Illuminate\\Database\\Migrations\\Migrator->runUp()
#18 /home/franco/Venta_De_Autopartes/AplicacionesWeb/vendor/laravel/framework/src/Illuminate/Database/Migrations/Migrator.php(124): Illuminate\\Database\\Migrations\\Migrator->runPending()
#19 /home/franco/Venta_De_Autopartes/AplicacionesWeb/vendor/laravel/framework/src/Illuminate/Database/Console/Migrations/MigrateCommand.php(92): Illuminate\\Database\\Migrations\\Migrator->run()
#20 /home/franco/Venta_De_Autopartes/AplicacionesWeb/vendor/laravel/framework/src/Illuminate/Database/Migrations/Migrator.php(633): Illuminate\\Database\\Console\\Migrations\\MigrateCommand->Illuminate\\Database\\Console\\Migrations\\{closure}()
#21 /home/franco/Venta_De_Autopartes/AplicacionesWeb/vendor/laravel/framework/src/Illuminate/Database/Console/Migrations/MigrateCommand.php(104): Illuminate\\Database\\Migrations\\Migrator->usingConnection()
#22 /home/franco/Venta_De_Autopartes/AplicacionesWeb/vendor/laravel/framework/src/Illuminate/Container/BoundMethod.php(36): Illuminate\\Database\\Console\\Migrations\\MigrateCommand->handle()
#23 /home/franco/Venta_De_Autopartes/AplicacionesWeb/vendor/laravel/framework/src/Illuminate/Container/Util.php(41): Illuminate\\Container\\BoundMethod::Illuminate\\Container\\{closure}()
#24 /home/franco/Venta_De_Autopartes/AplicacionesWeb/vendor/laravel/framework/src/Illuminate/Container/BoundMethod.php(93): Illuminate\\Container\\Util::unwrapIfClosure()
#25 /home/franco/Venta_De_Autopartes/AplicacionesWeb/vendor/laravel/framework/src/Illuminate/Container/BoundMethod.php(37): Illuminate\\Container\\BoundMethod::callBoundMethod()
#26 /home/franco/Venta_De_Autopartes/AplicacionesWeb/vendor/laravel/framework/src/Illuminate/Container/Container.php(662): Illuminate\\Container\\BoundMethod::call()
#27 /home/franco/Venta_De_Autopartes/AplicacionesWeb/vendor/laravel/framework/src/Illuminate/Console/Command.php(211): Illuminate\\Container\\Container->call()
#28 /home/franco/Venta_De_Autopartes/AplicacionesWeb/vendor/symfony/console/Command/Command.php(326): Illuminate\\Console\\Command->execute()
#29 /home/franco/Venta_De_Autopartes/AplicacionesWeb/vendor/laravel/framework/src/Illuminate/Console/Command.php(181): Symfony\\Component\\Console\\Command\\Command->run()
#30 /home/franco/Venta_De_Autopartes/AplicacionesWeb/vendor/laravel/framework/src/Illuminate/Console/Concerns/CallsCommands.php(68): Illuminate\\Console\\Command->run()
#31 /home/franco/Venta_De_Autopartes/AplicacionesWeb/vendor/laravel/framework/src/Illuminate/Console/Concerns/CallsCommands.php(28): Illuminate\\Console\\Command->runCommand()
#32 /home/franco/Venta_De_Autopartes/AplicacionesWeb/vendor/laravel/framework/src/Illuminate/Database/Console/Migrations/FreshCommand.php(59): Illuminate\\Console\\Command->call()
#33 /home/franco/Venta_De_Autopartes/AplicacionesWeb/vendor/laravel/framework/src/Illuminate/Container/BoundMethod.php(36): Illuminate\\Database\\Console\\Migrations\\FreshCommand->handle()
#34 /home/franco/Venta_De_Autopartes/AplicacionesWeb/vendor/laravel/framework/src/Illuminate/Container/Util.php(41): Illuminate\\Container\\BoundMethod::Illuminate\\Container\\{closure}()
#35 /home/franco/Venta_De_Autopartes/AplicacionesWeb/vendor/laravel/framework/src/Illuminate/Container/BoundMethod.php(93): Illuminate\\Container\\Util::unwrapIfClosure()
#36 /home/franco/Venta_De_Autopartes/AplicacionesWeb/vendor/laravel/framework/src/Illuminate/Container/BoundMethod.php(37): Illuminate\\Container\\BoundMethod::callBoundMethod()
#37 /home/franco/Venta_De_Autopartes/AplicacionesWeb/vendor/laravel/framework/src/Illuminate/Container/Container.php(662): Illuminate\\Container\\BoundMethod::call()
#38 /home/franco/Venta_De_Autopartes/AplicacionesWeb/vendor/laravel/framework/src/Illuminate/Console/Command.php(211): Illuminate\\Container\\Container->call()
#39 /home/franco/Venta_De_Autopartes/AplicacionesWeb/vendor/symfony/console/Command/Command.php(326): Illuminate\\Console\\Command->execute()
#40 /home/franco/Venta_De_Autopartes/AplicacionesWeb/vendor/laravel/framework/src/Illuminate/Console/Command.php(181): Symfony\\Component\\Console\\Command\\Command->run()
#41 /home/franco/Venta_De_Autopartes/AplicacionesWeb/vendor/symfony/console/Application.php(1096): Illuminate\\Console\\Command->run()
#42 /home/franco/Venta_De_Autopartes/AplicacionesWeb/vendor/symfony/console/Application.php(324): Symfony\\Component\\Console\\Application->doRunCommand()
#43 /home/franco/Venta_De_Autopartes/AplicacionesWeb/vendor/symfony/console/Application.php(175): Symfony\\Component\\Console\\Application->doRun()
#44 /home/franco/Venta_De_Autopartes/AplicacionesWeb/vendor/laravel/framework/src/Illuminate/Foundation/Console/Kernel.php(201): Symfony\\Component\\Console\\Application->run()
#45 /home/franco/Venta_De_Autopartes/AplicacionesWeb/artisan(37): Illuminate\\Foundation\\Console\\Kernel->handle()
#46 {main}
"} 
[2026-03-16 23:12:13] local.ERROR: Command "migrate:freash" is not defined.

Did you mean one of these?
    migrate
    migrate:fresh
    migrate:install
    migrate:refresh
    migrate:reset
    migrate:rollback
    migrate:status {"exception":"[object] (Symfony\\Component\\Console\\Exception\\CommandNotFoundException(code: 0): Command \"migrate:freash\" is not defined.

Did you mean one of these?
    migrate
    migrate:fresh
    migrate:install
    migrate:refresh
    migrate:reset
    migrate:rollback
    migrate:status at /home/franco/Venta_De_Autopartes/AplicacionesWeb/vendor/symfony/console/Application.php:737)
[stacktrace]
#0 /home/franco/Venta_De_Autopartes/AplicacionesWeb/vendor/symfony/console/Application.php(266): Symfony\\Component\\Console\\Application->find()
#1 /home/franco/Venta_De_Autopartes/AplicacionesWeb/vendor/symfony/console/Application.php(175): Symfony\\Component\\Console\\Application->doRun()
#2 /home/franco/Venta_De_Autopartes/AplicacionesWeb/vendor/laravel/framework/src/Illuminate/Foundation/Console/Kernel.php(201): Symfony\\Component\\Console\\Application->run()
#3 /home/franco/Venta_De_Autopartes/AplicacionesWeb/artisan(37): Illuminate\\Foundation\\Console\\Kernel->handle()
#4 {main}
"} 
[2026-03-16 23:12:30] local.ERROR: SQLSTATE[25P02]: In failed sql transaction: 7 ERROR:  current transaction is aborted, commands ignored until end of transaction block (Connection: pgsql, SQL: alter table "users" add constraint "users_email_unique" unique ("email")) {"exception":"[object] (Illuminate\\Database\\QueryException(code: 25P02): SQLSTATE[25P02]: In failed sql transaction: 7 ERROR:  current transaction is aborted, commands ignored until end of transaction block (Connection: pgsql, SQL: alter table \"users\" add constraint \"users_email_unique\" unique (\"email\")) at /home/franco/Venta_De_Autopartes/AplicacionesWeb/vendor/laravel/framework/src/Illuminate/Database/Connection.php:829)
[stacktrace]
#0 /home/franco/Venta_De_Autopartes/AplicacionesWeb/vendor/laravel/framework/src/Illuminate/Database/Connection.php(783): Illuminate\\Database\\Connection->runQueryCallback()
#1 /home/franco/Venta_De_Autopartes/AplicacionesWeb/vendor/laravel/framework/src/Illuminate/Database/Connection.php(588): Illuminate\\Database\\Connection->run()
#2 /home/franco/Venta_De_Autopartes/AplicacionesWeb/vendor/laravel/framework/src/Illuminate/Database/Schema/Blueprint.php(110): Illuminate\\Database\\Connection->statement()
#3 /home/franco/Venta_De_Autopartes/AplicacionesWeb/vendor/laravel/framework/src/Illuminate/Database/Schema/Builder.php(602): Illuminate\\Database\\Schema\\Blueprint->build()
#4 /home/franco/Venta_De_Autopartes/AplicacionesWeb/vendor/laravel/framework/src/Illuminate/Database/Schema/Builder.php(460): Illuminate\\Database\\Schema\\Builder->build()
#5 /home/franco/Venta_De_Autopartes/AplicacionesWeb/vendor/laravel/framework/src/Illuminate/Support/Facades/Facade.php(355): Illuminate\\Database\\Schema\\Builder->create()
#6 /home/franco/Venta_De_Autopartes/AplicacionesWeb/database/migrations/2014_10_12_000000_create_users_table.php(20): Illuminate\\Support\\Facades\\Facade::__callStatic()
#7 /home/franco/Venta_De_Autopartes/AplicacionesWeb/vendor/laravel/framework/src/Illuminate/Database/Migrations/Migrator.php(493): Illuminate\\Database\\Migrations\\Migration@anonymous->up()
#8 /home/franco/Venta_De_Autopartes/AplicacionesWeb/vendor/laravel/framework/src/Illuminate/Database/Migrations/Migrator.php(410): Illuminate\\Database\\Migrations\\Migrator->runMethod()
#9 /home/franco/Venta_De_Autopartes/AplicacionesWeb/vendor/laravel/framework/src/Illuminate/Database/Concerns/ManagesTransactions.php(30): Illuminate\\Database\\Migrations\\Migrator->Illuminate\\Database\\Migrations\\{closure}()
#10 /home/franco/Venta_De_Autopartes/AplicacionesWeb/vendor/laravel/framework/src/Illuminate/Database/Migrations/Migrator.php(418): Illuminate\\Database\\Connection->transaction()
#11 /home/franco/Venta_De_Autopartes/AplicacionesWeb/vendor/laravel/framework/src/Illuminate/Database/Migrations/Migrator.php(216): Illuminate\\Database\\Migrations\\Migrator->runMigration()
#12 /home/franco/Venta_De_Autopartes/AplicacionesWeb/vendor/laravel/framework/src/Illuminate/Console/View/Components/Task.php(37): Illuminate\\Database\\Migrations\\Migrator->Illuminate\\Database\\Migrations\\{closure}()
#13 /home/franco/Venta_De_Autopartes/AplicacionesWeb/vendor/laravel/framework/src/Illuminate/Database/Migrations/Migrator.php(756): Illuminate\\Console\\View\\Components\\Task->render()
#14 /home/franco/Venta_De_Autopartes/AplicacionesWeb/vendor/laravel/framework/src/Illuminate/Database/Migrations/Migrator.php(216): Illuminate\\Database\\Migrations\\Migrator->write()
#15 /home/franco/Venta_De_Autopartes/AplicacionesWeb/vendor/laravel/framework/src/Illuminate/Database/Migrations/Migrator.php(181): Illuminate\\Database\\Migrations\\Migrator->runUp()
#16 /home/franco/Venta_De_Autopartes/AplicacionesWeb/vendor/laravel/framework/src/Illuminate/Database/Migrations/Migrator.php(124): Illuminate\\Database\\Migrations\\Migrator->runPending()
#17 /home/franco/Venta_De_Autopartes/AplicacionesWeb/vendor/laravel/framework/src/Illuminate/Database/Console/Migrations/MigrateCommand.php(92): Illuminate\\Database\\Migrations\\Migrator->run()
#18 /home/franco/Venta_De_Autopartes/AplicacionesWeb/vendor/laravel/framework/src/Illuminate/Database/Migrations/Migrator.php(633): Illuminate\\Database\\Console\\Migrations\\MigrateCommand->Illuminate\\Database\\Console\\Migrations\\{closure}()
#19 /home/franco/Venta_De_Autopartes/AplicacionesWeb/vendor/laravel/framework/src/Illuminate/Database/Console/Migrations/MigrateCommand.php(104): Illuminate\\Database\\Migrations\\Migrator->usingConnection()
#20 /home/franco/Venta_De_Autopartes/AplicacionesWeb/vendor/laravel/framework/src/Illuminate/Container/BoundMethod.php(36): Illuminate\\Database\\Console\\Migrations\\MigrateCommand->handle()
#21 /home/franco/Venta_De_Autopartes/AplicacionesWeb/vendor/laravel/framework/src/Illuminate/Container/Util.php(41): Illuminate\\Container\\BoundMethod::Illuminate\\Container\\{closure}()
#22 /home/franco/Venta_De_Autopartes/AplicacionesWeb/vendor/laravel/framework/src/Illuminate/Container/BoundMethod.php(93): Illuminate\\Container\\Util::unwrapIfClosure()
#23 /home/franco/Venta_De_Autopartes/AplicacionesWeb/vendor/laravel/framework/src/Illuminate/Container/BoundMethod.php(37): Illuminate\\Container\\BoundMethod::callBoundMethod()
#24 /home/franco/Venta_De_Autopartes/AplicacionesWeb/vendor/laravel/framework/src/Illuminate/Container/Container.php(662): Illuminate\\Container\\BoundMethod::call()
#25 /home/franco/Venta_De_Autopartes/AplicacionesWeb/vendor/laravel/framework/src/Illuminate/Console/Command.php(211): Illuminate\\Container\\Container->call()
#26 /home/franco/Venta_De_Autopartes/AplicacionesWeb/vendor/symfony/console/Command/Command.php(326): Illuminate\\Console\\Command->execute()
#27 /home/franco/Venta_De_Autopartes/AplicacionesWeb/vendor/laravel/framework/src/Illuminate/Console/Command.php(181): Symfony\\Component\\Console\\Command\\Command->run()
#28 /home/franco/Venta_De_Autopartes/AplicacionesWeb/vendor/laravel/framework/src/Illuminate/Console/Concerns/CallsCommands.php(68): Illuminate\\Console\\Command->run()
#29 /home/franco/Venta_De_Autopartes/AplicacionesWeb/vendor/laravel/framework/src/Illuminate/Console/Concerns/CallsCommands.php(28): Illuminate\\Console\\Command->runCommand()
#30 /home/franco/Venta_De_Autopartes/AplicacionesWeb/vendor/laravel/framework/src/Illuminate/Database/Console/Migrations/FreshCommand.php(59): Illuminate\\Console\\Command->call()
#31 /home/franco/Venta_De_Autopartes/AplicacionesWeb/vendor/laravel/framework/src/Illuminate/Container/BoundMethod.php(36): Illuminate\\Database\\Console\\Migrations\\FreshCommand->handle()
#32 /home/franco/Venta_De_Autopartes/AplicacionesWeb/vendor/laravel/framework/src/Illuminate/Container/Util.php(41): Illuminate\\Container\\BoundMethod::Illuminate\\Container\\{closure}()
#33 /home/franco/Venta_De_Autopartes/AplicacionesWeb/vendor/laravel/framework/src/Illuminate/Container/BoundMethod.php(93): Illuminate\\Container\\Util::unwrapIfClosure()
#34 /home/franco/Venta_De_Autopartes/AplicacionesWeb/vendor/laravel/framework/src/Illuminate/Container/BoundMethod.php(37): Illuminate\\Container\\BoundMethod::callBoundMethod()
#35 /home/franco/Venta_De_Autopartes/AplicacionesWeb/vendor/laravel/framework/src/Illuminate/Container/Container.php(662): Illuminate\\Container\\BoundMethod::call()
#36 /home/franco/Venta_De_Autopartes/AplicacionesWeb/vendor/laravel/framework/src/Illuminate/Console/Command.php(211): Illuminate\\Container\\Container->call()
#37 /home/franco/Venta_De_Autopartes/AplicacionesWeb/vendor/symfony/console/Command/Command.php(326): Illuminate\\Console\\Command->execute()
#38 /home/franco/Venta_De_Autopartes/AplicacionesWeb/vendor/laravel/framework/src/Illuminate/Console/Command.php(181): Symfony\\Component\\Console\\Command\\Command->run()
#39 /home/franco/Venta_De_Autopartes/AplicacionesWeb/vendor/symfony/console/Application.php(1096): Illuminate\\Console\\Command->run()
#40 /home/franco/Venta_De_Autopartes/AplicacionesWeb/vendor/symfony/console/Application.php(324): Symfony\\Component\\Console\\Application->doRunCommand()
#41 /home/franco/Venta_De_Autopartes/AplicacionesWeb/vendor/symfony/console/Application.php(175): Symfony\\Component\\Console\\Application->doRun()
#42 /home/franco/Venta_De_Autopartes/AplicacionesWeb/vendor/laravel/framework/src/Illuminate/Foundation/Console/Kernel.php(201): Symfony\\Component\\Console\\Application->run()
#43 /home/franco/Venta_De_Autopartes/AplicacionesWeb/artisan(37): Illuminate\\Foundation\\Console\\Kernel->handle()
#44 {main}

[previous exception] [object] (PDOException(code: 25P02): SQLSTATE[25P02]: In failed sql transaction: 7 ERROR:  current transaction is aborted, commands ignored until end of transaction block at /home/franco/Venta_De_Autopartes/AplicacionesWeb/vendor/laravel/framework/src/Illuminate/Database/Connection.php:587)
[stacktrace]
#0 /home/franco/Venta_De_Autopartes/AplicacionesWeb/vendor/laravel/framework/src/Illuminate/Database/Connection.php(587): PDOStatement->execute()
#1 /home/franco/Venta_De_Autopartes/AplicacionesWeb/vendor/laravel/framework/src/Illuminate/Database/Connection.php(816): Illuminate\\Database\\Connection->Illuminate\\Database\\{closure}()
#2 /home/franco/Venta_De_Autopartes/AplicacionesWeb/vendor/laravel/framework/src/Illuminate/Database/Connection.php(783): Illuminate\\Database\\Connection->runQueryCallback()
#3 /home/franco/Venta_De_Autopartes/AplicacionesWeb/vendor/laravel/framework/src/Illuminate/Database/Connection.php(588): Illuminate\\Database\\Connection->run()
#4 /home/franco/Venta_De_Autopartes/AplicacionesWeb/vendor/laravel/framework/src/Illuminate/Database/Schema/Blueprint.php(110): Illuminate\\Database\\Connection->statement()
#5 /home/franco/Venta_De_Autopartes/AplicacionesWeb/vendor/laravel/framework/src/Illuminate/Database/Schema/Builder.php(602): Illuminate\\Database\\Schema\\Blueprint->build()
#6 /home/franco/Venta_De_Autopartes/AplicacionesWeb/vendor/laravel/framework/src/Illuminate/Database/Schema/Builder.php(460): Illuminate\\Database\\Schema\\Builder->build()
#7 /home/franco/Venta_De_Autopartes/AplicacionesWeb/vendor/laravel/framework/src/Illuminate/Support/Facades/Facade.php(355): Illuminate\\Database\\Schema\\Builder->create()
#8 /home/franco/Venta_De_Autopartes/AplicacionesWeb/database/migrations/2014_10_12_000000_create_users_table.php(20): Illuminate\\Support\\Facades\\Facade::__callStatic()
#9 /home/franco/Venta_De_Autopartes/AplicacionesWeb/vendor/laravel/framework/src/Illuminate/Database/Migrations/Migrator.php(493): Illuminate\\Database\\Migrations\\Migration@anonymous->up()
#10 /home/franco/Venta_De_Autopartes/AplicacionesWeb/vendor/laravel/framework/src/Illuminate/Database/Migrations/Migrator.php(410): Illuminate\\Database\\Migrations\\Migrator->runMethod()
#11 /home/franco/Venta_De_Autopartes/AplicacionesWeb/vendor/laravel/framework/src/Illuminate/Database/Concerns/ManagesTransactions.php(30): Illuminate\\Database\\Migrations\\Migrator->Illuminate\\Database\\Migrations\\{closure}()
#12 /home/franco/Venta_De_Autopartes/AplicacionesWeb/vendor/laravel/framework/src/Illuminate/Database/Migrations/Migrator.php(418): Illuminate\\Database\\Connection->transaction()
#13 /home/franco/Venta_De_Autopartes/AplicacionesWeb/vendor/laravel/framework/src/Illuminate/Database/Migrations/Migrator.php(216): Illuminate\\Database\\Migrations\\Migrator->runMigration()
#14 /home/franco/Venta_De_Autopartes/AplicacionesWeb/vendor/laravel/framework/src/Illuminate/Console/View/Components/Task.php(37): Illuminate\\Database\\Migrations\\Migrator->Illuminate\\Database\\Migrations\\{closure}()
#15 /home/franco/Venta_De_Autopartes/AplicacionesWeb/vendor/laravel/framework/src/Illuminate/Database/Migrations/Migrator.php(756): Illuminate\\Console\\View\\Components\\Task->render()
#16 /home/franco/Venta_De_Autopartes/AplicacionesWeb/vendor/laravel/framework/src/Illuminate/Database/Migrations/Migrator.php(216): Illuminate\\Database\\Migrations\\Migrator->write()
#17 /home/franco/Venta_De_Autopartes/AplicacionesWeb/vendor/laravel/framework/src/Illuminate/Database/Migrations/Migrator.php(181): Illuminate\\Database\\Migrations\\Migrator->runUp()
#18 /home/franco/Venta_De_Autopartes/AplicacionesWeb/vendor/laravel/framework/src/Illuminate/Database/Migrations/Migrator.php(124): Illuminate\\Database\\Migrations\\Migrator->runPending()
#19 /home/franco/Venta_De_Autopartes/AplicacionesWeb/vendor/laravel/framework/src/Illuminate/Database/Console/Migrations/MigrateCommand.php(92): Illuminate\\Database\\Migrations\\Migrator->run()
#20 /home/franco/Venta_De_Autopartes/AplicacionesWeb/vendor/laravel/framework/src/Illuminate/Database/Migrations/Migrator.php(633): Illuminate\\Database\\Console\\Migrations\\MigrateCommand->Illuminate\\Database\\Console\\Migrations\\{closure}()
#21 /home/franco/Venta_De_Autopartes/AplicacionesWeb/vendor/laravel/framework/src/Illuminate/Database/Console/Migrations/MigrateCommand.php(104): Illuminate\\Database\\Migrations\\Migrator->usingConnection()
#22 /home/franco/Venta_De_Autopartes/AplicacionesWeb/vendor/laravel/framework/src/Illuminate/Container/BoundMethod.php(36): Illuminate\\Database\\Console\\Migrations\\MigrateCommand->handle()
#23 /home/franco/Venta_De_Autopartes/AplicacionesWeb/vendor/laravel/framework/src/Illuminate/Container/Util.php(41): Illuminate\\Container\\BoundMethod::Illuminate\\Container\\{closure}()
#24 /home/franco/Venta_De_Autopartes/AplicacionesWeb/vendor/laravel/framework/src/Illuminate/Container/BoundMethod.php(93): Illuminate\\Container\\Util::unwrapIfClosure()
#25 /home/franco/Venta_De_Autopartes/AplicacionesWeb/vendor/laravel/framework/src/Illuminate/Container/BoundMethod.php(37): Illuminate\\Container\\BoundMethod::callBoundMethod()
#26 /home/franco/Venta_De_Autopartes/AplicacionesWeb/vendor/laravel/framework/src/Illuminate/Container/Container.php(662): Illuminate\\Container\\BoundMethod::call()
#27 /home/franco/Venta_De_Autopartes/AplicacionesWeb/vendor/laravel/framework/src/Illuminate/Console/Command.php(211): Illuminate\\Container\\Container->call()
#28 /home/franco/Venta_De_Autopartes/AplicacionesWeb/vendor/symfony/console/Command/Command.php(326): Illuminate\\Console\\Command->execute()
#29 /home/franco/Venta_De_Autopartes/AplicacionesWeb/vendor/laravel/framework/src/Illuminate/Console/Command.php(181): Symfony\\Component\\Console\\Command\\Command->run()
#30 /home/franco/Venta_De_Autopartes/AplicacionesWeb/vendor/laravel/framework/src/Illuminate/Console/Concerns/CallsCommands.php(68): Illuminate\\Console\\Command->run()
#31 /home/franco/Venta_De_Autopartes/AplicacionesWeb/vendor/laravel/framework/src/Illuminate/Console/Concerns/CallsCommands.php(28): Illuminate\\Console\\Command->runCommand()
#32 /home/franco/Venta_De_Autopartes/AplicacionesWeb/vendor/laravel/framework/src/Illuminate/Database/Console/Migrations/FreshCommand.php(59): Illuminate\\Console\\Command->call()
#33 /home/franco/Venta_De_Autopartes/AplicacionesWeb/vendor/laravel/framework/src/Illuminate/Container/BoundMethod.php(36): Illuminate\\Database\\Console\\Migrations\\FreshCommand->handle()
#34 /home/franco/Venta_De_Autopartes/AplicacionesWeb/vendor/laravel/framework/src/Illuminate/Container/Util.php(41): Illuminate\\Container\\BoundMethod::Illuminate\\Container\\{closure}()
#35 /home/franco/Venta_De_Autopartes/AplicacionesWeb/vendor/laravel/framework/src/Illuminate/Container/BoundMethod.php(93): Illuminate\\Container\\Util::unwrapIfClosure()
#36 /home/franco/Venta_De_Autopartes/AplicacionesWeb/vendor/laravel/framework/src/Illuminate/Container/BoundMethod.php(37): Illuminate\\Container\\BoundMethod::callBoundMethod()
#37 /home/franco/Venta_De_Autopartes/AplicacionesWeb/vendor/laravel/framework/src/Illuminate/Container/Container.php(662): Illuminate\\Container\\BoundMethod::call()
#38 /home/franco/Venta_De_Autopartes/AplicacionesWeb/vendor/laravel/framework/src/Illuminate/Console/Command.php(211): Illuminate\\Container\\Container->call()
#39 /home/franco/Venta_De_Autopartes/AplicacionesWeb/vendor/symfony/console/Command/Command.php(326): Illuminate\\Console\\Command->execute()
#40 /home/franco/Venta_De_Autopartes/AplicacionesWeb/vendor/laravel/framework/src/Illuminate/Console/Command.php(181): Symfony\\Component\\Console\\Command\\Command->run()
#41 /home/franco/Venta_De_Autopartes/AplicacionesWeb/vendor/symfony/console/Application.php(1096): Illuminate\\Console\\Command->run()
#42 /home/franco/Venta_De_Autopartes/AplicacionesWeb/vendor/symfony/console/Application.php(324): Symfony\\Component\\Console\\Application->doRunCommand()
#43 /home/franco/Venta_De_Autopartes/AplicacionesWeb/vendor/symfony/console/Application.php(175): Symfony\\Component\\Console\\Application->doRun()
#44 /home/franco/Venta_De_Autopartes/AplicacionesWeb/vendor/laravel/framework/src/Illuminate/Foundation/Console/Kernel.php(201): Symfony\\Component\\Console\\Application->run()
#45 /home/franco/Venta_De_Autopartes/AplicacionesWeb/artisan(37): Illuminate\\Foundation\\Console\\Kernel->handle()
#46 {main}
"} 
[2026-03-17 14:44:31] local.ERROR: SQLSTATE[42P01]: Undefined table: 7 ERROR:  relation "users" does not exist
LINE 1: select count(*) as aggregate from "users" where "email" = $1
                                          ^ (Connection: pgsql, SQL: select count(*) as aggregate from "users" where "email" = franco92tw@gmail.com) {"exception":"[object] (Illuminate\\Database\\QueryException(code: 42P01): SQLSTATE[42P01]: Undefined table: 7 ERROR:  relation \"users\" does not exist
LINE 1: select count(*) as aggregate from \"users\" where \"email\" = $1
                                          ^ (Connection: pgsql, SQL: select count(*) as aggregate from \"users\" where \"email\" = franco92tw@gmail.com) at /home/franco/Venta_De_Autopartes/AplicacionesWeb/vendor/laravel/framework/src/Illuminate/Database/Connection.php:829)
[stacktrace]
#0 /home/franco/Venta_De_Autopartes/AplicacionesWeb/vendor/laravel/framework/src/Illuminate/Database/Connection.php(783): Illuminate\\Database\\Connection->runQueryCallback()
#1 /home/franco/Venta_De_Autopartes/AplicacionesWeb/vendor/laravel/framework/src/Illuminate/Database/Connection.php(431): Illuminate\\Database\\Connection->run()
#2 /home/franco/Venta_De_Autopartes/AplicacionesWeb/vendor/laravel/framework/src/Illuminate/Database/Query/Builder.php(2872): Illuminate\\Database\\Connection->select()
#3 /home/franco/Venta_De_Autopartes/AplicacionesWeb/vendor/laravel/framework/src/Illuminate/Database/Query/Builder.php(2860): Illuminate\\Database\\Query\\Builder->runSelect()
#4 /home/franco/Venta_De_Autopartes/AplicacionesWeb/vendor/laravel/framework/src/Illuminate/Database/Query/Builder.php(3414): Illuminate\\Database\\Query\\Builder->Illuminate\\Database\\Query\\{closure}()
#5 /home/franco/Venta_De_Autopartes/AplicacionesWeb/vendor/laravel/framework/src/Illuminate/Database/Query/Builder.php(2861): Illuminate\\Database\\Query\\Builder->onceWithColumns()
#6 /home/franco/Venta_De_Autopartes/AplicacionesWeb/vendor/laravel/framework/src/Illuminate/Database/Query/Builder.php(3341): Illuminate\\Database\\Query\\Builder->get()
#7 /home/franco/Venta_De_Autopartes/AplicacionesWeb/vendor/laravel/framework/src/Illuminate/Database/Query/Builder.php(3269): Illuminate\\Database\\Query\\Builder->aggregate()
#8 /home/franco/Venta_De_Autopartes/AplicacionesWeb/vendor/laravel/framework/src/Illuminate/Validation/DatabasePresenceVerifier.php(54): Illuminate\\Database\\Query\\Builder->count()
#9 /home/franco/Venta_De_Autopartes/AplicacionesWeb/vendor/laravel/framework/src/Illuminate/Validation/Concerns/ValidatesAttributes.php(949): Illuminate\\Validation\\DatabasePresenceVerifier->getCount()
#10 /home/franco/Venta_De_Autopartes/AplicacionesWeb/vendor/laravel/framework/src/Illuminate/Validation/Validator.php(658): Illuminate\\Validation\\Validator->validateUnique()
#11 /home/franco/Venta_De_Autopartes/AplicacionesWeb/vendor/laravel/framework/src/Illuminate/Validation/Validator.php(457): Illuminate\\Validation\\Validator->validateAttribute()
#12 /home/franco/Venta_De_Autopartes/AplicacionesWeb/vendor/laravel/framework/src/Illuminate/Validation/Validator.php(492): Illuminate\\Validation\\Validator->passes()
#13 /home/franco/Venta_De_Autopartes/AplicacionesWeb/vendor/laravel/framework/src/Illuminate/Validation/Validator.php(534): Illuminate\\Validation\\Validator->fails()
#14 /home/franco/Venta_De_Autopartes/AplicacionesWeb/vendor/laravel/framework/src/Illuminate/Foundation/Providers/FoundationServiceProvider.php(124): Illuminate\\Validation\\Validator->validate()
#15 /home/franco/Venta_De_Autopartes/AplicacionesWeb/vendor/laravel/framework/src/Illuminate/Macroable/Traits/Macroable.php(123): Illuminate\\Http\\Request->Illuminate\\Foundation\\Providers\\{closure}()
#16 /home/franco/Venta_De_Autopartes/AplicacionesWeb/app/Http/Controllers/AuthController.php(21): Illuminate\\Http\\Request->__call()
#17 /home/franco/Venta_De_Autopartes/AplicacionesWeb/vendor/laravel/framework/src/Illuminate/Routing/Controller.php(54): App\\Http\\Controllers\\AuthController->register()
#18 /home/franco/Venta_De_Autopartes/AplicacionesWeb/vendor/laravel/framework/src/Illuminate/Routing/ControllerDispatcher.php(43): Illuminate\\Routing\\Controller->callAction()
#19 /home/franco/Venta_De_Autopartes/AplicacionesWeb/vendor/laravel/framework/src/Illuminate/Routing/Route.php(260): Illuminate\\Routing\\ControllerDispatcher->dispatch()
#20 /home/franco/Venta_De_Autopartes/AplicacionesWeb/vendor/laravel/framework/src/Illuminate/Routing/Route.php(205): Illuminate\\Routing\\Route->runController()
#21 /home/franco/Venta_De_Autopartes/AplicacionesWeb/vendor/laravel/framework/src/Illuminate/Routing/Router.php(806): Illuminate\\Routing\\Route->run()
#22 /home/franco/Venta_De_Autopartes/AplicacionesWeb/vendor/laravel/framework/src/Illuminate/Pipeline/Pipeline.php(144): Illuminate\\Routing\\Router->Illuminate\\Routing\\{closure}()
#23 /home/franco/Venta_De_Autopartes/AplicacionesWeb/vendor/laravel/framework/src/Illuminate/Routing/Middleware/SubstituteBindings.php(50): Illuminate\\Pipeline\\Pipeline->Illuminate\\Pipeline\\{closure}()
#24 /home/franco/Venta_De_Autopartes/AplicacionesWeb/vendor/laravel/framework/src/Illuminate/Pipeline/Pipeline.php(183): Illuminate\\Routing\\Middleware\\SubstituteBindings->handle()
#25 /home/franco/Venta_De_Autopartes/AplicacionesWeb/vendor/laravel/framework/src/Illuminate/Foundation/Http/Middleware/VerifyCsrfToken.php(78): Illuminate\\Pipeline\\Pipeline->Illuminate\\Pipeline\\{closure}()
#26 /home/franco/Venta_De_Autopartes/AplicacionesWeb/vendor/laravel/framework/src/Illuminate/Pipeline/Pipeline.php(183): Illuminate\\Foundation\\Http\\Middleware\\VerifyCsrfToken->handle()
#27 /home/franco/Venta_De_Autopartes/AplicacionesWeb/vendor/laravel/framework/src/Illuminate/View/Middleware/ShareErrorsFromSession.php(49): Illuminate\\Pipeline\\Pipeline->Illuminate\\Pipeline\\{closure}()
#28 /home/franco/Venta_De_Autopartes/AplicacionesWeb/vendor/laravel/framework/src/Illuminate/Pipeline/Pipeline.php(183): Illuminate\\View\\Middleware\\ShareErrorsFromSession->handle()
#29 /home/franco/Venta_De_Autopartes/AplicacionesWeb/vendor/laravel/framework/src/Illuminate/Session/Middleware/StartSession.php(121): Illuminate\\Pipeline\\Pipeline->Illuminate\\Pipeline\\{closure}()
#30 /home/franco/Venta_De_Autopartes/AplicacionesWeb/vendor/laravel/framework/src/Illuminate/Session/Middleware/StartSession.php(64): Illuminate\\Session\\Middleware\\StartSession->handleStatefulRequest()
#31 /home/franco/Venta_De_Autopartes/AplicacionesWeb/vendor/laravel/framework/src/Illuminate/Pipeline/Pipeline.php(183): Illuminate\\Session\\Middleware\\StartSession->handle()
#32 /home/franco/Venta_De_Autopartes/AplicacionesWeb/vendor/laravel/framework/src/Illuminate/Cookie/Middleware/AddQueuedCookiesToResponse.php(37): Illuminate\\Pipeline\\Pipeline->Illuminate\\Pipeline\\{closure}()
#33 /home/franco/Venta_De_Autopartes/AplicacionesWeb/vendor/laravel/framework/src/Illuminate/Pipeline/Pipeline.php(183): Illuminate\\Cookie\\Middleware\\AddQueuedCookiesToResponse->handle()
#34 /home/franco/Venta_De_Autopartes/AplicacionesWeb/vendor/laravel/framework/src/Illuminate/Cookie/Middleware/EncryptCookies.php(67): Illuminate\\Pipeline\\Pipeline->Illuminate\\Pipeline\\{closure}()
#35 /home/franco/Venta_De_Autopartes/AplicacionesWeb/vendor/laravel/framework/src/Illuminate/Pipeline/Pipeline.php(183): Illuminate\\Cookie\\Middleware\\EncryptCookies->handle()
#36 /home/franco/Venta_De_Autopartes/AplicacionesWeb/vendor/laravel/framework/src/Illuminate/Pipeline/Pipeline.php(119): Illuminate\\Pipeline\\Pipeline->Illuminate\\Pipeline\\{closure}()
#37 /home/franco/Venta_De_Autopartes/AplicacionesWeb/vendor/laravel/framework/src/Illuminate/Routing/Router.php(807): Illuminate\\Pipeline\\Pipeline->then()
#38 /home/franco/Venta_De_Autopartes/AplicacionesWeb/vendor/laravel/framework/src/Illuminate/Routing/Router.php(784): Illuminate\\Routing\\Router->runRouteWithinStack()
#39 /home/franco/Venta_De_Autopartes/AplicacionesWeb/vendor/laravel/framework/src/Illuminate/Routing/Router.php(748): Illuminate\\Routing\\Router->runRoute()
#40 /home/franco/Venta_De_Autopartes/AplicacionesWeb/vendor/laravel/framework/src/Illuminate/Routing/Router.php(737): Illuminate\\Routing\\Router->dispatchToRoute()
#41 /home/franco/Venta_De_Autopartes/AplicacionesWeb/vendor/laravel/framework/src/Illuminate/Foundation/Http/Kernel.php(200): Illuminate\\Routing\\Router->dispatch()
#42 /home/franco/Venta_De_Autopartes/AplicacionesWeb/vendor/laravel/framework/src/Illuminate/Pipeline/Pipeline.php(144): Illuminate\\Foundation\\Http\\Kernel->Illuminate\\Foundation\\Http\\{closure}()
#43 /home/franco/Venta_De_Autopartes/AplicacionesWeb/vendor/laravel/framework/src/Illuminate/Foundation/Http/Middleware/TransformsRequest.php(21): Illuminate\\Pipeline\\Pipeline->Illuminate\\Pipeline\\{closure}()
#44 /home/franco/Venta_De_Autopartes/AplicacionesWeb/vendor/laravel/framework/src/Illuminate/Foundation/Http/Middleware/ConvertEmptyStringsToNull.php(31): Illuminate\\Foundation\\Http\\Middleware\\TransformsRequest->handle()
#45 /home/franco/Venta_De_Autopartes/AplicacionesWeb/vendor/laravel/framework/src/Illuminate/Pipeline/Pipeline.php(183): Illuminate\\Foundation\\Http\\Middleware\\ConvertEmptyStringsToNull->handle()
#46 /home/franco/Venta_De_Autopartes/AplicacionesWeb/vendor/laravel/framework/src/Illuminate/Foundation/Http/Middleware/TransformsRequest.php(21): Illuminate\\Pipeline\\Pipeline->Illuminate\\Pipeline\\{closure}()
#47 /home/franco/Venta_De_Autopartes/AplicacionesWeb/vendor/laravel/framework/src/Illuminate/Foundation/Http/Middleware/TrimStrings.php(40): Illuminate\\Foundation\\Http\\Middleware\\TransformsRequest->handle()
#48 /home/franco/Venta_De_Autopartes/AplicacionesWeb/vendor/laravel/framework/src/Illuminate/Pipeline/Pipeline.php(183): Illuminate\\Foundation\\Http\\Middleware\\TrimStrings->handle()
#49 /home/franco/Venta_De_Autopartes/AplicacionesWeb/vendor/laravel/framework/src/Illuminate/Foundation/Http/Middleware/ValidatePostSize.php(27): Illuminate\\Pipeline\\Pipeline->Illuminate\\Pipeline\\{closure}()
#50 /home/franco/Venta_De_Autopartes/AplicacionesWeb/vendor/laravel/framework/src/Illuminate/Pipeline/Pipeline.php(183): Illuminate\\Foundation\\Http\\Middleware\\ValidatePostSize->handle()
#51 /home/franco/Venta_De_Autopartes/AplicacionesWeb/vendor/laravel/framework/src/Illuminate/Foundation/Http/Middleware/PreventRequestsDuringMaintenance.php(99): Illuminate\\Pipeline\\Pipeline->Illuminate\\Pipeline\\{closure}()
#52 /home/franco/Venta_De_Autopartes/AplicacionesWeb/vendor/laravel/framework/src/Illuminate/Pipeline/Pipeline.php(183): Illuminate\\Foundation\\Http\\Middleware\\PreventRequestsDuringMaintenance->handle()
#53 /home/franco/Venta_De_Autopartes/AplicacionesWeb/vendor/laravel/framework/src/Illuminate/Http/Middleware/HandleCors.php(49): Illuminate\\Pipeline\\Pipeline->Illuminate\\Pipeline\\{closure}()
#54 /home/franco/Venta_De_Autopartes/AplicacionesWeb/vendor/laravel/framework/src/Illuminate/Pipeline/Pipeline.php(183): Illuminate\\Http\\Middleware\\HandleCors->handle()
#55 /home/franco/Venta_De_Autopartes/AplicacionesWeb/vendor/laravel/framework/src/Illuminate/Http/Middleware/TrustProxies.php(39): Illuminate\\Pipeline\\Pipeline->Illuminate\\Pipeline\\{closure}()
#56 /home/franco/Venta_De_Autopartes/AplicacionesWeb/vendor/laravel/framework/src/Illuminate/Pipeline/Pipeline.php(183): Illuminate\\Http\\Middleware\\TrustProxies->handle()
#57 /home/franco/Venta_De_Autopartes/AplicacionesWeb/vendor/laravel/framework/src/Illuminate/Pipeline/Pipeline.php(119): Illuminate\\Pipeline\\Pipeline->Illuminate\\Pipeline\\{closure}()
#58 /home/franco/Venta_De_Autopartes/AplicacionesWeb/vendor/laravel/framework/src/Illuminate/Foundation/Http/Kernel.php(175): Illuminate\\Pipeline\\Pipeline->then()
#59 /home/franco/Venta_De_Autopartes/AplicacionesWeb/vendor/laravel/framework/src/Illuminate/Foundation/Http/Kernel.php(144): Illuminate\\Foundation\\Http\\Kernel->sendRequestThroughRouter()
#60 /home/franco/Venta_De_Autopartes/AplicacionesWeb/public/index.php(52): Illuminate\\Foundation\\Http\\Kernel->handle()
#61 /home/franco/Venta_De_Autopartes/AplicacionesWeb/vendor/laravel/framework/src/Illuminate/Foundation/resources/server.php(16): require_once('...')
#62 {main}

[previous exception] [object] (PDOException(code: 42P01): SQLSTATE[42P01]: Undefined table: 7 ERROR:  relation \"users\" does not exist
LINE 1: select count(*) as aggregate from \"users\" where \"email\" = $1
                                          ^ at /home/franco/Venta_De_Autopartes/AplicacionesWeb/vendor/laravel/framework/src/Illuminate/Database/Connection.php:428)
[stacktrace]
#0 /home/franco/Venta_De_Autopartes/AplicacionesWeb/vendor/laravel/framework/src/Illuminate/Database/Connection.php(428): PDOStatement->execute()
#1 /home/franco/Venta_De_Autopartes/AplicacionesWeb/vendor/laravel/framework/src/Illuminate/Database/Connection.php(816): Illuminate\\Database\\Connection->Illuminate\\Database\\{closure}()
#2 /home/franco/Venta_De_Autopartes/AplicacionesWeb/vendor/laravel/framework/src/Illuminate/Database/Connection.php(783): Illuminate\\Database\\Connection->runQueryCallback()
#3 /home/franco/Venta_De_Autopartes/AplicacionesWeb/vendor/laravel/framework/src/Illuminate/Database/Connection.php(431): Illuminate\\Database\\Connection->run()
#4 /home/franco/Venta_De_Autopartes/AplicacionesWeb/vendor/laravel/framework/src/Illuminate/Database/Query/Builder.php(2872): Illuminate\\Database\\Connection->select()
#5 /home/franco/Venta_De_Autopartes/AplicacionesWeb/vendor/laravel/framework/src/Illuminate/Database/Query/Builder.php(2860): Illuminate\\Database\\Query\\Builder->runSelect()
#6 /home/franco/Venta_De_Autopartes/AplicacionesWeb/vendor/laravel/framework/src/Illuminate/Database/Query/Builder.php(3414): Illuminate\\Database\\Query\\Builder->Illuminate\\Database\\Query\\{closure}()
#7 /home/franco/Venta_De_Autopartes/AplicacionesWeb/vendor/laravel/framework/src/Illuminate/Database/Query/Builder.php(2861): Illuminate\\Database\\Query\\Builder->onceWithColumns()
#8 /home/franco/Venta_De_Autopartes/AplicacionesWeb/vendor/laravel/framework/src/Illuminate/Database/Query/Builder.php(3341): Illuminate\\Database\\Query\\Builder->get()
#9 /home/franco/Venta_De_Autopartes/AplicacionesWeb/vendor/laravel/framework/src/Illuminate/Database/Query/Builder.php(3269): Illuminate\\Database\\Query\\Builder->aggregate()
#10 /home/franco/Venta_De_Autopartes/AplicacionesWeb/vendor/laravel/framework/src/Illuminate/Validation/DatabasePresenceVerifier.php(54): Illuminate\\Database\\Query\\Builder->count()
#11 /home/franco/Venta_De_Autopartes/AplicacionesWeb/vendor/laravel/framework/src/Illuminate/Validation/Concerns/ValidatesAttributes.php(949): Illuminate\\Validation\\DatabasePresenceVerifier->getCount()
#12 /home/franco/Venta_De_Autopartes/AplicacionesWeb/vendor/laravel/framework/src/Illuminate/Validation/Validator.php(658): Illuminate\\Validation\\Validator->validateUnique()
#13 /home/franco/Venta_De_Autopartes/AplicacionesWeb/vendor/laravel/framework/src/Illuminate/Validation/Validator.php(457): Illuminate\\Validation\\Validator->validateAttribute()
#14 /home/franco/Venta_De_Autopartes/AplicacionesWeb/vendor/laravel/framework/src/Illuminate/Validation/Validator.php(492): Illuminate\\Validation\\Validator->passes()
#15 /home/franco/Venta_De_Autopartes/AplicacionesWeb/vendor/laravel/framework/src/Illuminate/Validation/Validator.php(534): Illuminate\\Validation\\Validator->fails()
#16 /home/franco/Venta_De_Autopartes/AplicacionesWeb/vendor/laravel/framework/src/Illuminate/Foundation/Providers/FoundationServiceProvider.php(124): Illuminate\\Validation\\Validator->validate()
#17 /home/franco/Venta_De_Autopartes/AplicacionesWeb/vendor/laravel/framework/src/Illuminate/Macroable/Traits/Macroable.php(123): Illuminate\\Http\\Request->Illuminate\\Foundation\\Providers\\{closure}()
#18 /home/franco/Venta_De_Autopartes/AplicacionesWeb/app/Http/Controllers/AuthController.php(21): Illuminate\\Http\\Request->__call()
#19 /home/franco/Venta_De_Autopartes/AplicacionesWeb/vendor/laravel/framework/src/Illuminate/Routing/Controller.php(54): App\\Http\\Controllers\\AuthController->register()
#20 /home/franco/Venta_De_Autopartes/AplicacionesWeb/vendor/laravel/framework/src/Illuminate/Routing/ControllerDispatcher.php(43): Illuminate\\Routing\\Controller->callAction()
#21 /home/franco/Venta_De_Autopartes/AplicacionesWeb/vendor/laravel/framework/src/Illuminate/Routing/Route.php(260): Illuminate\\Routing\\ControllerDispatcher->dispatch()
#22 /home/franco/Venta_De_Autopartes/AplicacionesWeb/vendor/laravel/framework/src/Illuminate/Routing/Route.php(205): Illuminate\\Routing\\Route->runController()
#23 /home/franco/Venta_De_Autopartes/AplicacionesWeb/vendor/laravel/framework/src/Illuminate/Routing/Router.php(806): Illuminate\\Routing\\Route->run()
#24 /home/franco/Venta_De_Autopartes/AplicacionesWeb/vendor/laravel/framework/src/Illuminate/Pipeline/Pipeline.php(144): Illuminate\\Routing\\Router->Illuminate\\Routing\\{closure}()
#25 /home/franco/Venta_De_Autopartes/AplicacionesWeb/vendor/laravel/framework/src/Illuminate/Routing/Middleware/SubstituteBindings.php(50): Illuminate\\Pipeline\\Pipeline->Illuminate\\Pipeline\\{closure}()
#26 /home/franco/Venta_De_Autopartes/AplicacionesWeb/vendor/laravel/framework/src/Illuminate/Pipeline/Pipeline.php(183): Illuminate\\Routing\\Middleware\\SubstituteBindings->handle()
#27 /home/franco/Venta_De_Autopartes/AplicacionesWeb/vendor/laravel/framework/src/Illuminate/Foundation/Http/Middleware/VerifyCsrfToken.php(78): Illuminate\\Pipeline\\Pipeline->Illuminate\\Pipeline\\{closure}()
#28 /home/franco/Venta_De_Autopartes/AplicacionesWeb/vendor/laravel/framework/src/Illuminate/Pipeline/Pipeline.php(183): Illuminate\\Foundation\\Http\\Middleware\\VerifyCsrfToken->handle()
#29 /home/franco/Venta_De_Autopartes/AplicacionesWeb/vendor/laravel/framework/src/Illuminate/View/Middleware/ShareErrorsFromSession.php(49): Illuminate\\Pipeline\\Pipeline->Illuminate\\Pipeline\\{closure}()
#30 /home/franco/Venta_De_Autopartes/AplicacionesWeb/vendor/laravel/framework/src/Illuminate/Pipeline/Pipeline.php(183): Illuminate\\View\\Middleware\\ShareErrorsFromSession->handle()
#31 /home/franco/Venta_De_Autopartes/AplicacionesWeb/vendor/laravel/framework/src/Illuminate/Session/Middleware/StartSession.php(121): Illuminate\\Pipeline\\Pipeline->Illuminate\\Pipeline\\{closure}()
#32 /home/franco/Venta_De_Autopartes/AplicacionesWeb/vendor/laravel/framework/src/Illuminate/Session/Middleware/StartSession.php(64): Illuminate\\Session\\Middleware\\StartSession->handleStatefulRequest()
#33 /home/franco/Venta_De_Autopartes/AplicacionesWeb/vendor/laravel/framework/src/Illuminate/Pipeline/Pipeline.php(183): Illuminate\\Session\\Middleware\\StartSession->handle()
#34 /home/franco/Venta_De_Autopartes/AplicacionesWeb/vendor/laravel/framework/src/Illuminate/Cookie/Middleware/AddQueuedCookiesToResponse.php(37): Illuminate\\Pipeline\\Pipeline->Illuminate\\Pipeline\\{closure}()
#35 /home/franco/Venta_De_Autopartes/AplicacionesWeb/vendor/laravel/framework/src/Illuminate/Pipeline/Pipeline.php(183): Illuminate\\Cookie\\Middleware\\AddQueuedCookiesToResponse->handle()
#36 /home/franco/Venta_De_Autopartes/AplicacionesWeb/vendor/laravel/framework/src/Illuminate/Cookie/Middleware/EncryptCookies.php(67): Illuminate\\Pipeline\\Pipeline->Illuminate\\Pipeline\\{closure}()
#37 /home/franco/Venta_De_Autopartes/AplicacionesWeb/vendor/laravel/framework/src/Illuminate/Pipeline/Pipeline.php(183): Illuminate\\Cookie\\Middleware\\EncryptCookies->handle()
#38 /home/franco/Venta_De_Autopartes/AplicacionesWeb/vendor/laravel/framework/src/Illuminate/Pipeline/Pipeline.php(119): Illuminate\\Pipeline\\Pipeline->Illuminate\\Pipeline\\{closure}()
#39 /home/franco/Venta_De_Autopartes/AplicacionesWeb/vendor/laravel/framework/src/Illuminate/Routing/Router.php(807): Illuminate\\Pipeline\\Pipeline->then()
#40 /home/franco/Venta_De_Autopartes/AplicacionesWeb/vendor/laravel/framework/src/Illuminate/Routing/Router.php(784): Illuminate\\Routing\\Router->runRouteWithinStack()
#41 /home/franco/Venta_De_Autopartes/AplicacionesWeb/vendor/laravel/framework/src/Illuminate/Routing/Router.php(748): Illuminate\\Routing\\Router->runRoute()
#42 /home/franco/Venta_De_Autopartes/AplicacionesWeb/vendor/laravel/framework/src/Illuminate/Routing/Router.php(737): Illuminate\\Routing\\Router->dispatchToRoute()
#43 /home/franco/Venta_De_Autopartes/AplicacionesWeb/vendor/laravel/framework/src/Illuminate/Foundation/Http/Kernel.php(200): Illuminate\\Routing\\Router->dispatch()
#44 /home/franco/Venta_De_Autopartes/AplicacionesWeb/vendor/laravel/framework/src/Illuminate/Pipeline/Pipeline.php(144): Illuminate\\Foundation\\Http\\Kernel->Illuminate\\Foundation\\Http\\{closure}()
#45 /home/franco/Venta_De_Autopartes/AplicacionesWeb/vendor/laravel/framework/src/Illuminate/Foundation/Http/Middleware/TransformsRequest.php(21): Illuminate\\Pipeline\\Pipeline->Illuminate\\Pipeline\\{closure}()
#46 /home/franco/Venta_De_Autopartes/AplicacionesWeb/vendor/laravel/framework/src/Illuminate/Foundation/Http/Middleware/ConvertEmptyStringsToNull.php(31): Illuminate\\Foundation\\Http\\Middleware\\TransformsRequest->handle()
#47 /home/franco/Venta_De_Autopartes/AplicacionesWeb/vendor/laravel/framework/src/Illuminate/Pipeline/Pipeline.php(183): Illuminate\\Foundation\\Http\\Middleware\\ConvertEmptyStringsToNull->handle()
#48 /home/franco/Venta_De_Autopartes/AplicacionesWeb/vendor/laravel/framework/src/Illuminate/Foundation/Http/Middleware/TransformsRequest.php(21): Illuminate\\Pipeline\\Pipeline->Illuminate\\Pipeline\\{closure}()
#49 /home/franco/Venta_De_Autopartes/AplicacionesWeb/vendor/laravel/framework/src/Illuminate/Foundation/Http/Middleware/TrimStrings.php(40): Illuminate\\Foundation\\Http\\Middleware\\TransformsRequest->handle()
#50 /home/franco/Venta_De_Autopartes/AplicacionesWeb/vendor/laravel/framework/src/Illuminate/Pipeline/Pipeline.php(183): Illuminate\\Foundation\\Http\\Middleware\\TrimStrings->handle()
#51 /home/franco/Venta_De_Autopartes/AplicacionesWeb/vendor/laravel/framework/src/Illuminate/Foundation/Http/Middleware/ValidatePostSize.php(27): Illuminate\\Pipeline\\Pipeline->Illuminate\\Pipeline\\{closure}()
#52 /home/franco/Venta_De_Autopartes/AplicacionesWeb/vendor/laravel/framework/src/Illuminate/Pipeline/Pipeline.php(183): Illuminate\\Foundation\\Http\\Middleware\\ValidatePostSize->handle()
#53 /home/franco/Venta_De_Autopartes/AplicacionesWeb/vendor/laravel/framework/src/Illuminate/Foundation/Http/Middleware/PreventRequestsDuringMaintenance.php(99): Illuminate\\Pipeline\\Pipeline->Illuminate\\Pipeline\\{closure}()
#54 /home/franco/Venta_De_Autopartes/AplicacionesWeb/vendor/laravel/framework/src/Illuminate/Pipeline/Pipeline.php(183): Illuminate\\Foundation\\Http\\Middleware\\PreventRequestsDuringMaintenance->handle()
#55 /home/franco/Venta_De_Autopartes/AplicacionesWeb/vendor/laravel/framework/src/Illuminate/Http/Middleware/HandleCors.php(49): Illuminate\\Pipeline\\Pipeline->Illuminate\\Pipeline\\{closure}()
#56 /home/franco/Venta_De_Autopartes/AplicacionesWeb/vendor/laravel/framework/src/Illuminate/Pipeline/Pipeline.php(183): Illuminate\\Http\\Middleware\\HandleCors->handle()
#57 /home/franco/Venta_De_Autopartes/AplicacionesWeb/vendor/laravel/framework/src/Illuminate/Http/Middleware/TrustProxies.php(39): Illuminate\\Pipeline\\Pipeline->Illuminate\\Pipeline\\{closure}()
#58 /home/franco/Venta_De_Autopartes/AplicacionesWeb/vendor/laravel/framework/src/Illuminate/Pipeline/Pipeline.php(183): Illuminate\\Http\\Middleware\\TrustProxies->handle()
#59 /home/franco/Venta_De_Autopartes/AplicacionesWeb/vendor/laravel/framework/src/Illuminate/Pipeline/Pipeline.php(119): Illuminate\\Pipeline\\Pipeline->Illuminate\\Pipeline\\{closure}()
#60 /home/franco/Venta_De_Autopartes/AplicacionesWeb/vendor/laravel/framework/src/Illuminate/Foundation/Http/Kernel.php(175): Illuminate\\Pipeline\\Pipeline->then()
#61 /home/franco/Venta_De_Autopartes/AplicacionesWeb/vendor/laravel/framework/src/Illuminate/Foundation/Http/Kernel.php(144): Illuminate\\Foundation\\Http\\Kernel->sendRequestThroughRouter()
#62 /home/franco/Venta_De_Autopartes/AplicacionesWeb/public/index.php(52): Illuminate\\Foundation\\Http\\Kernel->handle()
#63 /home/franco/Venta_De_Autopartes/AplicacionesWeb/vendor/laravel/framework/src/Illuminate/Foundation/resources/server.php(16): require_once('...')
#64 {main}
"} 
[2026-03-17 20:59:06] local.ERROR: SQLSTATE[25P02]: In failed sql transaction: 7 ERROR:  current transaction is aborted, commands ignored until end of transaction block (Connection: pgsql, SQL: alter table "users" add constraint "users_email_unique" unique ("email")) {"exception":"[object] (Illuminate\\Database\\QueryException(code: 25P02): SQLSTATE[25P02]: In failed sql transaction: 7 ERROR:  current transaction is aborted, commands ignored until end of transaction block (Connection: pgsql, SQL: alter table \"users\" add constraint \"users_email_unique\" unique (\"email\")) at /home/franco/Venta_De_Autopartes/AplicacionesWeb/vendor/laravel/framework/src/Illuminate/Database/Connection.php:829)
[stacktrace]
#0 /home/franco/Venta_De_Autopartes/AplicacionesWeb/vendor/laravel/framework/src/Illuminate/Database/Connection.php(783): Illuminate\\Database\\Connection->runQueryCallback()
#1 /home/franco/Venta_De_Autopartes/AplicacionesWeb/vendor/laravel/framework/src/Illuminate/Database/Connection.php(588): Illuminate\\Database\\Connection->run()
#2 /home/franco/Venta_De_Autopartes/AplicacionesWeb/vendor/laravel/framework/src/Illuminate/Database/Schema/Blueprint.php(110): Illuminate\\Database\\Connection->statement()
#3 /home/franco/Venta_De_Autopartes/AplicacionesWeb/vendor/laravel/framework/src/Illuminate/Database/Schema/Builder.php(602): Illuminate\\Database\\Schema\\Blueprint->build()
#4 /home/franco/Venta_De_Autopartes/AplicacionesWeb/vendor/laravel/framework/src/Illuminate/Database/Schema/Builder.php(460): Illuminate\\Database\\Schema\\Builder->build()
#5 /home/franco/Venta_De_Autopartes/AplicacionesWeb/vendor/laravel/framework/src/Illuminate/Support/Facades/Facade.php(355): Illuminate\\Database\\Schema\\Builder->create()
#6 /home/franco/Venta_De_Autopartes/AplicacionesWeb/database/migrations/2014_10_12_000000_create_users_table.php(20): Illuminate\\Support\\Facades\\Facade::__callStatic()
#7 /home/franco/Venta_De_Autopartes/AplicacionesWeb/vendor/laravel/framework/src/Illuminate/Database/Migrations/Migrator.php(493): Illuminate\\Database\\Migrations\\Migration@anonymous->up()
#8 /home/franco/Venta_De_Autopartes/AplicacionesWeb/vendor/laravel/framework/src/Illuminate/Database/Migrations/Migrator.php(410): Illuminate\\Database\\Migrations\\Migrator->runMethod()
#9 /home/franco/Venta_De_Autopartes/AplicacionesWeb/vendor/laravel/framework/src/Illuminate/Database/Concerns/ManagesTransactions.php(30): Illuminate\\Database\\Migrations\\Migrator->Illuminate\\Database\\Migrations\\{closure}()
#10 /home/franco/Venta_De_Autopartes/AplicacionesWeb/vendor/laravel/framework/src/Illuminate/Database/Migrations/Migrator.php(418): Illuminate\\Database\\Connection->transaction()
#11 /home/franco/Venta_De_Autopartes/AplicacionesWeb/vendor/laravel/framework/src/Illuminate/Database/Migrations/Migrator.php(216): Illuminate\\Database\\Migrations\\Migrator->runMigration()
#12 /home/franco/Venta_De_Autopartes/AplicacionesWeb/vendor/laravel/framework/src/Illuminate/Console/View/Components/Task.php(37): Illuminate\\Database\\Migrations\\Migrator->Illuminate\\Database\\Migrations\\{closure}()
#13 /home/franco/Venta_De_Autopartes/AplicacionesWeb/vendor/laravel/framework/src/Illuminate/Database/Migrations/Migrator.php(756): Illuminate\\Console\\View\\Components\\Task->render()
#14 /home/franco/Venta_De_Autopartes/AplicacionesWeb/vendor/laravel/framework/src/Illuminate/Database/Migrations/Migrator.php(216): Illuminate\\Database\\Migrations\\Migrator->write()
#15 /home/franco/Venta_De_Autopartes/AplicacionesWeb/vendor/laravel/framework/src/Illuminate/Database/Migrations/Migrator.php(181): Illuminate\\Database\\Migrations\\Migrator->runUp()
#16 /home/franco/Venta_De_Autopartes/AplicacionesWeb/vendor/laravel/framework/src/Illuminate/Database/Migrations/Migrator.php(124): Illuminate\\Database\\Migrations\\Migrator->runPending()
#17 /home/franco/Venta_De_Autopartes/AplicacionesWeb/vendor/laravel/framework/src/Illuminate/Database/Console/Migrations/MigrateCommand.php(92): Illuminate\\Database\\Migrations\\Migrator->run()
#18 /home/franco/Venta_De_Autopartes/AplicacionesWeb/vendor/laravel/framework/src/Illuminate/Database/Migrations/Migrator.php(633): Illuminate\\Database\\Console\\Migrations\\MigrateCommand->Illuminate\\Database\\Console\\Migrations\\{closure}()
#19 /home/franco/Venta_De_Autopartes/AplicacionesWeb/vendor/laravel/framework/src/Illuminate/Database/Console/Migrations/MigrateCommand.php(104): Illuminate\\Database\\Migrations\\Migrator->usingConnection()
#20 /home/franco/Venta_De_Autopartes/AplicacionesWeb/vendor/laravel/framework/src/Illuminate/Container/BoundMethod.php(36): Illuminate\\Database\\Console\\Migrations\\MigrateCommand->handle()
#21 /home/franco/Venta_De_Autopartes/AplicacionesWeb/vendor/laravel/framework/src/Illuminate/Container/Util.php(41): Illuminate\\Container\\BoundMethod::Illuminate\\Container\\{closure}()
#22 /home/franco/Venta_De_Autopartes/AplicacionesWeb/vendor/laravel/framework/src/Illuminate/Container/BoundMethod.php(93): Illuminate\\Container\\Util::unwrapIfClosure()
#23 /home/franco/Venta_De_Autopartes/AplicacionesWeb/vendor/laravel/framework/src/Illuminate/Container/BoundMethod.php(37): Illuminate\\Container\\BoundMethod::callBoundMethod()
#24 /home/franco/Venta_De_Autopartes/AplicacionesWeb/vendor/laravel/framework/src/Illuminate/Container/Container.php(662): Illuminate\\Container\\BoundMethod::call()
#25 /home/franco/Venta_De_Autopartes/AplicacionesWeb/vendor/laravel/framework/src/Illuminate/Console/Command.php(211): Illuminate\\Container\\Container->call()
#26 /home/franco/Venta_De_Autopartes/AplicacionesWeb/vendor/symfony/console/Command/Command.php(326): Illuminate\\Console\\Command->execute()
#27 /home/franco/Venta_De_Autopartes/AplicacionesWeb/vendor/laravel/framework/src/Illuminate/Console/Command.php(181): Symfony\\Component\\Console\\Command\\Command->run()
#28 /home/franco/Venta_De_Autopartes/AplicacionesWeb/vendor/laravel/framework/src/Illuminate/Console/Concerns/CallsCommands.php(68): Illuminate\\Console\\Command->run()
#29 /home/franco/Venta_De_Autopartes/AplicacionesWeb/vendor/laravel/framework/src/Illuminate/Console/Concerns/CallsCommands.php(28): Illuminate\\Console\\Command->runCommand()
#30 /home/franco/Venta_De_Autopartes/AplicacionesWeb/vendor/laravel/framework/src/Illuminate/Database/Console/Migrations/FreshCommand.php(59): Illuminate\\Console\\Command->call()
#31 /home/franco/Venta_De_Autopartes/AplicacionesWeb/vendor/laravel/framework/src/Illuminate/Container/BoundMethod.php(36): Illuminate\\Database\\Console\\Migrations\\FreshCommand->handle()
#32 /home/franco/Venta_De_Autopartes/AplicacionesWeb/vendor/laravel/framework/src/Illuminate/Container/Util.php(41): Illuminate\\Container\\BoundMethod::Illuminate\\Container\\{closure}()
#33 /home/franco/Venta_De_Autopartes/AplicacionesWeb/vendor/laravel/framework/src/Illuminate/Container/BoundMethod.php(93): Illuminate\\Container\\Util::unwrapIfClosure()
#34 /home/franco/Venta_De_Autopartes/AplicacionesWeb/vendor/laravel/framework/src/Illuminate/Container/BoundMethod.php(37): Illuminate\\Container\\BoundMethod::callBoundMethod()
#35 /home/franco/Venta_De_Autopartes/AplicacionesWeb/vendor/laravel/framework/src/Illuminate/Container/Container.php(662): Illuminate\\Container\\BoundMethod::call()
#36 /home/franco/Venta_De_Autopartes/AplicacionesWeb/vendor/laravel/framework/src/Illuminate/Console/Command.php(211): Illuminate\\Container\\Container->call()
#37 /home/franco/Venta_De_Autopartes/AplicacionesWeb/vendor/symfony/console/Command/Command.php(326): Illuminate\\Console\\Command->execute()
#38 /home/franco/Venta_De_Autopartes/AplicacionesWeb/vendor/laravel/framework/src/Illuminate/Console/Command.php(181): Symfony\\Component\\Console\\Command\\Command->run()
#39 /home/franco/Venta_De_Autopartes/AplicacionesWeb/vendor/symfony/console/Application.php(1096): Illuminate\\Console\\Command->run()
#40 /home/franco/Venta_De_Autopartes/AplicacionesWeb/vendor/symfony/console/Application.php(324): Symfony\\Component\\Console\\Application->doRunCommand()
#41 /home/franco/Venta_De_Autopartes/AplicacionesWeb/vendor/symfony/console/Application.php(175): Symfony\\Component\\Console\\Application->doRun()
#42 /home/franco/Venta_De_Autopartes/AplicacionesWeb/vendor/laravel/framework/src/Illuminate/Foundation/Console/Kernel.php(201): Symfony\\Component\\Console\\Application->run()
#43 /home/franco/Venta_De_Autopartes/AplicacionesWeb/artisan(37): Illuminate\\Foundation\\Console\\Kernel->handle()
#44 {main}

[previous exception] [object] (PDOException(code: 25P02): SQLSTATE[25P02]: In failed sql transaction: 7 ERROR:  current transaction is aborted, commands ignored until end of transaction block at /home/franco/Venta_De_Autopartes/AplicacionesWeb/vendor/laravel/framework/src/Illuminate/Database/Connection.php:587)
[stacktrace]
#0 /home/franco/Venta_De_Autopartes/AplicacionesWeb/vendor/laravel/framework/src/Illuminate/Database/Connection.php(587): PDOStatement->execute()
#1 /home/franco/Venta_De_Autopartes/AplicacionesWeb/vendor/laravel/framework/src/Illuminate/Database/Connection.php(816): Illuminate\\Database\\Connection->Illuminate\\Database\\{closure}()
#2 /home/franco/Venta_De_Autopartes/AplicacionesWeb/vendor/laravel/framework/src/Illuminate/Database/Connection.php(783): Illuminate\\Database\\Connection->runQueryCallback()
#3 /home/franco/Venta_De_Autopartes/AplicacionesWeb/vendor/laravel/framework/src/Illuminate/Database/Connection.php(588): Illuminate\\Database\\Connection->run()
#4 /home/franco/Venta_De_Autopartes/AplicacionesWeb/vendor/laravel/framework/src/Illuminate/Database/Schema/Blueprint.php(110): Illuminate\\Database\\Connection->statement()
#5 /home/franco/Venta_De_Autopartes/AplicacionesWeb/vendor/laravel/framework/src/Illuminate/Database/Schema/Builder.php(602): Illuminate\\Database\\Schema\\Blueprint->build()
#6 /home/franco/Venta_De_Autopartes/AplicacionesWeb/vendor/laravel/framework/src/Illuminate/Database/Schema/Builder.php(460): Illuminate\\Database\\Schema\\Builder->build()
#7 /home/franco/Venta_De_Autopartes/AplicacionesWeb/vendor/laravel/framework/src/Illuminate/Support/Facades/Facade.php(355): Illuminate\\Database\\Schema\\Builder->create()
#8 /home/franco/Venta_De_Autopartes/AplicacionesWeb/database/migrations/2014_10_12_000000_create_users_table.php(20): Illuminate\\Support\\Facades\\Facade::__callStatic()
#9 /home/franco/Venta_De_Autopartes/AplicacionesWeb/vendor/laravel/framework/src/Illuminate/Database/Migrations/Migrator.php(493): Illuminate\\Database\\Migrations\\Migration@anonymous->up()
#10 /home/franco/Venta_De_Autopartes/AplicacionesWeb/vendor/laravel/framework/src/Illuminate/Database/Migrations/Migrator.php(410): Illuminate\\Database\\Migrations\\Migrator->runMethod()
#11 /home/franco/Venta_De_Autopartes/AplicacionesWeb/vendor/laravel/framework/src/Illuminate/Database/Concerns/ManagesTransactions.php(30): Illuminate\\Database\\Migrations\\Migrator->Illuminate\\Database\\Migrations\\{closure}()
#12 /home/franco/Venta_De_Autopartes/AplicacionesWeb/vendor/laravel/framework/src/Illuminate/Database/Migrations/Migrator.php(418): Illuminate\\Database\\Connection->transaction()
#13 /home/franco/Venta_De_Autopartes/AplicacionesWeb/vendor/laravel/framework/src/Illuminate/Database/Migrations/Migrator.php(216): Illuminate\\Database\\Migrations\\Migrator->runMigration()
#14 /home/franco/Venta_De_Autopartes/AplicacionesWeb/vendor/laravel/framework/src/Illuminate/Console/View/Components/Task.php(37): Illuminate\\Database\\Migrations\\Migrator->Illuminate\\Database\\Migrations\\{closure}()
#15 /home/franco/Venta_De_Autopartes/AplicacionesWeb/vendor/laravel/framework/src/Illuminate/Database/Migrations/Migrator.php(756): Illuminate\\Console\\View\\Components\\Task->render()
#16 /home/franco/Venta_De_Autopartes/AplicacionesWeb/vendor/laravel/framework/src/Illuminate/Database/Migrations/Migrator.php(216): Illuminate\\Database\\Migrations\\Migrator->write()
#17 /home/franco/Venta_De_Autopartes/AplicacionesWeb/vendor/laravel/framework/src/Illuminate/Database/Migrations/Migrator.php(181): Illuminate\\Database\\Migrations\\Migrator->runUp()
#18 /home/franco/Venta_De_Autopartes/AplicacionesWeb/vendor/laravel/framework/src/Illuminate/Database/Migrations/Migrator.php(124): Illuminate\\Database\\Migrations\\Migrator->runPending()
#19 /home/franco/Venta_De_Autopartes/AplicacionesWeb/vendor/laravel/framework/src/Illuminate/Database/Console/Migrations/MigrateCommand.php(92): Illuminate\\Database\\Migrations\\Migrator->run()
#20 /home/franco/Venta_De_Autopartes/AplicacionesWeb/vendor/laravel/framework/src/Illuminate/Database/Migrations/Migrator.php(633): Illuminate\\Database\\Console\\Migrations\\MigrateCommand->Illuminate\\Database\\Console\\Migrations\\{closure}()
#21 /home/franco/Venta_De_Autopartes/AplicacionesWeb/vendor/laravel/framework/src/Illuminate/Database/Console/Migrations/MigrateCommand.php(104): Illuminate\\Database\\Migrations\\Migrator->usingConnection()
#22 /home/franco/Venta_De_Autopartes/AplicacionesWeb/vendor/laravel/framework/src/Illuminate/Container/BoundMethod.php(36): Illuminate\\Database\\Console\\Migrations\\MigrateCommand->handle()
#23 /home/franco/Venta_De_Autopartes/AplicacionesWeb/vendor/laravel/framework/src/Illuminate/Container/Util.php(41): Illuminate\\Container\\BoundMethod::Illuminate\\Container\\{closure}()
#24 /home/franco/Venta_De_Autopartes/AplicacionesWeb/vendor/laravel/framework/src/Illuminate/Container/BoundMethod.php(93): Illuminate\\Container\\Util::unwrapIfClosure()
#25 /home/franco/Venta_De_Autopartes/AplicacionesWeb/vendor/laravel/framework/src/Illuminate/Container/BoundMethod.php(37): Illuminate\\Container\\BoundMethod::callBoundMethod()
#26 /home/franco/Venta_De_Autopartes/AplicacionesWeb/vendor/laravel/framework/src/Illuminate/Container/Container.php(662): Illuminate\\Container\\BoundMethod::call()
#27 /home/franco/Venta_De_Autopartes/AplicacionesWeb/vendor/laravel/framework/src/Illuminate/Console/Command.php(211): Illuminate\\Container\\Container->call()
#28 /home/franco/Venta_De_Autopartes/AplicacionesWeb/vendor/symfony/console/Command/Command.php(326): Illuminate\\Console\\Command->execute()
#29 /home/franco/Venta_De_Autopartes/AplicacionesWeb/vendor/laravel/framework/src/Illuminate/Console/Command.php(181): Symfony\\Component\\Console\\Command\\Command->run()
#30 /home/franco/Venta_De_Autopartes/AplicacionesWeb/vendor/laravel/framework/src/Illuminate/Console/Concerns/CallsCommands.php(68): Illuminate\\Console\\Command->run()
#31 /home/franco/Venta_De_Autopartes/AplicacionesWeb/vendor/laravel/framework/src/Illuminate/Console/Concerns/CallsCommands.php(28): Illuminate\\Console\\Command->runCommand()
#32 /home/franco/Venta_De_Autopartes/AplicacionesWeb/vendor/laravel/framework/src/Illuminate/Database/Console/Migrations/FreshCommand.php(59): Illuminate\\Console\\Command->call()
#33 /home/franco/Venta_De_Autopartes/AplicacionesWeb/vendor/laravel/framework/src/Illuminate/Container/BoundMethod.php(36): Illuminate\\Database\\Console\\Migrations\\FreshCommand->handle()
#34 /home/franco/Venta_De_Autopartes/AplicacionesWeb/vendor/laravel/framework/src/Illuminate/Container/Util.php(41): Illuminate\\Container\\BoundMethod::Illuminate\\Container\\{closure}()
#35 /home/franco/Venta_De_Autopartes/AplicacionesWeb/vendor/laravel/framework/src/Illuminate/Container/BoundMethod.php(93): Illuminate\\Container\\Util::unwrapIfClosure()
#36 /home/franco/Venta_De_Autopartes/AplicacionesWeb/vendor/laravel/framework/src/Illuminate/Container/BoundMethod.php(37): Illuminate\\Container\\BoundMethod::callBoundMethod()
#37 /home/franco/Venta_De_Autopartes/AplicacionesWeb/vendor/laravel/framework/src/Illuminate/Container/Container.php(662): Illuminate\\Container\\BoundMethod::call()
#38 /home/franco/Venta_De_Autopartes/AplicacionesWeb/vendor/laravel/framework/src/Illuminate/Console/Command.php(211): Illuminate\\Container\\Container->call()
#39 /home/franco/Venta_De_Autopartes/AplicacionesWeb/vendor/symfony/console/Command/Command.php(326): Illuminate\\Console\\Command->execute()
#40 /home/franco/Venta_De_Autopartes/AplicacionesWeb/vendor/laravel/framework/src/Illuminate/Console/Command.php(181): Symfony\\Component\\Console\\Command\\Command->run()
#41 /home/franco/Venta_De_Autopartes/AplicacionesWeb/vendor/symfony/console/Application.php(1096): Illuminate\\Console\\Command->run()
#42 /home/franco/Venta_De_Autopartes/AplicacionesWeb/vendor/symfony/console/Application.php(324): Symfony\\Component\\Console\\Application->doRunCommand()
#43 /home/franco/Venta_De_Autopartes/AplicacionesWeb/vendor/symfony/console/Application.php(175): Symfony\\Component\\Console\\Application->doRun()
#44 /home/franco/Venta_De_Autopartes/AplicacionesWeb/vendor/laravel/framework/src/Illuminate/Foundation/Console/Kernel.php(201): Symfony\\Component\\Console\\Application->run()
#45 /home/franco/Venta_De_Autopartes/AplicacionesWeb/artisan(37): Illuminate\\Foundation\\Console\\Kernel->handle()
#46 {main}
"} 
[2026-03-17 21:13:17] local.ERROR: SQLSTATE[25P02]: In failed sql transaction: 7 ERROR:  current transaction is aborted, commands ignored until end of transaction block (Connection: pgsql, SQL: alter table "users" add constraint "users_email_unique" unique ("email")) {"exception":"[object] (Illuminate\\Database\\QueryException(code: 25P02): SQLSTATE[25P02]: In failed sql transaction: 7 ERROR:  current transaction is aborted, commands ignored until end of transaction block (Connection: pgsql, SQL: alter table \"users\" add constraint \"users_email_unique\" unique (\"email\")) at /home/franco/Venta_De_Autopartes/AplicacionesWeb/vendor/laravel/framework/src/Illuminate/Database/Connection.php:829)
[stacktrace]
#0 /home/franco/Venta_De_Autopartes/AplicacionesWeb/vendor/laravel/framework/src/Illuminate/Database/Connection.php(783): Illuminate\\Database\\Connection->runQueryCallback()
#1 /home/franco/Venta_De_Autopartes/AplicacionesWeb/vendor/laravel/framework/src/Illuminate/Database/Connection.php(588): Illuminate\\Database\\Connection->run()
#2 /home/franco/Venta_De_Autopartes/AplicacionesWeb/vendor/laravel/framework/src/Illuminate/Database/Schema/Blueprint.php(110): Illuminate\\Database\\Connection->statement()
#3 /home/franco/Venta_De_Autopartes/AplicacionesWeb/vendor/laravel/framework/src/Illuminate/Database/Schema/Builder.php(602): Illuminate\\Database\\Schema\\Blueprint->build()
#4 /home/franco/Venta_De_Autopartes/AplicacionesWeb/vendor/laravel/framework/src/Illuminate/Database/Schema/Builder.php(460): Illuminate\\Database\\Schema\\Builder->build()
#5 /home/franco/Venta_De_Autopartes/AplicacionesWeb/vendor/laravel/framework/src/Illuminate/Support/Facades/Facade.php(355): Illuminate\\Database\\Schema\\Builder->create()
#6 /home/franco/Venta_De_Autopartes/AplicacionesWeb/database/migrations/2014_10_12_000000_create_users_table.php(20): Illuminate\\Support\\Facades\\Facade::__callStatic()
#7 /home/franco/Venta_De_Autopartes/AplicacionesWeb/vendor/laravel/framework/src/Illuminate/Database/Migrations/Migrator.php(493): Illuminate\\Database\\Migrations\\Migration@anonymous->up()
#8 /home/franco/Venta_De_Autopartes/AplicacionesWeb/vendor/laravel/framework/src/Illuminate/Database/Migrations/Migrator.php(410): Illuminate\\Database\\Migrations\\Migrator->runMethod()
#9 /home/franco/Venta_De_Autopartes/AplicacionesWeb/vendor/laravel/framework/src/Illuminate/Database/Concerns/ManagesTransactions.php(30): Illuminate\\Database\\Migrations\\Migrator->Illuminate\\Database\\Migrations\\{closure}()
#10 /home/franco/Venta_De_Autopartes/AplicacionesWeb/vendor/laravel/framework/src/Illuminate/Database/Migrations/Migrator.php(418): Illuminate\\Database\\Connection->transaction()
#11 /home/franco/Venta_De_Autopartes/AplicacionesWeb/vendor/laravel/framework/src/Illuminate/Database/Migrations/Migrator.php(216): Illuminate\\Database\\Migrations\\Migrator->runMigration()
#12 /home/franco/Venta_De_Autopartes/AplicacionesWeb/vendor/laravel/framework/src/Illuminate/Console/View/Components/Task.php(37): Illuminate\\Database\\Migrations\\Migrator->Illuminate\\Database\\Migrations\\{closure}()
#13 /home/franco/Venta_De_Autopartes/AplicacionesWeb/vendor/laravel/framework/src/Illuminate/Database/Migrations/Migrator.php(756): Illuminate\\Console\\View\\Components\\Task->render()
#14 /home/franco/Venta_De_Autopartes/AplicacionesWeb/vendor/laravel/framework/src/Illuminate/Database/Migrations/Migrator.php(216): Illuminate\\Database\\Migrations\\Migrator->write()
#15 /home/franco/Venta_De_Autopartes/AplicacionesWeb/vendor/laravel/framework/src/Illuminate/Database/Migrations/Migrator.php(181): Illuminate\\Database\\Migrations\\Migrator->runUp()
#16 /home/franco/Venta_De_Autopartes/AplicacionesWeb/vendor/laravel/framework/src/Illuminate/Database/Migrations/Migrator.php(124): Illuminate\\Database\\Migrations\\Migrator->runPending()
#17 /home/franco/Venta_De_Autopartes/AplicacionesWeb/vendor/laravel/framework/src/Illuminate/Database/Console/Migrations/MigrateCommand.php(92): Illuminate\\Database\\Migrations\\Migrator->run()
#18 /home/franco/Venta_De_Autopartes/AplicacionesWeb/vendor/laravel/framework/src/Illuminate/Database/Migrations/Migrator.php(633): Illuminate\\Database\\Console\\Migrations\\MigrateCommand->Illuminate\\Database\\Console\\Migrations\\{closure}()
#19 /home/franco/Venta_De_Autopartes/AplicacionesWeb/vendor/laravel/framework/src/Illuminate/Database/Console/Migrations/MigrateCommand.php(104): Illuminate\\Database\\Migrations\\Migrator->usingConnection()
#20 /home/franco/Venta_De_Autopartes/AplicacionesWeb/vendor/laravel/framework/src/Illuminate/Container/BoundMethod.php(36): Illuminate\\Database\\Console\\Migrations\\MigrateCommand->handle()
#21 /home/franco/Venta_De_Autopartes/AplicacionesWeb/vendor/laravel/framework/src/Illuminate/Container/Util.php(41): Illuminate\\Container\\BoundMethod::Illuminate\\Container\\{closure}()
#22 /home/franco/Venta_De_Autopartes/AplicacionesWeb/vendor/laravel/framework/src/Illuminate/Container/BoundMethod.php(93): Illuminate\\Container\\Util::unwrapIfClosure()
#23 /home/franco/Venta_De_Autopartes/AplicacionesWeb/vendor/laravel/framework/src/Illuminate/Container/BoundMethod.php(37): Illuminate\\Container\\BoundMethod::callBoundMethod()
#24 /home/franco/Venta_De_Autopartes/AplicacionesWeb/vendor/laravel/framework/src/Illuminate/Container/Container.php(662): Illuminate\\Container\\BoundMethod::call()
#25 /home/franco/Venta_De_Autopartes/AplicacionesWeb/vendor/laravel/framework/src/Illuminate/Console/Command.php(211): Illuminate\\Container\\Container->call()
#26 /home/franco/Venta_De_Autopartes/AplicacionesWeb/vendor/symfony/console/Command/Command.php(326): Illuminate\\Console\\Command->execute()
#27 /home/franco/Venta_De_Autopartes/AplicacionesWeb/vendor/laravel/framework/src/Illuminate/Console/Command.php(181): Symfony\\Component\\Console\\Command\\Command->run()
#28 /home/franco/Venta_De_Autopartes/AplicacionesWeb/vendor/symfony/console/Application.php(1096): Illuminate\\Console\\Command->run()
#29 /home/franco/Venta_De_Autopartes/AplicacionesWeb/vendor/symfony/console/Application.php(324): Symfony\\Component\\Console\\Application->doRunCommand()
#30 /home/franco/Venta_De_Autopartes/AplicacionesWeb/vendor/symfony/console/Application.php(175): Symfony\\Component\\Console\\Application->doRun()
#31 /home/franco/Venta_De_Autopartes/AplicacionesWeb/vendor/laravel/framework/src/Illuminate/Foundation/Console/Kernel.php(201): Symfony\\Component\\Console\\Application->run()
#32 /home/franco/Venta_De_Autopartes/AplicacionesWeb/artisan(37): Illuminate\\Foundation\\Console\\Kernel->handle()
#33 {main}

[previous exception] [object] (PDOException(code: 25P02): SQLSTATE[25P02]: In failed sql transaction: 7 ERROR:  current transaction is aborted, commands ignored until end of transaction block at /home/franco/Venta_De_Autopartes/AplicacionesWeb/vendor/laravel/framework/src/Illuminate/Database/Connection.php:587)
[stacktrace]
#0 /home/franco/Venta_De_Autopartes/AplicacionesWeb/vendor/laravel/framework/src/Illuminate/Database/Connection.php(587): PDOStatement->execute()
#1 /home/franco/Venta_De_Autopartes/AplicacionesWeb/vendor/laravel/framework/src/Illuminate/Database/Connection.php(816): Illuminate\\Database\\Connection->Illuminate\\Database\\{closure}()
#2 /home/franco/Venta_De_Autopartes/AplicacionesWeb/vendor/laravel/framework/src/Illuminate/Database/Connection.php(783): Illuminate\\Database\\Connection->runQueryCallback()
#3 /home/franco/Venta_De_Autopartes/AplicacionesWeb/vendor/laravel/framework/src/Illuminate/Database/Connection.php(588): Illuminate\\Database\\Connection->run()
#4 /home/franco/Venta_De_Autopartes/AplicacionesWeb/vendor/laravel/framework/src/Illuminate/Database/Schema/Blueprint.php(110): Illuminate\\Database\\Connection->statement()
#5 /home/franco/Venta_De_Autopartes/AplicacionesWeb/vendor/laravel/framework/src/Illuminate/Database/Schema/Builder.php(602): Illuminate\\Database\\Schema\\Blueprint->build()
#6 /home/franco/Venta_De_Autopartes/AplicacionesWeb/vendor/laravel/framework/src/Illuminate/Database/Schema/Builder.php(460): Illuminate\\Database\\Schema\\Builder->build()
#7 /home/franco/Venta_De_Autopartes/AplicacionesWeb/vendor/laravel/framework/src/Illuminate/Support/Facades/Facade.php(355): Illuminate\\Database\\Schema\\Builder->create()
#8 /home/franco/Venta_De_Autopartes/AplicacionesWeb/database/migrations/2014_10_12_000000_create_users_table.php(20): Illuminate\\Support\\Facades\\Facade::__callStatic()
#9 /home/franco/Venta_De_Autopartes/AplicacionesWeb/vendor/laravel/framework/src/Illuminate/Database/Migrations/Migrator.php(493): Illuminate\\Database\\Migrations\\Migration@anonymous->up()
#10 /home/franco/Venta_De_Autopartes/AplicacionesWeb/vendor/laravel/framework/src/Illuminate/Database/Migrations/Migrator.php(410): Illuminate\\Database\\Migrations\\Migrator->runMethod()
#11 /home/franco/Venta_De_Autopartes/AplicacionesWeb/vendor/laravel/framework/src/Illuminate/Database/Concerns/ManagesTransactions.php(30): Illuminate\\Database\\Migrations\\Migrator->Illuminate\\Database\\Migrations\\{closure}()
#12 /home/franco/Venta_De_Autopartes/AplicacionesWeb/vendor/laravel/framework/src/Illuminate/Database/Migrations/Migrator.php(418): Illuminate\\Database\\Connection->transaction()
#13 /home/franco/Venta_De_Autopartes/AplicacionesWeb/vendor/laravel/framework/src/Illuminate/Database/Migrations/Migrator.php(216): Illuminate\\Database\\Migrations\\Migrator->runMigration()
#14 /home/franco/Venta_De_Autopartes/AplicacionesWeb/vendor/laravel/framework/src/Illuminate/Console/View/Components/Task.php(37): Illuminate\\Database\\Migrations\\Migrator->Illuminate\\Database\\Migrations\\{closure}()
#15 /home/franco/Venta_De_Autopartes/AplicacionesWeb/vendor/laravel/framework/src/Illuminate/Database/Migrations/Migrator.php(756): Illuminate\\Console\\View\\Components\\Task->render()
#16 /home/franco/Venta_De_Autopartes/AplicacionesWeb/vendor/laravel/framework/src/Illuminate/Database/Migrations/Migrator.php(216): Illuminate\\Database\\Migrations\\Migrator->write()
#17 /home/franco/Venta_De_Autopartes/AplicacionesWeb/vendor/laravel/framework/src/Illuminate/Database/Migrations/Migrator.php(181): Illuminate\\Database\\Migrations\\Migrator->runUp()
#18 /home/franco/Venta_De_Autopartes/AplicacionesWeb/vendor/laravel/framework/src/Illuminate/Database/Migrations/Migrator.php(124): Illuminate\\Database\\Migrations\\Migrator->runPending()
#19 /home/franco/Venta_De_Autopartes/AplicacionesWeb/vendor/laravel/framework/src/Illuminate/Database/Console/Migrations/MigrateCommand.php(92): Illuminate\\Database\\Migrations\\Migrator->run()
#20 /home/franco/Venta_De_Autopartes/AplicacionesWeb/vendor/laravel/framework/src/Illuminate/Database/Migrations/Migrator.php(633): Illuminate\\Database\\Console\\Migrations\\MigrateCommand->Illuminate\\Database\\Console\\Migrations\\{closure}()
#21 /home/franco/Venta_De_Autopartes/AplicacionesWeb/vendor/laravel/framework/src/Illuminate/Database/Console/Migrations/MigrateCommand.php(104): Illuminate\\Database\\Migrations\\Migrator->usingConnection()
#22 /home/franco/Venta_De_Autopartes/AplicacionesWeb/vendor/laravel/framework/src/Illuminate/Container/BoundMethod.php(36): Illuminate\\Database\\Console\\Migrations\\MigrateCommand->handle()
#23 /home/franco/Venta_De_Autopartes/AplicacionesWeb/vendor/laravel/framework/src/Illuminate/Container/Util.php(41): Illuminate\\Container\\BoundMethod::Illuminate\\Container\\{closure}()
#24 /home/franco/Venta_De_Autopartes/AplicacionesWeb/vendor/laravel/framework/src/Illuminate/Container/BoundMethod.php(93): Illuminate\\Container\\Util::unwrapIfClosure()
#25 /home/franco/Venta_De_Autopartes/AplicacionesWeb/vendor/laravel/framework/src/Illuminate/Container/BoundMethod.php(37): Illuminate\\Container\\BoundMethod::callBoundMethod()
#26 /home/franco/Venta_De_Autopartes/AplicacionesWeb/vendor/laravel/framework/src/Illuminate/Container/Container.php(662): Illuminate\\Container\\BoundMethod::call()
#27 /home/franco/Venta_De_Autopartes/AplicacionesWeb/vendor/laravel/framework/src/Illuminate/Console/Command.php(211): Illuminate\\Container\\Container->call()
#28 /home/franco/Venta_De_Autopartes/AplicacionesWeb/vendor/symfony/console/Command/Command.php(326): Illuminate\\Console\\Command->execute()
#29 /home/franco/Venta_De_Autopartes/AplicacionesWeb/vendor/laravel/framework/src/Illuminate/Console/Command.php(181): Symfony\\Component\\Console\\Command\\Command->run()
#30 /home/franco/Venta_De_Autopartes/AplicacionesWeb/vendor/symfony/console/Application.php(1096): Illuminate\\Console\\Command->run()
#31 /home/franco/Venta_De_Autopartes/AplicacionesWeb/vendor/symfony/console/Application.php(324): Symfony\\Component\\Console\\Application->doRunCommand()
#32 /home/franco/Venta_De_Autopartes/AplicacionesWeb/vendor/symfony/console/Application.php(175): Symfony\\Component\\Console\\Application->doRun()
#33 /home/franco/Venta_De_Autopartes/AplicacionesWeb/vendor/laravel/framework/src/Illuminate/Foundation/Console/Kernel.php(201): Symfony\\Component\\Console\\Application->run()
#34 /home/franco/Venta_De_Autopartes/AplicacionesWeb/artisan(37): Illuminate\\Foundation\\Console\\Kernel->handle()
#35 {main}
"} 
[2026-03-17 21:15:40] local.ERROR: SQLSTATE[25P02]: In failed sql transaction: 7 ERROR:  current transaction is aborted, commands ignored until end of transaction block (Connection: pgsql, SQL: alter table "users" add constraint "users_email_unique" unique ("email")) {"exception":"[object] (Illuminate\\Database\\QueryException(code: 25P02): SQLSTATE[25P02]: In failed sql transaction: 7 ERROR:  current transaction is aborted, commands ignored until end of transaction block (Connection: pgsql, SQL: alter table \"users\" add constraint \"users_email_unique\" unique (\"email\")) at /home/franco/Venta_De_Autopartes/AplicacionesWeb/vendor/laravel/framework/src/Illuminate/Database/Connection.php:829)
[stacktrace]
#0 /home/franco/Venta_De_Autopartes/AplicacionesWeb/vendor/laravel/framework/src/Illuminate/Database/Connection.php(783): Illuminate\\Database\\Connection->runQueryCallback()
#1 /home/franco/Venta_De_Autopartes/AplicacionesWeb/vendor/laravel/framework/src/Illuminate/Database/Connection.php(588): Illuminate\\Database\\Connection->run()
#2 /home/franco/Venta_De_Autopartes/AplicacionesWeb/vendor/laravel/framework/src/Illuminate/Database/Schema/Blueprint.php(110): Illuminate\\Database\\Connection->statement()
#3 /home/franco/Venta_De_Autopartes/AplicacionesWeb/vendor/laravel/framework/src/Illuminate/Database/Schema/Builder.php(602): Illuminate\\Database\\Schema\\Blueprint->build()
#4 /home/franco/Venta_De_Autopartes/AplicacionesWeb/vendor/laravel/framework/src/Illuminate/Database/Schema/Builder.php(460): Illuminate\\Database\\Schema\\Builder->build()
#5 /home/franco/Venta_De_Autopartes/AplicacionesWeb/vendor/laravel/framework/src/Illuminate/Support/Facades/Facade.php(355): Illuminate\\Database\\Schema\\Builder->create()
#6 /home/franco/Venta_De_Autopartes/AplicacionesWeb/database/migrations/2014_10_12_000000_create_users_table.php(20): Illuminate\\Support\\Facades\\Facade::__callStatic()
#7 /home/franco/Venta_De_Autopartes/AplicacionesWeb/vendor/laravel/framework/src/Illuminate/Database/Migrations/Migrator.php(493): Illuminate\\Database\\Migrations\\Migration@anonymous->up()
#8 /home/franco/Venta_De_Autopartes/AplicacionesWeb/vendor/laravel/framework/src/Illuminate/Database/Migrations/Migrator.php(410): Illuminate\\Database\\Migrations\\Migrator->runMethod()
#9 /home/franco/Venta_De_Autopartes/AplicacionesWeb/vendor/laravel/framework/src/Illuminate/Database/Concerns/ManagesTransactions.php(30): Illuminate\\Database\\Migrations\\Migrator->Illuminate\\Database\\Migrations\\{closure}()
#10 /home/franco/Venta_De_Autopartes/AplicacionesWeb/vendor/laravel/framework/src/Illuminate/Database/Migrations/Migrator.php(418): Illuminate\\Database\\Connection->transaction()
#11 /home/franco/Venta_De_Autopartes/AplicacionesWeb/vendor/laravel/framework/src/Illuminate/Database/Migrations/Migrator.php(216): Illuminate\\Database\\Migrations\\Migrator->runMigration()
#12 /home/franco/Venta_De_Autopartes/AplicacionesWeb/vendor/laravel/framework/src/Illuminate/Console/View/Components/Task.php(37): Illuminate\\Database\\Migrations\\Migrator->Illuminate\\Database\\Migrations\\{closure}()
#13 /home/franco/Venta_De_Autopartes/AplicacionesWeb/vendor/laravel/framework/src/Illuminate/Database/Migrations/Migrator.php(756): Illuminate\\Console\\View\\Components\\Task->render()
#14 /home/franco/Venta_De_Autopartes/AplicacionesWeb/vendor/laravel/framework/src/Illuminate/Database/Migrations/Migrator.php(216): Illuminate\\Database\\Migrations\\Migrator->write()
#15 /home/franco/Venta_De_Autopartes/AplicacionesWeb/vendor/laravel/framework/src/Illuminate/Database/Migrations/Migrator.php(181): Illuminate\\Database\\Migrations\\Migrator->runUp()
#16 /home/franco/Venta_De_Autopartes/AplicacionesWeb/vendor/laravel/framework/src/Illuminate/Database/Migrations/Migrator.php(124): Illuminate\\Database\\Migrations\\Migrator->runPending()
#17 /home/franco/Venta_De_Autopartes/AplicacionesWeb/vendor/laravel/framework/src/Illuminate/Database/Console/Migrations/MigrateCommand.php(92): Illuminate\\Database\\Migrations\\Migrator->run()
#18 /home/franco/Venta_De_Autopartes/AplicacionesWeb/vendor/laravel/framework/src/Illuminate/Database/Migrations/Migrator.php(633): Illuminate\\Database\\Console\\Migrations\\MigrateCommand->Illuminate\\Database\\Console\\Migrations\\{closure}()
#19 /home/franco/Venta_De_Autopartes/AplicacionesWeb/vendor/laravel/framework/src/Illuminate/Database/Console/Migrations/MigrateCommand.php(104): Illuminate\\Database\\Migrations\\Migrator->usingConnection()
#20 /home/franco/Venta_De_Autopartes/AplicacionesWeb/vendor/laravel/framework/src/Illuminate/Container/BoundMethod.php(36): Illuminate\\Database\\Console\\Migrations\\MigrateCommand->handle()
#21 /home/franco/Venta_De_Autopartes/AplicacionesWeb/vendor/laravel/framework/src/Illuminate/Container/Util.php(41): Illuminate\\Container\\BoundMethod::Illuminate\\Container\\{closure}()
#22 /home/franco/Venta_De_Autopartes/AplicacionesWeb/vendor/laravel/framework/src/Illuminate/Container/BoundMethod.php(93): Illuminate\\Container\\Util::unwrapIfClosure()
#23 /home/franco/Venta_De_Autopartes/AplicacionesWeb/vendor/laravel/framework/src/Illuminate/Container/BoundMethod.php(37): Illuminate\\Container\\BoundMethod::callBoundMethod()
#24 /home/franco/Venta_De_Autopartes/AplicacionesWeb/vendor/laravel/framework/src/Illuminate/Container/Container.php(662): Illuminate\\Container\\BoundMethod::call()
#25 /home/franco/Venta_De_Autopartes/AplicacionesWeb/vendor/laravel/framework/src/Illuminate/Console/Command.php(211): Illuminate\\Container\\Container->call()
#26 /home/franco/Venta_De_Autopartes/AplicacionesWeb/vendor/symfony/console/Command/Command.php(326): Illuminate\\Console\\Command->execute()
#27 /home/franco/Venta_De_Autopartes/AplicacionesWeb/vendor/laravel/framework/src/Illuminate/Console/Command.php(181): Symfony\\Component\\Console\\Command\\Command->run()
#28 /home/franco/Venta_De_Autopartes/AplicacionesWeb/vendor/laravel/framework/src/Illuminate/Console/Concerns/CallsCommands.php(68): Illuminate\\Console\\Command->run()
#29 /home/franco/Venta_De_Autopartes/AplicacionesWeb/vendor/laravel/framework/src/Illuminate/Console/Concerns/CallsCommands.php(28): Illuminate\\Console\\Command->runCommand()
#30 /home/franco/Venta_De_Autopartes/AplicacionesWeb/vendor/laravel/framework/src/Illuminate/Database/Console/Migrations/FreshCommand.php(59): Illuminate\\Console\\Command->call()
#31 /home/franco/Venta_De_Autopartes/AplicacionesWeb/vendor/laravel/framework/src/Illuminate/Container/BoundMethod.php(36): Illuminate\\Database\\Console\\Migrations\\FreshCommand->handle()
#32 /home/franco/Venta_De_Autopartes/AplicacionesWeb/vendor/laravel/framework/src/Illuminate/Container/Util.php(41): Illuminate\\Container\\BoundMethod::Illuminate\\Container\\{closure}()
#33 /home/franco/Venta_De_Autopartes/AplicacionesWeb/vendor/laravel/framework/src/Illuminate/Container/BoundMethod.php(93): Illuminate\\Container\\Util::unwrapIfClosure()
#34 /home/franco/Venta_De_Autopartes/AplicacionesWeb/vendor/laravel/framework/src/Illuminate/Container/BoundMethod.php(37): Illuminate\\Container\\BoundMethod::callBoundMethod()
#35 /home/franco/Venta_De_Autopartes/AplicacionesWeb/vendor/laravel/framework/src/Illuminate/Container/Container.php(662): Illuminate\\Container\\BoundMethod::call()
#36 /home/franco/Venta_De_Autopartes/AplicacionesWeb/vendor/laravel/framework/src/Illuminate/Console/Command.php(211): Illuminate\\Container\\Container->call()
#37 /home/franco/Venta_De_Autopartes/AplicacionesWeb/vendor/symfony/console/Command/Command.php(326): Illuminate\\Console\\Command->execute()
#38 /home/franco/Venta_De_Autopartes/AplicacionesWeb/vendor/laravel/framework/src/Illuminate/Console/Command.php(181): Symfony\\Component\\Console\\Command\\Command->run()
#39 /home/franco/Venta_De_Autopartes/AplicacionesWeb/vendor/symfony/console/Application.php(1096): Illuminate\\Console\\Command->run()
#40 /home/franco/Venta_De_Autopartes/AplicacionesWeb/vendor/symfony/console/Application.php(324): Symfony\\Component\\Console\\Application->doRunCommand()
#41 /home/franco/Venta_De_Autopartes/AplicacionesWeb/vendor/symfony/console/Application.php(175): Symfony\\Component\\Console\\Application->doRun()
#42 /home/franco/Venta_De_Autopartes/AplicacionesWeb/vendor/laravel/framework/src/Illuminate/Foundation/Console/Kernel.php(201): Symfony\\Component\\Console\\Application->run()
#43 /home/franco/Venta_De_Autopartes/AplicacionesWeb/artisan(37): Illuminate\\Foundation\\Console\\Kernel->handle()
#44 {main}

[previous exception] [object] (PDOException(code: 25P02): SQLSTATE[25P02]: In failed sql transaction: 7 ERROR:  current transaction is aborted, commands ignored until end of transaction block at /home/franco/Venta_De_Autopartes/AplicacionesWeb/vendor/laravel/framework/src/Illuminate/Database/Connection.php:587)
[stacktrace]
#0 /home/franco/Venta_De_Autopartes/AplicacionesWeb/vendor/laravel/framework/src/Illuminate/Database/Connection.php(587): PDOStatement->execute()
#1 /home/franco/Venta_De_Autopartes/AplicacionesWeb/vendor/laravel/framework/src/Illuminate/Database/Connection.php(816): Illuminate\\Database\\Connection->Illuminate\\Database\\{closure}()
#2 /home/franco/Venta_De_Autopartes/AplicacionesWeb/vendor/laravel/framework/src/Illuminate/Database/Connection.php(783): Illuminate\\Database\\Connection->runQueryCallback()
#3 /home/franco/Venta_De_Autopartes/AplicacionesWeb/vendor/laravel/framework/src/Illuminate/Database/Connection.php(588): Illuminate\\Database\\Connection->run()
#4 /home/franco/Venta_De_Autopartes/AplicacionesWeb/vendor/laravel/framework/src/Illuminate/Database/Schema/Blueprint.php(110): Illuminate\\Database\\Connection->statement()
#5 /home/franco/Venta_De_Autopartes/AplicacionesWeb/vendor/laravel/framework/src/Illuminate/Database/Schema/Builder.php(602): Illuminate\\Database\\Schema\\Blueprint->build()
#6 /home/franco/Venta_De_Autopartes/AplicacionesWeb/vendor/laravel/framework/src/Illuminate/Database/Schema/Builder.php(460): Illuminate\\Database\\Schema\\Builder->build()
#7 /home/franco/Venta_De_Autopartes/AplicacionesWeb/vendor/laravel/framework/src/Illuminate/Support/Facades/Facade.php(355): Illuminate\\Database\\Schema\\Builder->create()
#8 /home/franco/Venta_De_Autopartes/AplicacionesWeb/database/migrations/2014_10_12_000000_create_users_table.php(20): Illuminate\\Support\\Facades\\Facade::__callStatic()
#9 /home/franco/Venta_De_Autopartes/AplicacionesWeb/vendor/laravel/framework/src/Illuminate/Database/Migrations/Migrator.php(493): Illuminate\\Database\\Migrations\\Migration@anonymous->up()
#10 /home/franco/Venta_De_Autopartes/AplicacionesWeb/vendor/laravel/framework/src/Illuminate/Database/Migrations/Migrator.php(410): Illuminate\\Database\\Migrations\\Migrator->runMethod()
#11 /home/franco/Venta_De_Autopartes/AplicacionesWeb/vendor/laravel/framework/src/Illuminate/Database/Concerns/ManagesTransactions.php(30): Illuminate\\Database\\Migrations\\Migrator->Illuminate\\Database\\Migrations\\{closure}()
#12 /home/franco/Venta_De_Autopartes/AplicacionesWeb/vendor/laravel/framework/src/Illuminate/Database/Migrations/Migrator.php(418): Illuminate\\Database\\Connection->transaction()
#13 /home/franco/Venta_De_Autopartes/AplicacionesWeb/vendor/laravel/framework/src/Illuminate/Database/Migrations/Migrator.php(216): Illuminate\\Database\\Migrations\\Migrator->runMigration()
#14 /home/franco/Venta_De_Autopartes/AplicacionesWeb/vendor/laravel/framework/src/Illuminate/Console/View/Components/Task.php(37): Illuminate\\Database\\Migrations\\Migrator->Illuminate\\Database\\Migrations\\{closure}()
#15 /home/franco/Venta_De_Autopartes/AplicacionesWeb/vendor/laravel/framework/src/Illuminate/Database/Migrations/Migrator.php(756): Illuminate\\Console\\View\\Components\\Task->render()
#16 /home/franco/Venta_De_Autopartes/AplicacionesWeb/vendor/laravel/framework/src/Illuminate/Database/Migrations/Migrator.php(216): Illuminate\\Database\\Migrations\\Migrator->write()
#17 /home/franco/Venta_De_Autopartes/AplicacionesWeb/vendor/laravel/framework/src/Illuminate/Database/Migrations/Migrator.php(181): Illuminate\\Database\\Migrations\\Migrator->runUp()
#18 /home/franco/Venta_De_Autopartes/AplicacionesWeb/vendor/laravel/framework/src/Illuminate/Database/Migrations/Migrator.php(124): Illuminate\\Database\\Migrations\\Migrator->runPending()
#19 /home/franco/Venta_De_Autopartes/AplicacionesWeb/vendor/laravel/framework/src/Illuminate/Database/Console/Migrations/MigrateCommand.php(92): Illuminate\\Database\\Migrations\\Migrator->run()
#20 /home/franco/Venta_De_Autopartes/AplicacionesWeb/vendor/laravel/framework/src/Illuminate/Database/Migrations/Migrator.php(633): Illuminate\\Database\\Console\\Migrations\\MigrateCommand->Illuminate\\Database\\Console\\Migrations\\{closure}()
#21 /home/franco/Venta_De_Autopartes/AplicacionesWeb/vendor/laravel/framework/src/Illuminate/Database/Console/Migrations/MigrateCommand.php(104): Illuminate\\Database\\Migrations\\Migrator->usingConnection()
#22 /home/franco/Venta_De_Autopartes/AplicacionesWeb/vendor/laravel/framework/src/Illuminate/Container/BoundMethod.php(36): Illuminate\\Database\\Console\\Migrations\\MigrateCommand->handle()
#23 /home/franco/Venta_De_Autopartes/AplicacionesWeb/vendor/laravel/framework/src/Illuminate/Container/Util.php(41): Illuminate\\Container\\BoundMethod::Illuminate\\Container\\{closure}()
#24 /home/franco/Venta_De_Autopartes/AplicacionesWeb/vendor/laravel/framework/src/Illuminate/Container/BoundMethod.php(93): Illuminate\\Container\\Util::unwrapIfClosure()
#25 /home/franco/Venta_De_Autopartes/AplicacionesWeb/vendor/laravel/framework/src/Illuminate/Container/BoundMethod.php(37): Illuminate\\Container\\BoundMethod::callBoundMethod()
#26 /home/franco/Venta_De_Autopartes/AplicacionesWeb/vendor/laravel/framework/src/Illuminate/Container/Container.php(662): Illuminate\\Container\\BoundMethod::call()
#27 /home/franco/Venta_De_Autopartes/AplicacionesWeb/vendor/laravel/framework/src/Illuminate/Console/Command.php(211): Illuminate\\Container\\Container->call()
#28 /home/franco/Venta_De_Autopartes/AplicacionesWeb/vendor/symfony/console/Command/Command.php(326): Illuminate\\Console\\Command->execute()
#29 /home/franco/Venta_De_Autopartes/AplicacionesWeb/vendor/laravel/framework/src/Illuminate/Console/Command.php(181): Symfony\\Component\\Console\\Command\\Command->run()
#30 /home/franco/Venta_De_Autopartes/AplicacionesWeb/vendor/laravel/framework/src/Illuminate/Console/Concerns/CallsCommands.php(68): Illuminate\\Console\\Command->run()
#31 /home/franco/Venta_De_Autopartes/AplicacionesWeb/vendor/laravel/framework/src/Illuminate/Console/Concerns/CallsCommands.php(28): Illuminate\\Console\\Command->runCommand()
#32 /home/franco/Venta_De_Autopartes/AplicacionesWeb/vendor/laravel/framework/src/Illuminate/Database/Console/Migrations/FreshCommand.php(59): Illuminate\\Console\\Command->call()
#33 /home/franco/Venta_De_Autopartes/AplicacionesWeb/vendor/laravel/framework/src/Illuminate/Container/BoundMethod.php(36): Illuminate\\Database\\Console\\Migrations\\FreshCommand->handle()
#34 /home/franco/Venta_De_Autopartes/AplicacionesWeb/vendor/laravel/framework/src/Illuminate/Container/Util.php(41): Illuminate\\Container\\BoundMethod::Illuminate\\Container\\{closure}()
#35 /home/franco/Venta_De_Autopartes/AplicacionesWeb/vendor/laravel/framework/src/Illuminate/Container/BoundMethod.php(93): Illuminate\\Container\\Util::unwrapIfClosure()
#36 /home/franco/Venta_De_Autopartes/AplicacionesWeb/vendor/laravel/framework/src/Illuminate/Container/BoundMethod.php(37): Illuminate\\Container\\BoundMethod::callBoundMethod()
#37 /home/franco/Venta_De_Autopartes/AplicacionesWeb/vendor/laravel/framework/src/Illuminate/Container/Container.php(662): Illuminate\\Container\\BoundMethod::call()
#38 /home/franco/Venta_De_Autopartes/AplicacionesWeb/vendor/laravel/framework/src/Illuminate/Console/Command.php(211): Illuminate\\Container\\Container->call()
#39 /home/franco/Venta_De_Autopartes/AplicacionesWeb/vendor/symfony/console/Command/Command.php(326): Illuminate\\Console\\Command->execute()
#40 /home/franco/Venta_De_Autopartes/AplicacionesWeb/vendor/laravel/framework/src/Illuminate/Console/Command.php(181): Symfony\\Component\\Console\\Command\\Command->run()
#41 /home/franco/Venta_De_Autopartes/AplicacionesWeb/vendor/symfony/console/Application.php(1096): Illuminate\\Console\\Command->run()
#42 /home/franco/Venta_De_Autopartes/AplicacionesWeb/vendor/symfony/console/Application.php(324): Symfony\\Component\\Console\\Application->doRunCommand()
#43 /home/franco/Venta_De_Autopartes/AplicacionesWeb/vendor/symfony/console/Application.php(175): Symfony\\Component\\Console\\Application->doRun()
#44 /home/franco/Venta_De_Autopartes/AplicacionesWeb/vendor/laravel/framework/src/Illuminate/Foundation/Console/Kernel.php(201): Symfony\\Component\\Console\\Application->run()
#45 /home/franco/Venta_De_Autopartes/AplicacionesWeb/artisan(37): Illuminate\\Foundation\\Console\\Kernel->handle()
#46 {main}
"} 
[2026-03-17 21:21:49] local.ERROR: SQLSTATE[25P02]: In failed sql transaction: 7 ERROR:  current transaction is aborted, commands ignored until end of transaction block (Connection: pgsql, SQL: alter table "users" add constraint "users_email_unique" unique ("email")) {"exception":"[object] (Illuminate\\Database\\QueryException(code: 25P02): SQLSTATE[25P02]: In failed sql transaction: 7 ERROR:  current transaction is aborted, commands ignored until end of transaction block (Connection: pgsql, SQL: alter table \"users\" add constraint \"users_email_unique\" unique (\"email\")) at /home/franco/Venta_De_Autopartes/AplicacionesWeb/vendor/laravel/framework/src/Illuminate/Database/Connection.php:829)
[stacktrace]
#0 /home/franco/Venta_De_Autopartes/AplicacionesWeb/vendor/laravel/framework/src/Illuminate/Database/Connection.php(783): Illuminate\\Database\\Connection->runQueryCallback()
#1 /home/franco/Venta_De_Autopartes/AplicacionesWeb/vendor/laravel/framework/src/Illuminate/Database/Connection.php(588): Illuminate\\Database\\Connection->run()
#2 /home/franco/Venta_De_Autopartes/AplicacionesWeb/vendor/laravel/framework/src/Illuminate/Database/Schema/Blueprint.php(110): Illuminate\\Database\\Connection->statement()
#3 /home/franco/Venta_De_Autopartes/AplicacionesWeb/vendor/laravel/framework/src/Illuminate/Database/Schema/Builder.php(602): Illuminate\\Database\\Schema\\Blueprint->build()
#4 /home/franco/Venta_De_Autopartes/AplicacionesWeb/vendor/laravel/framework/src/Illuminate/Database/Schema/Builder.php(444): Illuminate\\Database\\Schema\\Builder->build()
#5 /home/franco/Venta_De_Autopartes/AplicacionesWeb/vendor/laravel/framework/src/Illuminate/Support/Facades/Facade.php(355): Illuminate\\Database\\Schema\\Builder->table()
#6 /home/franco/Venta_De_Autopartes/AplicacionesWeb/database/migrations/2014_10_12_000000_create_users_table.php(21): Illuminate\\Support\\Facades\\Facade::__callStatic()
#7 /home/franco/Venta_De_Autopartes/AplicacionesWeb/vendor/laravel/framework/src/Illuminate/Database/Migrations/Migrator.php(493): Illuminate\\Database\\Migrations\\Migration@anonymous->up()
#8 /home/franco/Venta_De_Autopartes/AplicacionesWeb/vendor/laravel/framework/src/Illuminate/Database/Migrations/Migrator.php(410): Illuminate\\Database\\Migrations\\Migrator->runMethod()
#9 /home/franco/Venta_De_Autopartes/AplicacionesWeb/vendor/laravel/framework/src/Illuminate/Database/Concerns/ManagesTransactions.php(30): Illuminate\\Database\\Migrations\\Migrator->Illuminate\\Database\\Migrations\\{closure}()
#10 /home/franco/Venta_De_Autopartes/AplicacionesWeb/vendor/laravel/framework/src/Illuminate/Database/Migrations/Migrator.php(418): Illuminate\\Database\\Connection->transaction()
#11 /home/franco/Venta_De_Autopartes/AplicacionesWeb/vendor/laravel/framework/src/Illuminate/Database/Migrations/Migrator.php(216): Illuminate\\Database\\Migrations\\Migrator->runMigration()
#12 /home/franco/Venta_De_Autopartes/AplicacionesWeb/vendor/laravel/framework/src/Illuminate/Console/View/Components/Task.php(37): Illuminate\\Database\\Migrations\\Migrator->Illuminate\\Database\\Migrations\\{closure}()
#13 /home/franco/Venta_De_Autopartes/AplicacionesWeb/vendor/laravel/framework/src/Illuminate/Database/Migrations/Migrator.php(756): Illuminate\\Console\\View\\Components\\Task->render()
#14 /home/franco/Venta_De_Autopartes/AplicacionesWeb/vendor/laravel/framework/src/Illuminate/Database/Migrations/Migrator.php(216): Illuminate\\Database\\Migrations\\Migrator->write()
#15 /home/franco/Venta_De_Autopartes/AplicacionesWeb/vendor/laravel/framework/src/Illuminate/Database/Migrations/Migrator.php(181): Illuminate\\Database\\Migrations\\Migrator->runUp()
#16 /home/franco/Venta_De_Autopartes/AplicacionesWeb/vendor/laravel/framework/src/Illuminate/Database/Migrations/Migrator.php(124): Illuminate\\Database\\Migrations\\Migrator->runPending()
#17 /home/franco/Venta_De_Autopartes/AplicacionesWeb/vendor/laravel/framework/src/Illuminate/Database/Console/Migrations/MigrateCommand.php(92): Illuminate\\Database\\Migrations\\Migrator->run()
#18 /home/franco/Venta_De_Autopartes/AplicacionesWeb/vendor/laravel/framework/src/Illuminate/Database/Migrations/Migrator.php(633): Illuminate\\Database\\Console\\Migrations\\MigrateCommand->Illuminate\\Database\\Console\\Migrations\\{closure}()
#19 /home/franco/Venta_De_Autopartes/AplicacionesWeb/vendor/laravel/framework/src/Illuminate/Database/Console/Migrations/MigrateCommand.php(104): Illuminate\\Database\\Migrations\\Migrator->usingConnection()
#20 /home/franco/Venta_De_Autopartes/AplicacionesWeb/vendor/laravel/framework/src/Illuminate/Container/BoundMethod.php(36): Illuminate\\Database\\Console\\Migrations\\MigrateCommand->handle()
#21 /home/franco/Venta_De_Autopartes/AplicacionesWeb/vendor/laravel/framework/src/Illuminate/Container/Util.php(41): Illuminate\\Container\\BoundMethod::Illuminate\\Container\\{closure}()
#22 /home/franco/Venta_De_Autopartes/AplicacionesWeb/vendor/laravel/framework/src/Illuminate/Container/BoundMethod.php(93): Illuminate\\Container\\Util::unwrapIfClosure()
#23 /home/franco/Venta_De_Autopartes/AplicacionesWeb/vendor/laravel/framework/src/Illuminate/Container/BoundMethod.php(37): Illuminate\\Container\\BoundMethod::callBoundMethod()
#24 /home/franco/Venta_De_Autopartes/AplicacionesWeb/vendor/laravel/framework/src/Illuminate/Container/Container.php(662): Illuminate\\Container\\BoundMethod::call()
#25 /home/franco/Venta_De_Autopartes/AplicacionesWeb/vendor/laravel/framework/src/Illuminate/Console/Command.php(211): Illuminate\\Container\\Container->call()
#26 /home/franco/Venta_De_Autopartes/AplicacionesWeb/vendor/symfony/console/Command/Command.php(326): Illuminate\\Console\\Command->execute()
#27 /home/franco/Venta_De_Autopartes/AplicacionesWeb/vendor/laravel/framework/src/Illuminate/Console/Command.php(181): Symfony\\Component\\Console\\Command\\Command->run()
#28 /home/franco/Venta_De_Autopartes/AplicacionesWeb/vendor/laravel/framework/src/Illuminate/Console/Concerns/CallsCommands.php(68): Illuminate\\Console\\Command->run()
#29 /home/franco/Venta_De_Autopartes/AplicacionesWeb/vendor/laravel/framework/src/Illuminate/Console/Concerns/CallsCommands.php(28): Illuminate\\Console\\Command->runCommand()
#30 /home/franco/Venta_De_Autopartes/AplicacionesWeb/vendor/laravel/framework/src/Illuminate/Database/Console/Migrations/FreshCommand.php(59): Illuminate\\Console\\Command->call()
#31 /home/franco/Venta_De_Autopartes/AplicacionesWeb/vendor/laravel/framework/src/Illuminate/Container/BoundMethod.php(36): Illuminate\\Database\\Console\\Migrations\\FreshCommand->handle()
#32 /home/franco/Venta_De_Autopartes/AplicacionesWeb/vendor/laravel/framework/src/Illuminate/Container/Util.php(41): Illuminate\\Container\\BoundMethod::Illuminate\\Container\\{closure}()
#33 /home/franco/Venta_De_Autopartes/AplicacionesWeb/vendor/laravel/framework/src/Illuminate/Container/BoundMethod.php(93): Illuminate\\Container\\Util::unwrapIfClosure()
#34 /home/franco/Venta_De_Autopartes/AplicacionesWeb/vendor/laravel/framework/src/Illuminate/Container/BoundMethod.php(37): Illuminate\\Container\\BoundMethod::callBoundMethod()
#35 /home/franco/Venta_De_Autopartes/AplicacionesWeb/vendor/laravel/framework/src/Illuminate/Container/Container.php(662): Illuminate\\Container\\BoundMethod::call()
#36 /home/franco/Venta_De_Autopartes/AplicacionesWeb/vendor/laravel/framework/src/Illuminate/Console/Command.php(211): Illuminate\\Container\\Container->call()
#37 /home/franco/Venta_De_Autopartes/AplicacionesWeb/vendor/symfony/console/Command/Command.php(326): Illuminate\\Console\\Command->execute()
#38 /home/franco/Venta_De_Autopartes/AplicacionesWeb/vendor/laravel/framework/src/Illuminate/Console/Command.php(181): Symfony\\Component\\Console\\Command\\Command->run()
#39 /home/franco/Venta_De_Autopartes/AplicacionesWeb/vendor/symfony/console/Application.php(1096): Illuminate\\Console\\Command->run()
#40 /home/franco/Venta_De_Autopartes/AplicacionesWeb/vendor/symfony/console/Application.php(324): Symfony\\Component\\Console\\Application->doRunCommand()
#41 /home/franco/Venta_De_Autopartes/AplicacionesWeb/vendor/symfony/console/Application.php(175): Symfony\\Component\\Console\\Application->doRun()
#42 /home/franco/Venta_De_Autopartes/AplicacionesWeb/vendor/laravel/framework/src/Illuminate/Foundation/Console/Kernel.php(201): Symfony\\Component\\Console\\Application->run()
#43 /home/franco/Venta_De_Autopartes/AplicacionesWeb/artisan(37): Illuminate\\Foundation\\Console\\Kernel->handle()
#44 {main}

[previous exception] [object] (PDOException(code: 25P02): SQLSTATE[25P02]: In failed sql transaction: 7 ERROR:  current transaction is aborted, commands ignored until end of transaction block at /home/franco/Venta_De_Autopartes/AplicacionesWeb/vendor/laravel/framework/src/Illuminate/Database/Connection.php:587)
[stacktrace]
#0 /home/franco/Venta_De_Autopartes/AplicacionesWeb/vendor/laravel/framework/src/Illuminate/Database/Connection.php(587): PDOStatement->execute()
#1 /home/franco/Venta_De_Autopartes/AplicacionesWeb/vendor/laravel/framework/src/Illuminate/Database/Connection.php(816): Illuminate\\Database\\Connection->Illuminate\\Database\\{closure}()
#2 /home/franco/Venta_De_Autopartes/AplicacionesWeb/vendor/laravel/framework/src/Illuminate/Database/Connection.php(783): Illuminate\\Database\\Connection->runQueryCallback()
#3 /home/franco/Venta_De_Autopartes/AplicacionesWeb/vendor/laravel/framework/src/Illuminate/Database/Connection.php(588): Illuminate\\Database\\Connection->run()
#4 /home/franco/Venta_De_Autopartes/AplicacionesWeb/vendor/laravel/framework/src/Illuminate/Database/Schema/Blueprint.php(110): Illuminate\\Database\\Connection->statement()
#5 /home/franco/Venta_De_Autopartes/AplicacionesWeb/vendor/laravel/framework/src/Illuminate/Database/Schema/Builder.php(602): Illuminate\\Database\\Schema\\Blueprint->build()
#6 /home/franco/Venta_De_Autopartes/AplicacionesWeb/vendor/laravel/framework/src/Illuminate/Database/Schema/Builder.php(444): Illuminate\\Database\\Schema\\Builder->build()
#7 /home/franco/Venta_De_Autopartes/AplicacionesWeb/vendor/laravel/framework/src/Illuminate/Support/Facades/Facade.php(355): Illuminate\\Database\\Schema\\Builder->table()
#8 /home/franco/Venta_De_Autopartes/AplicacionesWeb/database/migrations/2014_10_12_000000_create_users_table.php(21): Illuminate\\Support\\Facades\\Facade::__callStatic()
#9 /home/franco/Venta_De_Autopartes/AplicacionesWeb/vendor/laravel/framework/src/Illuminate/Database/Migrations/Migrator.php(493): Illuminate\\Database\\Migrations\\Migration@anonymous->up()
#10 /home/franco/Venta_De_Autopartes/AplicacionesWeb/vendor/laravel/framework/src/Illuminate/Database/Migrations/Migrator.php(410): Illuminate\\Database\\Migrations\\Migrator->runMethod()
#11 /home/franco/Venta_De_Autopartes/AplicacionesWeb/vendor/laravel/framework/src/Illuminate/Database/Concerns/ManagesTransactions.php(30): Illuminate\\Database\\Migrations\\Migrator->Illuminate\\Database\\Migrations\\{closure}()
#12 /home/franco/Venta_De_Autopartes/AplicacionesWeb/vendor/laravel/framework/src/Illuminate/Database/Migrations/Migrator.php(418): Illuminate\\Database\\Connection->transaction()
#13 /home/franco/Venta_De_Autopartes/AplicacionesWeb/vendor/laravel/framework/src/Illuminate/Database/Migrations/Migrator.php(216): Illuminate\\Database\\Migrations\\Migrator->runMigration()
#14 /home/franco/Venta_De_Autopartes/AplicacionesWeb/vendor/laravel/framework/src/Illuminate/Console/View/Components/Task.php(37): Illuminate\\Database\\Migrations\\Migrator->Illuminate\\Database\\Migrations\\{closure}()
#15 /home/franco/Venta_De_Autopartes/AplicacionesWeb/vendor/laravel/framework/src/Illuminate/Database/Migrations/Migrator.php(756): Illuminate\\Console\\View\\Components\\Task->render()
#16 /home/franco/Venta_De_Autopartes/AplicacionesWeb/vendor/laravel/framework/src/Illuminate/Database/Migrations/Migrator.php(216): Illuminate\\Database\\Migrations\\Migrator->write()
#17 /home/franco/Venta_De_Autopartes/AplicacionesWeb/vendor/laravel/framework/src/Illuminate/Database/Migrations/Migrator.php(181): Illuminate\\Database\\Migrations\\Migrator->runUp()
#18 /home/franco/Venta_De_Autopartes/AplicacionesWeb/vendor/laravel/framework/src/Illuminate/Database/Migrations/Migrator.php(124): Illuminate\\Database\\Migrations\\Migrator->runPending()
#19 /home/franco/Venta_De_Autopartes/AplicacionesWeb/vendor/laravel/framework/src/Illuminate/Database/Console/Migrations/MigrateCommand.php(92): Illuminate\\Database\\Migrations\\Migrator->run()
#20 /home/franco/Venta_De_Autopartes/AplicacionesWeb/vendor/laravel/framework/src/Illuminate/Database/Migrations/Migrator.php(633): Illuminate\\Database\\Console\\Migrations\\MigrateCommand->Illuminate\\Database\\Console\\Migrations\\{closure}()
#21 /home/franco/Venta_De_Autopartes/AplicacionesWeb/vendor/laravel/framework/src/Illuminate/Database/Console/Migrations/MigrateCommand.php(104): Illuminate\\Database\\Migrations\\Migrator->usingConnection()
#22 /home/franco/Venta_De_Autopartes/AplicacionesWeb/vendor/laravel/framework/src/Illuminate/Container/BoundMethod.php(36): Illuminate\\Database\\Console\\Migrations\\MigrateCommand->handle()
#23 /home/franco/Venta_De_Autopartes/AplicacionesWeb/vendor/laravel/framework/src/Illuminate/Container/Util.php(41): Illuminate\\Container\\BoundMethod::Illuminate\\Container\\{closure}()
#24 /home/franco/Venta_De_Autopartes/AplicacionesWeb/vendor/laravel/framework/src/Illuminate/Container/BoundMethod.php(93): Illuminate\\Container\\Util::unwrapIfClosure()
#25 /home/franco/Venta_De_Autopartes/AplicacionesWeb/vendor/laravel/framework/src/Illuminate/Container/BoundMethod.php(37): Illuminate\\Container\\BoundMethod::callBoundMethod()
#26 /home/franco/Venta_De_Autopartes/AplicacionesWeb/vendor/laravel/framework/src/Illuminate/Container/Container.php(662): Illuminate\\Container\\BoundMethod::call()
#27 /home/franco/Venta_De_Autopartes/AplicacionesWeb/vendor/laravel/framework/src/Illuminate/Console/Command.php(211): Illuminate\\Container\\Container->call()
#28 /home/franco/Venta_De_Autopartes/AplicacionesWeb/vendor/symfony/console/Command/Command.php(326): Illuminate\\Console\\Command->execute()
#29 /home/franco/Venta_De_Autopartes/AplicacionesWeb/vendor/laravel/framework/src/Illuminate/Console/Command.php(181): Symfony\\Component\\Console\\Command\\Command->run()
#30 /home/franco/Venta_De_Autopartes/AplicacionesWeb/vendor/laravel/framework/src/Illuminate/Console/Concerns/CallsCommands.php(68): Illuminate\\Console\\Command->run()
#31 /home/franco/Venta_De_Autopartes/AplicacionesWeb/vendor/laravel/framework/src/Illuminate/Console/Concerns/CallsCommands.php(28): Illuminate\\Console\\Command->runCommand()
#32 /home/franco/Venta_De_Autopartes/AplicacionesWeb/vendor/laravel/framework/src/Illuminate/Database/Console/Migrations/FreshCommand.php(59): Illuminate\\Console\\Command->call()
#33 /home/franco/Venta_De_Autopartes/AplicacionesWeb/vendor/laravel/framework/src/Illuminate/Container/BoundMethod.php(36): Illuminate\\Database\\Console\\Migrations\\FreshCommand->handle()
#34 /home/franco/Venta_De_Autopartes/AplicacionesWeb/vendor/laravel/framework/src/Illuminate/Container/Util.php(41): Illuminate\\Container\\BoundMethod::Illuminate\\Container\\{closure}()
#35 /home/franco/Venta_De_Autopartes/AplicacionesWeb/vendor/laravel/framework/src/Illuminate/Container/BoundMethod.php(93): Illuminate\\Container\\Util::unwrapIfClosure()
#36 /home/franco/Venta_De_Autopartes/AplicacionesWeb/vendor/laravel/framework/src/Illuminate/Container/BoundMethod.php(37): Illuminate\\Container\\BoundMethod::callBoundMethod()
#37 /home/franco/Venta_De_Autopartes/AplicacionesWeb/vendor/laravel/framework/src/Illuminate/Container/Container.php(662): Illuminate\\Container\\BoundMethod::call()
#38 /home/franco/Venta_De_Autopartes/AplicacionesWeb/vendor/laravel/framework/src/Illuminate/Console/Command.php(211): Illuminate\\Container\\Container->call()
#39 /home/franco/Venta_De_Autopartes/AplicacionesWeb/vendor/symfony/console/Command/Command.php(326): Illuminate\\Console\\Command->execute()
#40 /home/franco/Venta_De_Autopartes/AplicacionesWeb/vendor/laravel/framework/src/Illuminate/Console/Command.php(181): Symfony\\Component\\Console\\Command\\Command->run()
#41 /home/franco/Venta_De_Autopartes/AplicacionesWeb/vendor/symfony/console/Application.php(1096): Illuminate\\Console\\Command->run()
#42 /home/franco/Venta_De_Autopartes/AplicacionesWeb/vendor/symfony/console/Application.php(324): Symfony\\Component\\Console\\Application->doRunCommand()
#43 /home/franco/Venta_De_Autopartes/AplicacionesWeb/vendor/symfony/console/Application.php(175): Symfony\\Component\\Console\\Application->doRun()
#44 /home/franco/Venta_De_Autopartes/AplicacionesWeb/vendor/laravel/framework/src/Illuminate/Foundation/Console/Kernel.php(201): Symfony\\Component\\Console\\Application->run()
#45 /home/franco/Venta_De_Autopartes/AplicacionesWeb/artisan(37): Illuminate\\Foundation\\Console\\Kernel->handle()
#46 {main}
"} 
[2026-03-17 21:58:02] local.ERROR: SQLSTATE[25P02]: In failed sql transaction: 7 ERROR:  current transaction is aborted, commands ignored until end of transaction block (Connection: pgsql, SQL: alter table "password_reset_tokens" add primary key ("email")) {"exception":"[object] (Illuminate\\Database\\QueryException(code: 25P02): SQLSTATE[25P02]: In failed sql transaction: 7 ERROR:  current transaction is aborted, commands ignored until end of transaction block (Connection: pgsql, SQL: alter table \"password_reset_tokens\" add primary key (\"email\")) at /home/franco/Venta_De_Autopartes/AplicacionesWeb/vendor/laravel/framework/src/Illuminate/Database/Connection.php:829)
[stacktrace]
#0 /home/franco/Venta_De_Autopartes/AplicacionesWeb/vendor/laravel/framework/src/Illuminate/Database/Connection.php(783): Illuminate\\Database\\Connection->runQueryCallback()
#1 /home/franco/Venta_De_Autopartes/AplicacionesWeb/vendor/laravel/framework/src/Illuminate/Database/Connection.php(588): Illuminate\\Database\\Connection->run()
#2 /home/franco/Venta_De_Autopartes/AplicacionesWeb/vendor/laravel/framework/src/Illuminate/Database/Schema/Blueprint.php(110): Illuminate\\Database\\Connection->statement()
#3 /home/franco/Venta_De_Autopartes/AplicacionesWeb/vendor/laravel/framework/src/Illuminate/Database/Schema/Builder.php(602): Illuminate\\Database\\Schema\\Blueprint->build()
#4 /home/franco/Venta_De_Autopartes/AplicacionesWeb/vendor/laravel/framework/src/Illuminate/Database/Schema/Builder.php(460): Illuminate\\Database\\Schema\\Builder->build()
#5 /home/franco/Venta_De_Autopartes/AplicacionesWeb/vendor/laravel/framework/src/Illuminate/Support/Facades/Facade.php(355): Illuminate\\Database\\Schema\\Builder->create()
#6 /home/franco/Venta_De_Autopartes/AplicacionesWeb/database/migrations/2014_10_12_100000_create_password_reset_tokens_table.php(18): Illuminate\\Support\\Facades\\Facade::__callStatic()
#7 /home/franco/Venta_De_Autopartes/AplicacionesWeb/vendor/laravel/framework/src/Illuminate/Database/Migrations/Migrator.php(493): Illuminate\\Database\\Migrations\\Migration@anonymous->up()
#8 /home/franco/Venta_De_Autopartes/AplicacionesWeb/vendor/laravel/framework/src/Illuminate/Database/Migrations/Migrator.php(410): Illuminate\\Database\\Migrations\\Migrator->runMethod()
#9 /home/franco/Venta_De_Autopartes/AplicacionesWeb/vendor/laravel/framework/src/Illuminate/Database/Concerns/ManagesTransactions.php(30): Illuminate\\Database\\Migrations\\Migrator->Illuminate\\Database\\Migrations\\{closure}()
#10 /home/franco/Venta_De_Autopartes/AplicacionesWeb/vendor/laravel/framework/src/Illuminate/Database/Migrations/Migrator.php(418): Illuminate\\Database\\Connection->transaction()
#11 /home/franco/Venta_De_Autopartes/AplicacionesWeb/vendor/laravel/framework/src/Illuminate/Database/Migrations/Migrator.php(216): Illuminate\\Database\\Migrations\\Migrator->runMigration()
#12 /home/franco/Venta_De_Autopartes/AplicacionesWeb/vendor/laravel/framework/src/Illuminate/Console/View/Components/Task.php(37): Illuminate\\Database\\Migrations\\Migrator->Illuminate\\Database\\Migrations\\{closure}()
#13 /home/franco/Venta_De_Autopartes/AplicacionesWeb/vendor/laravel/framework/src/Illuminate/Database/Migrations/Migrator.php(756): Illuminate\\Console\\View\\Components\\Task->render()
#14 /home/franco/Venta_De_Autopartes/AplicacionesWeb/vendor/laravel/framework/src/Illuminate/Database/Migrations/Migrator.php(216): Illuminate\\Database\\Migrations\\Migrator->write()
#15 /home/franco/Venta_De_Autopartes/AplicacionesWeb/vendor/laravel/framework/src/Illuminate/Database/Migrations/Migrator.php(181): Illuminate\\Database\\Migrations\\Migrator->runUp()
#16 /home/franco/Venta_De_Autopartes/AplicacionesWeb/vendor/laravel/framework/src/Illuminate/Database/Migrations/Migrator.php(124): Illuminate\\Database\\Migrations\\Migrator->runPending()
#17 /home/franco/Venta_De_Autopartes/AplicacionesWeb/vendor/laravel/framework/src/Illuminate/Database/Console/Migrations/MigrateCommand.php(92): Illuminate\\Database\\Migrations\\Migrator->run()
#18 /home/franco/Venta_De_Autopartes/AplicacionesWeb/vendor/laravel/framework/src/Illuminate/Database/Migrations/Migrator.php(633): Illuminate\\Database\\Console\\Migrations\\MigrateCommand->Illuminate\\Database\\Console\\Migrations\\{closure}()
#19 /home/franco/Venta_De_Autopartes/AplicacionesWeb/vendor/laravel/framework/src/Illuminate/Database/Console/Migrations/MigrateCommand.php(104): Illuminate\\Database\\Migrations\\Migrator->usingConnection()
#20 /home/franco/Venta_De_Autopartes/AplicacionesWeb/vendor/laravel/framework/src/Illuminate/Container/BoundMethod.php(36): Illuminate\\Database\\Console\\Migrations\\MigrateCommand->handle()
#21 /home/franco/Venta_De_Autopartes/AplicacionesWeb/vendor/laravel/framework/src/Illuminate/Container/Util.php(41): Illuminate\\Container\\BoundMethod::Illuminate\\Container\\{closure}()
#22 /home/franco/Venta_De_Autopartes/AplicacionesWeb/vendor/laravel/framework/src/Illuminate/Container/BoundMethod.php(93): Illuminate\\Container\\Util::unwrapIfClosure()
#23 /home/franco/Venta_De_Autopartes/AplicacionesWeb/vendor/laravel/framework/src/Illuminate/Container/BoundMethod.php(37): Illuminate\\Container\\BoundMethod::callBoundMethod()
#24 /home/franco/Venta_De_Autopartes/AplicacionesWeb/vendor/laravel/framework/src/Illuminate/Container/Container.php(662): Illuminate\\Container\\BoundMethod::call()
#25 /home/franco/Venta_De_Autopartes/AplicacionesWeb/vendor/laravel/framework/src/Illuminate/Console/Command.php(211): Illuminate\\Container\\Container->call()
#26 /home/franco/Venta_De_Autopartes/AplicacionesWeb/vendor/symfony/console/Command/Command.php(326): Illuminate\\Console\\Command->execute()
#27 /home/franco/Venta_De_Autopartes/AplicacionesWeb/vendor/laravel/framework/src/Illuminate/Console/Command.php(181): Symfony\\Component\\Console\\Command\\Command->run()
#28 /home/franco/Venta_De_Autopartes/AplicacionesWeb/vendor/laravel/framework/src/Illuminate/Console/Concerns/CallsCommands.php(68): Illuminate\\Console\\Command->run()
#29 /home/franco/Venta_De_Autopartes/AplicacionesWeb/vendor/laravel/framework/src/Illuminate/Console/Concerns/CallsCommands.php(28): Illuminate\\Console\\Command->runCommand()
#30 /home/franco/Venta_De_Autopartes/AplicacionesWeb/vendor/laravel/framework/src/Illuminate/Database/Console/Migrations/FreshCommand.php(59): Illuminate\\Console\\Command->call()
#31 /home/franco/Venta_De_Autopartes/AplicacionesWeb/vendor/laravel/framework/src/Illuminate/Container/BoundMethod.php(36): Illuminate\\Database\\Console\\Migrations\\FreshCommand->handle()
#32 /home/franco/Venta_De_Autopartes/AplicacionesWeb/vendor/laravel/framework/src/Illuminate/Container/Util.php(41): Illuminate\\Container\\BoundMethod::Illuminate\\Container\\{closure}()
#33 /home/franco/Venta_De_Autopartes/AplicacionesWeb/vendor/laravel/framework/src/Illuminate/Container/BoundMethod.php(93): Illuminate\\Container\\Util::unwrapIfClosure()
#34 /home/franco/Venta_De_Autopartes/AplicacionesWeb/vendor/laravel/framework/src/Illuminate/Container/BoundMethod.php(37): Illuminate\\Container\\BoundMethod::callBoundMethod()
#35 /home/franco/Venta_De_Autopartes/AplicacionesWeb/vendor/laravel/framework/src/Illuminate/Container/Container.php(662): Illuminate\\Container\\BoundMethod::call()
#36 /home/franco/Venta_De_Autopartes/AplicacionesWeb/vendor/laravel/framework/src/Illuminate/Console/Command.php(211): Illuminate\\Container\\Container->call()
#37 /home/franco/Venta_De_Autopartes/AplicacionesWeb/vendor/symfony/console/Command/Command.php(326): Illuminate\\Console\\Command->execute()
#38 /home/franco/Venta_De_Autopartes/AplicacionesWeb/vendor/laravel/framework/src/Illuminate/Console/Command.php(181): Symfony\\Component\\Console\\Command\\Command->run()
#39 /home/franco/Venta_De_Autopartes/AplicacionesWeb/vendor/symfony/console/Application.php(1096): Illuminate\\Console\\Command->run()
#40 /home/franco/Venta_De_Autopartes/AplicacionesWeb/vendor/symfony/console/Application.php(324): Symfony\\Component\\Console\\Application->doRunCommand()
#41 /home/franco/Venta_De_Autopartes/AplicacionesWeb/vendor/symfony/console/Application.php(175): Symfony\\Component\\Console\\Application->doRun()
#42 /home/franco/Venta_De_Autopartes/AplicacionesWeb/vendor/laravel/framework/src/Illuminate/Foundation/Console/Kernel.php(201): Symfony\\Component\\Console\\Application->run()
#43 /home/franco/Venta_De_Autopartes/AplicacionesWeb/artisan(37): Illuminate\\Foundation\\Console\\Kernel->handle()
#44 {main}

[previous exception] [object] (PDOException(code: 25P02): SQLSTATE[25P02]: In failed sql transaction: 7 ERROR:  current transaction is aborted, commands ignored until end of transaction block at /home/franco/Venta_De_Autopartes/AplicacionesWeb/vendor/laravel/framework/src/Illuminate/Database/Connection.php:587)
[stacktrace]
#0 /home/franco/Venta_De_Autopartes/AplicacionesWeb/vendor/laravel/framework/src/Illuminate/Database/Connection.php(587): PDOStatement->execute()
#1 /home/franco/Venta_De_Autopartes/AplicacionesWeb/vendor/laravel/framework/src/Illuminate/Database/Connection.php(816): Illuminate\\Database\\Connection->Illuminate\\Database\\{closure}()
#2 /home/franco/Venta_De_Autopartes/AplicacionesWeb/vendor/laravel/framework/src/Illuminate/Database/Connection.php(783): Illuminate\\Database\\Connection->runQueryCallback()
#3 /home/franco/Venta_De_Autopartes/AplicacionesWeb/vendor/laravel/framework/src/Illuminate/Database/Connection.php(588): Illuminate\\Database\\Connection->run()
#4 /home/franco/Venta_De_Autopartes/AplicacionesWeb/vendor/laravel/framework/src/Illuminate/Database/Schema/Blueprint.php(110): Illuminate\\Database\\Connection->statement()
#5 /home/franco/Venta_De_Autopartes/AplicacionesWeb/vendor/laravel/framework/src/Illuminate/Database/Schema/Builder.php(602): Illuminate\\Database\\Schema\\Blueprint->build()
#6 /home/franco/Venta_De_Autopartes/AplicacionesWeb/vendor/laravel/framework/src/Illuminate/Database/Schema/Builder.php(460): Illuminate\\Database\\Schema\\Builder->build()
#7 /home/franco/Venta_De_Autopartes/AplicacionesWeb/vendor/laravel/framework/src/Illuminate/Support/Facades/Facade.php(355): Illuminate\\Database\\Schema\\Builder->create()
#8 /home/franco/Venta_De_Autopartes/AplicacionesWeb/database/migrations/2014_10_12_100000_create_password_reset_tokens_table.php(18): Illuminate\\Support\\Facades\\Facade::__callStatic()
#9 /home/franco/Venta_De_Autopartes/AplicacionesWeb/vendor/laravel/framework/src/Illuminate/Database/Migrations/Migrator.php(493): Illuminate\\Database\\Migrations\\Migration@anonymous->up()
#10 /home/franco/Venta_De_Autopartes/AplicacionesWeb/vendor/laravel/framework/src/Illuminate/Database/Migrations/Migrator.php(410): Illuminate\\Database\\Migrations\\Migrator->runMethod()
#11 /home/franco/Venta_De_Autopartes/AplicacionesWeb/vendor/laravel/framework/src/Illuminate/Database/Concerns/ManagesTransactions.php(30): Illuminate\\Database\\Migrations\\Migrator->Illuminate\\Database\\Migrations\\{closure}()
#12 /home/franco/Venta_De_Autopartes/AplicacionesWeb/vendor/laravel/framework/src/Illuminate/Database/Migrations/Migrator.php(418): Illuminate\\Database\\Connection->transaction()
#13 /home/franco/Venta_De_Autopartes/AplicacionesWeb/vendor/laravel/framework/src/Illuminate/Database/Migrations/Migrator.php(216): Illuminate\\Database\\Migrations\\Migrator->runMigration()
#14 /home/franco/Venta_De_Autopartes/AplicacionesWeb/vendor/laravel/framework/src/Illuminate/Console/View/Components/Task.php(37): Illuminate\\Database\\Migrations\\Migrator->Illuminate\\Database\\Migrations\\{closure}()
#15 /home/franco/Venta_De_Autopartes/AplicacionesWeb/vendor/laravel/framework/src/Illuminate/Database/Migrations/Migrator.php(756): Illuminate\\Console\\View\\Components\\Task->render()
#16 /home/franco/Venta_De_Autopartes/AplicacionesWeb/vendor/laravel/framework/src/Illuminate/Database/Migrations/Migrator.php(216): Illuminate\\Database\\Migrations\\Migrator->write()
#17 /home/franco/Venta_De_Autopartes/AplicacionesWeb/vendor/laravel/framework/src/Illuminate/Database/Migrations/Migrator.php(181): Illuminate\\Database\\Migrations\\Migrator->runUp()
#18 /home/franco/Venta_De_Autopartes/AplicacionesWeb/vendor/laravel/framework/src/Illuminate/Database/Migrations/Migrator.php(124): Illuminate\\Database\\Migrations\\Migrator->runPending()
#19 /home/franco/Venta_De_Autopartes/AplicacionesWeb/vendor/laravel/framework/src/Illuminate/Database/Console/Migrations/MigrateCommand.php(92): Illuminate\\Database\\Migrations\\Migrator->run()
#20 /home/franco/Venta_De_Autopartes/AplicacionesWeb/vendor/laravel/framework/src/Illuminate/Database/Migrations/Migrator.php(633): Illuminate\\Database\\Console\\Migrations\\MigrateCommand->Illuminate\\Database\\Console\\Migrations\\{closure}()
#21 /home/franco/Venta_De_Autopartes/AplicacionesWeb/vendor/laravel/framework/src/Illuminate/Database/Console/Migrations/MigrateCommand.php(104): Illuminate\\Database\\Migrations\\Migrator->usingConnection()
#22 /home/franco/Venta_De_Autopartes/AplicacionesWeb/vendor/laravel/framework/src/Illuminate/Container/BoundMethod.php(36): Illuminate\\Database\\Console\\Migrations\\MigrateCommand->handle()
#23 /home/franco/Venta_De_Autopartes/AplicacionesWeb/vendor/laravel/framework/src/Illuminate/Container/Util.php(41): Illuminate\\Container\\BoundMethod::Illuminate\\Container\\{closure}()
#24 /home/franco/Venta_De_Autopartes/AplicacionesWeb/vendor/laravel/framework/src/Illuminate/Container/BoundMethod.php(93): Illuminate\\Container\\Util::unwrapIfClosure()
#25 /home/franco/Venta_De_Autopartes/AplicacionesWeb/vendor/laravel/framework/src/Illuminate/Container/BoundMethod.php(37): Illuminate\\Container\\BoundMethod::callBoundMethod()
#26 /home/franco/Venta_De_Autopartes/AplicacionesWeb/vendor/laravel/framework/src/Illuminate/Container/Container.php(662): Illuminate\\Container\\BoundMethod::call()
#27 /home/franco/Venta_De_Autopartes/AplicacionesWeb/vendor/laravel/framework/src/Illuminate/Console/Command.php(211): Illuminate\\Container\\Container->call()
#28 /home/franco/Venta_De_Autopartes/AplicacionesWeb/vendor/symfony/console/Command/Command.php(326): Illuminate\\Console\\Command->execute()
#29 /home/franco/Venta_De_Autopartes/AplicacionesWeb/vendor/laravel/framework/src/Illuminate/Console/Command.php(181): Symfony\\Component\\Console\\Command\\Command->run()
#30 /home/franco/Venta_De_Autopartes/AplicacionesWeb/vendor/laravel/framework/src/Illuminate/Console/Concerns/CallsCommands.php(68): Illuminate\\Console\\Command->run()
#31 /home/franco/Venta_De_Autopartes/AplicacionesWeb/vendor/laravel/framework/src/Illuminate/Console/Concerns/CallsCommands.php(28): Illuminate\\Console\\Command->runCommand()
#32 /home/franco/Venta_De_Autopartes/AplicacionesWeb/vendor/laravel/framework/src/Illuminate/Database/Console/Migrations/FreshCommand.php(59): Illuminate\\Console\\Command->call()
#33 /home/franco/Venta_De_Autopartes/AplicacionesWeb/vendor/laravel/framework/src/Illuminate/Container/BoundMethod.php(36): Illuminate\\Database\\Console\\Migrations\\FreshCommand->handle()
#34 /home/franco/Venta_De_Autopartes/AplicacionesWeb/vendor/laravel/framework/src/Illuminate/Container/Util.php(41): Illuminate\\Container\\BoundMethod::Illuminate\\Container\\{closure}()
#35 /home/franco/Venta_De_Autopartes/AplicacionesWeb/vendor/laravel/framework/src/Illuminate/Container/BoundMethod.php(93): Illuminate\\Container\\Util::unwrapIfClosure()
#36 /home/franco/Venta_De_Autopartes/AplicacionesWeb/vendor/laravel/framework/src/Illuminate/Container/BoundMethod.php(37): Illuminate\\Container\\BoundMethod::callBoundMethod()
#37 /home/franco/Venta_De_Autopartes/AplicacionesWeb/vendor/laravel/framework/src/Illuminate/Container/Container.php(662): Illuminate\\Container\\BoundMethod::call()
#38 /home/franco/Venta_De_Autopartes/AplicacionesWeb/vendor/laravel/framework/src/Illuminate/Console/Command.php(211): Illuminate\\Container\\Container->call()
#39 /home/franco/Venta_De_Autopartes/AplicacionesWeb/vendor/symfony/console/Command/Command.php(326): Illuminate\\Console\\Command->execute()
#40 /home/franco/Venta_De_Autopartes/AplicacionesWeb/vendor/laravel/framework/src/Illuminate/Console/Command.php(181): Symfony\\Component\\Console\\Command\\Command->run()
#41 /home/franco/Venta_De_Autopartes/AplicacionesWeb/vendor/symfony/console/Application.php(1096): Illuminate\\Console\\Command->run()
#42 /home/franco/Venta_De_Autopartes/AplicacionesWeb/vendor/symfony/console/Application.php(324): Symfony\\Component\\Console\\Application->doRunCommand()
#43 /home/franco/Venta_De_Autopartes/AplicacionesWeb/vendor/symfony/console/Application.php(175): Symfony\\Component\\Console\\Application->doRun()
#44 /home/franco/Venta_De_Autopartes/AplicacionesWeb/vendor/laravel/framework/src/Illuminate/Foundation/Console/Kernel.php(201): Symfony\\Component\\Console\\Application->run()
#45 /home/franco/Venta_De_Autopartes/AplicacionesWeb/artisan(37): Illuminate\\Foundation\\Console\\Kernel->handle()
#46 {main}
"} 
[2026-03-17 22:00:58] local.ERROR: SQLSTATE[25P02]: In failed sql transaction: 7 ERROR:  current transaction is aborted, commands ignored until end of transaction block (Connection: pgsql, SQL: alter table "failed_jobs" add constraint "failed_jobs_uuid_unique" unique ("uuid")) {"exception":"[object] (Illuminate\\Database\\QueryException(code: 25P02): SQLSTATE[25P02]: In failed sql transaction: 7 ERROR:  current transaction is aborted, commands ignored until end of transaction block (Connection: pgsql, SQL: alter table \"failed_jobs\" add constraint \"failed_jobs_uuid_unique\" unique (\"uuid\")) at /home/franco/Venta_De_Autopartes/AplicacionesWeb/vendor/laravel/framework/src/Illuminate/Database/Connection.php:829)
[stacktrace]
#0 /home/franco/Venta_De_Autopartes/AplicacionesWeb/vendor/laravel/framework/src/Illuminate/Database/Connection.php(783): Illuminate\\Database\\Connection->runQueryCallback()
#1 /home/franco/Venta_De_Autopartes/AplicacionesWeb/vendor/laravel/framework/src/Illuminate/Database/Connection.php(588): Illuminate\\Database\\Connection->run()
#2 /home/franco/Venta_De_Autopartes/AplicacionesWeb/vendor/laravel/framework/src/Illuminate/Database/Schema/Blueprint.php(110): Illuminate\\Database\\Connection->statement()
#3 /home/franco/Venta_De_Autopartes/AplicacionesWeb/vendor/laravel/framework/src/Illuminate/Database/Schema/Builder.php(602): Illuminate\\Database\\Schema\\Blueprint->build()
#4 /home/franco/Venta_De_Autopartes/AplicacionesWeb/vendor/laravel/framework/src/Illuminate/Database/Schema/Builder.php(460): Illuminate\\Database\\Schema\\Builder->build()
#5 /home/franco/Venta_De_Autopartes/AplicacionesWeb/vendor/laravel/framework/src/Illuminate/Support/Facades/Facade.php(355): Illuminate\\Database\\Schema\\Builder->create()
#6 /home/franco/Venta_De_Autopartes/AplicacionesWeb/database/migrations/2019_08_19_000000_create_failed_jobs_table.php(22): Illuminate\\Support\\Facades\\Facade::__callStatic()
#7 /home/franco/Venta_De_Autopartes/AplicacionesWeb/vendor/laravel/framework/src/Illuminate/Database/Migrations/Migrator.php(493): Illuminate\\Database\\Migrations\\Migration@anonymous->up()
#8 /home/franco/Venta_De_Autopartes/AplicacionesWeb/vendor/laravel/framework/src/Illuminate/Database/Migrations/Migrator.php(410): Illuminate\\Database\\Migrations\\Migrator->runMethod()
#9 /home/franco/Venta_De_Autopartes/AplicacionesWeb/vendor/laravel/framework/src/Illuminate/Database/Concerns/ManagesTransactions.php(30): Illuminate\\Database\\Migrations\\Migrator->Illuminate\\Database\\Migrations\\{closure}()
#10 /home/franco/Venta_De_Autopartes/AplicacionesWeb/vendor/laravel/framework/src/Illuminate/Database/Migrations/Migrator.php(418): Illuminate\\Database\\Connection->transaction()
#11 /home/franco/Venta_De_Autopartes/AplicacionesWeb/vendor/laravel/framework/src/Illuminate/Database/Migrations/Migrator.php(216): Illuminate\\Database\\Migrations\\Migrator->runMigration()
#12 /home/franco/Venta_De_Autopartes/AplicacionesWeb/vendor/laravel/framework/src/Illuminate/Console/View/Components/Task.php(37): Illuminate\\Database\\Migrations\\Migrator->Illuminate\\Database\\Migrations\\{closure}()
#13 /home/franco/Venta_De_Autopartes/AplicacionesWeb/vendor/laravel/framework/src/Illuminate/Database/Migrations/Migrator.php(756): Illuminate\\Console\\View\\Components\\Task->render()
#14 /home/franco/Venta_De_Autopartes/AplicacionesWeb/vendor/laravel/framework/src/Illuminate/Database/Migrations/Migrator.php(216): Illuminate\\Database\\Migrations\\Migrator->write()
#15 /home/franco/Venta_De_Autopartes/AplicacionesWeb/vendor/laravel/framework/src/Illuminate/Database/Migrations/Migrator.php(181): Illuminate\\Database\\Migrations\\Migrator->runUp()
#16 /home/franco/Venta_De_Autopartes/AplicacionesWeb/vendor/laravel/framework/src/Illuminate/Database/Migrations/Migrator.php(124): Illuminate\\Database\\Migrations\\Migrator->runPending()
#17 /home/franco/Venta_De_Autopartes/AplicacionesWeb/vendor/laravel/framework/src/Illuminate/Database/Console/Migrations/MigrateCommand.php(92): Illuminate\\Database\\Migrations\\Migrator->run()
#18 /home/franco/Venta_De_Autopartes/AplicacionesWeb/vendor/laravel/framework/src/Illuminate/Database/Migrations/Migrator.php(633): Illuminate\\Database\\Console\\Migrations\\MigrateCommand->Illuminate\\Database\\Console\\Migrations\\{closure}()
#19 /home/franco/Venta_De_Autopartes/AplicacionesWeb/vendor/laravel/framework/src/Illuminate/Database/Console/Migrations/MigrateCommand.php(104): Illuminate\\Database\\Migrations\\Migrator->usingConnection()
#20 /home/franco/Venta_De_Autopartes/AplicacionesWeb/vendor/laravel/framework/src/Illuminate/Container/BoundMethod.php(36): Illuminate\\Database\\Console\\Migrations\\MigrateCommand->handle()
#21 /home/franco/Venta_De_Autopartes/AplicacionesWeb/vendor/laravel/framework/src/Illuminate/Container/Util.php(41): Illuminate\\Container\\BoundMethod::Illuminate\\Container\\{closure}()
#22 /home/franco/Venta_De_Autopartes/AplicacionesWeb/vendor/laravel/framework/src/Illuminate/Container/BoundMethod.php(93): Illuminate\\Container\\Util::unwrapIfClosure()
#23 /home/franco/Venta_De_Autopartes/AplicacionesWeb/vendor/laravel/framework/src/Illuminate/Container/BoundMethod.php(37): Illuminate\\Container\\BoundMethod::callBoundMethod()
#24 /home/franco/Venta_De_Autopartes/AplicacionesWeb/vendor/laravel/framework/src/Illuminate/Container/Container.php(662): Illuminate\\Container\\BoundMethod::call()
#25 /home/franco/Venta_De_Autopartes/AplicacionesWeb/vendor/laravel/framework/src/Illuminate/Console/Command.php(211): Illuminate\\Container\\Container->call()
#26 /home/franco/Venta_De_Autopartes/AplicacionesWeb/vendor/symfony/console/Command/Command.php(326): Illuminate\\Console\\Command->execute()
#27 /home/franco/Venta_De_Autopartes/AplicacionesWeb/vendor/laravel/framework/src/Illuminate/Console/Command.php(181): Symfony\\Component\\Console\\Command\\Command->run()
#28 /home/franco/Venta_De_Autopartes/AplicacionesWeb/vendor/laravel/framework/src/Illuminate/Console/Concerns/CallsCommands.php(68): Illuminate\\Console\\Command->run()
#29 /home/franco/Venta_De_Autopartes/AplicacionesWeb/vendor/laravel/framework/src/Illuminate/Console/Concerns/CallsCommands.php(28): Illuminate\\Console\\Command->runCommand()
#30 /home/franco/Venta_De_Autopartes/AplicacionesWeb/vendor/laravel/framework/src/Illuminate/Database/Console/Migrations/FreshCommand.php(59): Illuminate\\Console\\Command->call()
#31 /home/franco/Venta_De_Autopartes/AplicacionesWeb/vendor/laravel/framework/src/Illuminate/Container/BoundMethod.php(36): Illuminate\\Database\\Console\\Migrations\\FreshCommand->handle()
#32 /home/franco/Venta_De_Autopartes/AplicacionesWeb/vendor/laravel/framework/src/Illuminate/Container/Util.php(41): Illuminate\\Container\\BoundMethod::Illuminate\\Container\\{closure}()
#33 /home/franco/Venta_De_Autopartes/AplicacionesWeb/vendor/laravel/framework/src/Illuminate/Container/BoundMethod.php(93): Illuminate\\Container\\Util::unwrapIfClosure()
#34 /home/franco/Venta_De_Autopartes/AplicacionesWeb/vendor/laravel/framework/src/Illuminate/Container/BoundMethod.php(37): Illuminate\\Container\\BoundMethod::callBoundMethod()
#35 /home/franco/Venta_De_Autopartes/AplicacionesWeb/vendor/laravel/framework/src/Illuminate/Container/Container.php(662): Illuminate\\Container\\BoundMethod::call()
#36 /home/franco/Venta_De_Autopartes/AplicacionesWeb/vendor/laravel/framework/src/Illuminate/Console/Command.php(211): Illuminate\\Container\\Container->call()
#37 /home/franco/Venta_De_Autopartes/AplicacionesWeb/vendor/symfony/console/Command/Command.php(326): Illuminate\\Console\\Command->execute()
#38 /home/franco/Venta_De_Autopartes/AplicacionesWeb/vendor/laravel/framework/src/Illuminate/Console/Command.php(181): Symfony\\Component\\Console\\Command\\Command->run()
#39 /home/franco/Venta_De_Autopartes/AplicacionesWeb/vendor/symfony/console/Application.php(1096): Illuminate\\Console\\Command->run()
#40 /home/franco/Venta_De_Autopartes/AplicacionesWeb/vendor/symfony/console/Application.php(324): Symfony\\Component\\Console\\Application->doRunCommand()
#41 /home/franco/Venta_De_Autopartes/AplicacionesWeb/vendor/symfony/console/Application.php(175): Symfony\\Component\\Console\\Application->doRun()
#42 /home/franco/Venta_De_Autopartes/AplicacionesWeb/vendor/laravel/framework/src/Illuminate/Foundation/Console/Kernel.php(201): Symfony\\Component\\Console\\Application->run()
#43 /home/franco/Venta_De_Autopartes/AplicacionesWeb/artisan(37): Illuminate\\Foundation\\Console\\Kernel->handle()
#44 {main}

[previous exception] [object] (PDOException(code: 25P02): SQLSTATE[25P02]: In failed sql transaction: 7 ERROR:  current transaction is aborted, commands ignored until end of transaction block at /home/franco/Venta_De_Autopartes/AplicacionesWeb/vendor/laravel/framework/src/Illuminate/Database/Connection.php:587)
[stacktrace]
#0 /home/franco/Venta_De_Autopartes/AplicacionesWeb/vendor/laravel/framework/src/Illuminate/Database/Connection.php(587): PDOStatement->execute()
#1 /home/franco/Venta_De_Autopartes/AplicacionesWeb/vendor/laravel/framework/src/Illuminate/Database/Connection.php(816): Illuminate\\Database\\Connection->Illuminate\\Database\\{closure}()
#2 /home/franco/Venta_De_Autopartes/AplicacionesWeb/vendor/laravel/framework/src/Illuminate/Database/Connection.php(783): Illuminate\\Database\\Connection->runQueryCallback()
#3 /home/franco/Venta_De_Autopartes/AplicacionesWeb/vendor/laravel/framework/src/Illuminate/Database/Connection.php(588): Illuminate\\Database\\Connection->run()
#4 /home/franco/Venta_De_Autopartes/AplicacionesWeb/vendor/laravel/framework/src/Illuminate/Database/Schema/Blueprint.php(110): Illuminate\\Database\\Connection->statement()
#5 /home/franco/Venta_De_Autopartes/AplicacionesWeb/vendor/laravel/framework/src/Illuminate/Database/Schema/Builder.php(602): Illuminate\\Database\\Schema\\Blueprint->build()
#6 /home/franco/Venta_De_Autopartes/AplicacionesWeb/vendor/laravel/framework/src/Illuminate/Database/Schema/Builder.php(460): Illuminate\\Database\\Schema\\Builder->build()
#7 /home/franco/Venta_De_Autopartes/AplicacionesWeb/vendor/laravel/framework/src/Illuminate/Support/Facades/Facade.php(355): Illuminate\\Database\\Schema\\Builder->create()
#8 /home/franco/Venta_De_Autopartes/AplicacionesWeb/database/migrations/2019_08_19_000000_create_failed_jobs_table.php(22): Illuminate\\Support\\Facades\\Facade::__callStatic()
#9 /home/franco/Venta_De_Autopartes/AplicacionesWeb/vendor/laravel/framework/src/Illuminate/Database/Migrations/Migrator.php(493): Illuminate\\Database\\Migrations\\Migration@anonymous->up()
#10 /home/franco/Venta_De_Autopartes/AplicacionesWeb/vendor/laravel/framework/src/Illuminate/Database/Migrations/Migrator.php(410): Illuminate\\Database\\Migrations\\Migrator->runMethod()
#11 /home/franco/Venta_De_Autopartes/AplicacionesWeb/vendor/laravel/framework/src/Illuminate/Database/Concerns/ManagesTransactions.php(30): Illuminate\\Database\\Migrations\\Migrator->Illuminate\\Database\\Migrations\\{closure}()
#12 /home/franco/Venta_De_Autopartes/AplicacionesWeb/vendor/laravel/framework/src/Illuminate/Database/Migrations/Migrator.php(418): Illuminate\\Database\\Connection->transaction()
#13 /home/franco/Venta_De_Autopartes/AplicacionesWeb/vendor/laravel/framework/src/Illuminate/Database/Migrations/Migrator.php(216): Illuminate\\Database\\Migrations\\Migrator->runMigration()
#14 /home/franco/Venta_De_Autopartes/AplicacionesWeb/vendor/laravel/framework/src/Illuminate/Console/View/Components/Task.php(37): Illuminate\\Database\\Migrations\\Migrator->Illuminate\\Database\\Migrations\\{closure}()
#15 /home/franco/Venta_De_Autopartes/AplicacionesWeb/vendor/laravel/framework/src/Illuminate/Database/Migrations/Migrator.php(756): Illuminate\\Console\\View\\Components\\Task->render()
#16 /home/franco/Venta_De_Autopartes/AplicacionesWeb/vendor/laravel/framework/src/Illuminate/Database/Migrations/Migrator.php(216): Illuminate\\Database\\Migrations\\Migrator->write()
#17 /home/franco/Venta_De_Autopartes/AplicacionesWeb/vendor/laravel/framework/src/Illuminate/Database/Migrations/Migrator.php(181): Illuminate\\Database\\Migrations\\Migrator->runUp()
#18 /home/franco/Venta_De_Autopartes/AplicacionesWeb/vendor/laravel/framework/src/Illuminate/Database/Migrations/Migrator.php(124): Illuminate\\Database\\Migrations\\Migrator->runPending()
#19 /home/franco/Venta_De_Autopartes/AplicacionesWeb/vendor/laravel/framework/src/Illuminate/Database/Console/Migrations/MigrateCommand.php(92): Illuminate\\Database\\Migrations\\Migrator->run()
#20 /home/franco/Venta_De_Autopartes/AplicacionesWeb/vendor/laravel/framework/src/Illuminate/Database/Migrations/Migrator.php(633): Illuminate\\Database\\Console\\Migrations\\MigrateCommand->Illuminate\\Database\\Console\\Migrations\\{closure}()
#21 /home/franco/Venta_De_Autopartes/AplicacionesWeb/vendor/laravel/framework/src/Illuminate/Database/Console/Migrations/MigrateCommand.php(104): Illuminate\\Database\\Migrations\\Migrator->usingConnection()
#22 /home/franco/Venta_De_Autopartes/AplicacionesWeb/vendor/laravel/framework/src/Illuminate/Container/BoundMethod.php(36): Illuminate\\Database\\Console\\Migrations\\MigrateCommand->handle()
#23 /home/franco/Venta_De_Autopartes/AplicacionesWeb/vendor/laravel/framework/src/Illuminate/Container/Util.php(41): Illuminate\\Container\\BoundMethod::Illuminate\\Container\\{closure}()
#24 /home/franco/Venta_De_Autopartes/AplicacionesWeb/vendor/laravel/framework/src/Illuminate/Container/BoundMethod.php(93): Illuminate\\Container\\Util::unwrapIfClosure()
#25 /home/franco/Venta_De_Autopartes/AplicacionesWeb/vendor/laravel/framework/src/Illuminate/Container/BoundMethod.php(37): Illuminate\\Container\\BoundMethod::callBoundMethod()
#26 /home/franco/Venta_De_Autopartes/AplicacionesWeb/vendor/laravel/framework/src/Illuminate/Container/Container.php(662): Illuminate\\Container\\BoundMethod::call()
#27 /home/franco/Venta_De_Autopartes/AplicacionesWeb/vendor/laravel/framework/src/Illuminate/Console/Command.php(211): Illuminate\\Container\\Container->call()
#28 /home/franco/Venta_De_Autopartes/AplicacionesWeb/vendor/symfony/console/Command/Command.php(326): Illuminate\\Console\\Command->execute()
#29 /home/franco/Venta_De_Autopartes/AplicacionesWeb/vendor/laravel/framework/src/Illuminate/Console/Command.php(181): Symfony\\Component\\Console\\Command\\Command->run()
#30 /home/franco/Venta_De_Autopartes/AplicacionesWeb/vendor/laravel/framework/src/Illuminate/Console/Concerns/CallsCommands.php(68): Illuminate\\Console\\Command->run()
#31 /home/franco/Venta_De_Autopartes/AplicacionesWeb/vendor/laravel/framework/src/Illuminate/Console/Concerns/CallsCommands.php(28): Illuminate\\Console\\Command->runCommand()
#32 /home/franco/Venta_De_Autopartes/AplicacionesWeb/vendor/laravel/framework/src/Illuminate/Database/Console/Migrations/FreshCommand.php(59): Illuminate\\Console\\Command->call()
#33 /home/franco/Venta_De_Autopartes/AplicacionesWeb/vendor/laravel/framework/src/Illuminate/Container/BoundMethod.php(36): Illuminate\\Database\\Console\\Migrations\\FreshCommand->handle()
#34 /home/franco/Venta_De_Autopartes/AplicacionesWeb/vendor/laravel/framework/src/Illuminate/Container/Util.php(41): Illuminate\\Container\\BoundMethod::Illuminate\\Container\\{closure}()
#35 /home/franco/Venta_De_Autopartes/AplicacionesWeb/vendor/laravel/framework/src/Illuminate/Container/BoundMethod.php(93): Illuminate\\Container\\Util::unwrapIfClosure()
#36 /home/franco/Venta_De_Autopartes/AplicacionesWeb/vendor/laravel/framework/src/Illuminate/Container/BoundMethod.php(37): Illuminate\\Container\\BoundMethod::callBoundMethod()
#37 /home/franco/Venta_De_Autopartes/AplicacionesWeb/vendor/laravel/framework/src/Illuminate/Container/Container.php(662): Illuminate\\Container\\BoundMethod::call()
#38 /home/franco/Venta_De_Autopartes/AplicacionesWeb/vendor/laravel/framework/src/Illuminate/Console/Command.php(211): Illuminate\\Container\\Container->call()
#39 /home/franco/Venta_De_Autopartes/AplicacionesWeb/vendor/symfony/console/Command/Command.php(326): Illuminate\\Console\\Command->execute()
#40 /home/franco/Venta_De_Autopartes/AplicacionesWeb/vendor/laravel/framework/src/Illuminate/Console/Command.php(181): Symfony\\Component\\Console\\Command\\Command->run()
#41 /home/franco/Venta_De_Autopartes/AplicacionesWeb/vendor/symfony/console/Application.php(1096): Illuminate\\Console\\Command->run()
#42 /home/franco/Venta_De_Autopartes/AplicacionesWeb/vendor/symfony/console/Application.php(324): Symfony\\Component\\Console\\Application->doRunCommand()
#43 /home/franco/Venta_De_Autopartes/AplicacionesWeb/vendor/symfony/console/Application.php(175): Symfony\\Component\\Console\\Application->doRun()
#44 /home/franco/Venta_De_Autopartes/AplicacionesWeb/vendor/laravel/framework/src/Illuminate/Foundation/Console/Kernel.php(201): Symfony\\Component\\Console\\Application->run()
#45 /home/franco/Venta_De_Autopartes/AplicacionesWeb/artisan(37): Illuminate\\Foundation\\Console\\Kernel->handle()
#46 {main}
"} 
[2026-03-17 22:02:02] local.ERROR: SQLSTATE[25P02]: In failed sql transaction: 7 ERROR:  current transaction is aborted, commands ignored until end of transaction block (Connection: pgsql, SQL: create index "personal_access_tokens_tokenable_type_tokenable_id_index" on "personal_access_tokens" ("tokenable_type", "tokenable_id")) {"exception":"[object] (Illuminate\\Database\\QueryException(code: 25P02): SQLSTATE[25P02]: In failed sql transaction: 7 ERROR:  current transaction is aborted, commands ignored until end of transaction block (Connection: pgsql, SQL: create index \"personal_access_tokens_tokenable_type_tokenable_id_index\" on \"personal_access_tokens\" (\"tokenable_type\", \"tokenable_id\")) at /home/franco/Venta_De_Autopartes/AplicacionesWeb/vendor/laravel/framework/src/Illuminate/Database/Connection.php:829)
[stacktrace]
#0 /home/franco/Venta_De_Autopartes/AplicacionesWeb/vendor/laravel/framework/src/Illuminate/Database/Connection.php(783): Illuminate\\Database\\Connection->runQueryCallback()
#1 /home/franco/Venta_De_Autopartes/AplicacionesWeb/vendor/laravel/framework/src/Illuminate/Database/Connection.php(588): Illuminate\\Database\\Connection->run()
#2 /home/franco/Venta_De_Autopartes/AplicacionesWeb/vendor/laravel/framework/src/Illuminate/Database/Schema/Blueprint.php(110): Illuminate\\Database\\Connection->statement()
#3 /home/franco/Venta_De_Autopartes/AplicacionesWeb/vendor/laravel/framework/src/Illuminate/Database/Schema/Builder.php(602): Illuminate\\Database\\Schema\\Blueprint->build()
#4 /home/franco/Venta_De_Autopartes/AplicacionesWeb/vendor/laravel/framework/src/Illuminate/Database/Schema/Builder.php(460): Illuminate\\Database\\Schema\\Builder->build()
#5 /home/franco/Venta_De_Autopartes/AplicacionesWeb/vendor/laravel/framework/src/Illuminate/Support/Facades/Facade.php(355): Illuminate\\Database\\Schema\\Builder->create()
#6 /home/franco/Venta_De_Autopartes/AplicacionesWeb/database/migrations/2019_12_14_000001_create_personal_access_tokens_table.php(23): Illuminate\\Support\\Facades\\Facade::__callStatic()
#7 /home/franco/Venta_De_Autopartes/AplicacionesWeb/vendor/laravel/framework/src/Illuminate/Database/Migrations/Migrator.php(493): Illuminate\\Database\\Migrations\\Migration@anonymous->up()
#8 /home/franco/Venta_De_Autopartes/AplicacionesWeb/vendor/laravel/framework/src/Illuminate/Database/Migrations/Migrator.php(410): Illuminate\\Database\\Migrations\\Migrator->runMethod()
#9 /home/franco/Venta_De_Autopartes/AplicacionesWeb/vendor/laravel/framework/src/Illuminate/Database/Concerns/ManagesTransactions.php(30): Illuminate\\Database\\Migrations\\Migrator->Illuminate\\Database\\Migrations\\{closure}()
#10 /home/franco/Venta_De_Autopartes/AplicacionesWeb/vendor/laravel/framework/src/Illuminate/Database/Migrations/Migrator.php(418): Illuminate\\Database\\Connection->transaction()
#11 /home/franco/Venta_De_Autopartes/AplicacionesWeb/vendor/laravel/framework/src/Illuminate/Database/Migrations/Migrator.php(216): Illuminate\\Database\\Migrations\\Migrator->runMigration()
#12 /home/franco/Venta_De_Autopartes/AplicacionesWeb/vendor/laravel/framework/src/Illuminate/Console/View/Components/Task.php(37): Illuminate\\Database\\Migrations\\Migrator->Illuminate\\Database\\Migrations\\{closure}()
#13 /home/franco/Venta_De_Autopartes/AplicacionesWeb/vendor/laravel/framework/src/Illuminate/Database/Migrations/Migrator.php(756): Illuminate\\Console\\View\\Components\\Task->render()
#14 /home/franco/Venta_De_Autopartes/AplicacionesWeb/vendor/laravel/framework/src/Illuminate/Database/Migrations/Migrator.php(216): Illuminate\\Database\\Migrations\\Migrator->write()
#15 /home/franco/Venta_De_Autopartes/AplicacionesWeb/vendor/laravel/framework/src/Illuminate/Database/Migrations/Migrator.php(181): Illuminate\\Database\\Migrations\\Migrator->runUp()
#16 /home/franco/Venta_De_Autopartes/AplicacionesWeb/vendor/laravel/framework/src/Illuminate/Database/Migrations/Migrator.php(124): Illuminate\\Database\\Migrations\\Migrator->runPending()
#17 /home/franco/Venta_De_Autopartes/AplicacionesWeb/vendor/laravel/framework/src/Illuminate/Database/Console/Migrations/MigrateCommand.php(92): Illuminate\\Database\\Migrations\\Migrator->run()
#18 /home/franco/Venta_De_Autopartes/AplicacionesWeb/vendor/laravel/framework/src/Illuminate/Database/Migrations/Migrator.php(633): Illuminate\\Database\\Console\\Migrations\\MigrateCommand->Illuminate\\Database\\Console\\Migrations\\{closure}()
#19 /home/franco/Venta_De_Autopartes/AplicacionesWeb/vendor/laravel/framework/src/Illuminate/Database/Console/Migrations/MigrateCommand.php(104): Illuminate\\Database\\Migrations\\Migrator->usingConnection()
#20 /home/franco/Venta_De_Autopartes/AplicacionesWeb/vendor/laravel/framework/src/Illuminate/Container/BoundMethod.php(36): Illuminate\\Database\\Console\\Migrations\\MigrateCommand->handle()
#21 /home/franco/Venta_De_Autopartes/AplicacionesWeb/vendor/laravel/framework/src/Illuminate/Container/Util.php(41): Illuminate\\Container\\BoundMethod::Illuminate\\Container\\{closure}()
#22 /home/franco/Venta_De_Autopartes/AplicacionesWeb/vendor/laravel/framework/src/Illuminate/Container/BoundMethod.php(93): Illuminate\\Container\\Util::unwrapIfClosure()
#23 /home/franco/Venta_De_Autopartes/AplicacionesWeb/vendor/laravel/framework/src/Illuminate/Container/BoundMethod.php(37): Illuminate\\Container\\BoundMethod::callBoundMethod()
#24 /home/franco/Venta_De_Autopartes/AplicacionesWeb/vendor/laravel/framework/src/Illuminate/Container/Container.php(662): Illuminate\\Container\\BoundMethod::call()
#25 /home/franco/Venta_De_Autopartes/AplicacionesWeb/vendor/laravel/framework/src/Illuminate/Console/Command.php(211): Illuminate\\Container\\Container->call()
#26 /home/franco/Venta_De_Autopartes/AplicacionesWeb/vendor/symfony/console/Command/Command.php(326): Illuminate\\Console\\Command->execute()
#27 /home/franco/Venta_De_Autopartes/AplicacionesWeb/vendor/laravel/framework/src/Illuminate/Console/Command.php(181): Symfony\\Component\\Console\\Command\\Command->run()
#28 /home/franco/Venta_De_Autopartes/AplicacionesWeb/vendor/laravel/framework/src/Illuminate/Console/Concerns/CallsCommands.php(68): Illuminate\\Console\\Command->run()
#29 /home/franco/Venta_De_Autopartes/AplicacionesWeb/vendor/laravel/framework/src/Illuminate/Console/Concerns/CallsCommands.php(28): Illuminate\\Console\\Command->runCommand()
#30 /home/franco/Venta_De_Autopartes/AplicacionesWeb/vendor/laravel/framework/src/Illuminate/Database/Console/Migrations/FreshCommand.php(59): Illuminate\\Console\\Command->call()
#31 /home/franco/Venta_De_Autopartes/AplicacionesWeb/vendor/laravel/framework/src/Illuminate/Container/BoundMethod.php(36): Illuminate\\Database\\Console\\Migrations\\FreshCommand->handle()
#32 /home/franco/Venta_De_Autopartes/AplicacionesWeb/vendor/laravel/framework/src/Illuminate/Container/Util.php(41): Illuminate\\Container\\BoundMethod::Illuminate\\Container\\{closure}()
#33 /home/franco/Venta_De_Autopartes/AplicacionesWeb/vendor/laravel/framework/src/Illuminate/Container/BoundMethod.php(93): Illuminate\\Container\\Util::unwrapIfClosure()
#34 /home/franco/Venta_De_Autopartes/AplicacionesWeb/vendor/laravel/framework/src/Illuminate/Container/BoundMethod.php(37): Illuminate\\Container\\BoundMethod::callBoundMethod()
#35 /home/franco/Venta_De_Autopartes/AplicacionesWeb/vendor/laravel/framework/src/Illuminate/Container/Container.php(662): Illuminate\\Container\\BoundMethod::call()
#36 /home/franco/Venta_De_Autopartes/AplicacionesWeb/vendor/laravel/framework/src/Illuminate/Console/Command.php(211): Illuminate\\Container\\Container->call()
#37 /home/franco/Venta_De_Autopartes/AplicacionesWeb/vendor/symfony/console/Command/Command.php(326): Illuminate\\Console\\Command->execute()
#38 /home/franco/Venta_De_Autopartes/AplicacionesWeb/vendor/laravel/framework/src/Illuminate/Console/Command.php(181): Symfony\\Component\\Console\\Command\\Command->run()
#39 /home/franco/Venta_De_Autopartes/AplicacionesWeb/vendor/symfony/console/Application.php(1096): Illuminate\\Console\\Command->run()
#40 /home/franco/Venta_De_Autopartes/AplicacionesWeb/vendor/symfony/console/Application.php(324): Symfony\\Component\\Console\\Application->doRunCommand()
#41 /home/franco/Venta_De_Autopartes/AplicacionesWeb/vendor/symfony/console/Application.php(175): Symfony\\Component\\Console\\Application->doRun()
#42 /home/franco/Venta_De_Autopartes/AplicacionesWeb/vendor/laravel/framework/src/Illuminate/Foundation/Console/Kernel.php(201): Symfony\\Component\\Console\\Application->run()
#43 /home/franco/Venta_De_Autopartes/AplicacionesWeb/artisan(37): Illuminate\\Foundation\\Console\\Kernel->handle()
#44 {main}

[previous exception] [object] (PDOException(code: 25P02): SQLSTATE[25P02]: In failed sql transaction: 7 ERROR:  current transaction is aborted, commands ignored until end of transaction block at /home/franco/Venta_De_Autopartes/AplicacionesWeb/vendor/laravel/framework/src/Illuminate/Database/Connection.php:587)
[stacktrace]
#0 /home/franco/Venta_De_Autopartes/AplicacionesWeb/vendor/laravel/framework/src/Illuminate/Database/Connection.php(587): PDOStatement->execute()
#1 /home/franco/Venta_De_Autopartes/AplicacionesWeb/vendor/laravel/framework/src/Illuminate/Database/Connection.php(816): Illuminate\\Database\\Connection->Illuminate\\Database\\{closure}()
#2 /home/franco/Venta_De_Autopartes/AplicacionesWeb/vendor/laravel/framework/src/Illuminate/Database/Connection.php(783): Illuminate\\Database\\Connection->runQueryCallback()
#3 /home/franco/Venta_De_Autopartes/AplicacionesWeb/vendor/laravel/framework/src/Illuminate/Database/Connection.php(588): Illuminate\\Database\\Connection->run()
#4 /home/franco/Venta_De_Autopartes/AplicacionesWeb/vendor/laravel/framework/src/Illuminate/Database/Schema/Blueprint.php(110): Illuminate\\Database\\Connection->statement()
#5 /home/franco/Venta_De_Autopartes/AplicacionesWeb/vendor/laravel/framework/src/Illuminate/Database/Schema/Builder.php(602): Illuminate\\Database\\Schema\\Blueprint->build()
#6 /home/franco/Venta_De_Autopartes/AplicacionesWeb/vendor/laravel/framework/src/Illuminate/Database/Schema/Builder.php(460): Illuminate\\Database\\Schema\\Builder->build()
#7 /home/franco/Venta_De_Autopartes/AplicacionesWeb/vendor/laravel/framework/src/Illuminate/Support/Facades/Facade.php(355): Illuminate\\Database\\Schema\\Builder->create()
#8 /home/franco/Venta_De_Autopartes/AplicacionesWeb/database/migrations/2019_12_14_000001_create_personal_access_tokens_table.php(23): Illuminate\\Support\\Facades\\Facade::__callStatic()
#9 /home/franco/Venta_De_Autopartes/AplicacionesWeb/vendor/laravel/framework/src/Illuminate/Database/Migrations/Migrator.php(493): Illuminate\\Database\\Migrations\\Migration@anonymous->up()
#10 /home/franco/Venta_De_Autopartes/AplicacionesWeb/vendor/laravel/framework/src/Illuminate/Database/Migrations/Migrator.php(410): Illuminate\\Database\\Migrations\\Migrator->runMethod()
#11 /home/franco/Venta_De_Autopartes/AplicacionesWeb/vendor/laravel/framework/src/Illuminate/Database/Concerns/ManagesTransactions.php(30): Illuminate\\Database\\Migrations\\Migrator->Illuminate\\Database\\Migrations\\{closure}()
#12 /home/franco/Venta_De_Autopartes/AplicacionesWeb/vendor/laravel/framework/src/Illuminate/Database/Migrations/Migrator.php(418): Illuminate\\Database\\Connection->transaction()
#13 /home/franco/Venta_De_Autopartes/AplicacionesWeb/vendor/laravel/framework/src/Illuminate/Database/Migrations/Migrator.php(216): Illuminate\\Database\\Migrations\\Migrator->runMigration()
#14 /home/franco/Venta_De_Autopartes/AplicacionesWeb/vendor/laravel/framework/src/Illuminate/Console/View/Components/Task.php(37): Illuminate\\Database\\Migrations\\Migrator->Illuminate\\Database\\Migrations\\{closure}()
#15 /home/franco/Venta_De_Autopartes/AplicacionesWeb/vendor/laravel/framework/src/Illuminate/Database/Migrations/Migrator.php(756): Illuminate\\Console\\View\\Components\\Task->render()
#16 /home/franco/Venta_De_Autopartes/AplicacionesWeb/vendor/laravel/framework/src/Illuminate/Database/Migrations/Migrator.php(216): Illuminate\\Database\\Migrations\\Migrator->write()
#17 /home/franco/Venta_De_Autopartes/AplicacionesWeb/vendor/laravel/framework/src/Illuminate/Database/Migrations/Migrator.php(181): Illuminate\\Database\\Migrations\\Migrator->runUp()
#18 /home/franco/Venta_De_Autopartes/AplicacionesWeb/vendor/laravel/framework/src/Illuminate/Database/Migrations/Migrator.php(124): Illuminate\\Database\\Migrations\\Migrator->runPending()
#19 /home/franco/Venta_De_Autopartes/AplicacionesWeb/vendor/laravel/framework/src/Illuminate/Database/Console/Migrations/MigrateCommand.php(92): Illuminate\\Database\\Migrations\\Migrator->run()
#20 /home/franco/Venta_De_Autopartes/AplicacionesWeb/vendor/laravel/framework/src/Illuminate/Database/Migrations/Migrator.php(633): Illuminate\\Database\\Console\\Migrations\\MigrateCommand->Illuminate\\Database\\Console\\Migrations\\{closure}()
#21 /home/franco/Venta_De_Autopartes/AplicacionesWeb/vendor/laravel/framework/src/Illuminate/Database/Console/Migrations/MigrateCommand.php(104): Illuminate\\Database\\Migrations\\Migrator->usingConnection()
#22 /home/franco/Venta_De_Autopartes/AplicacionesWeb/vendor/laravel/framework/src/Illuminate/Container/BoundMethod.php(36): Illuminate\\Database\\Console\\Migrations\\MigrateCommand->handle()
#23 /home/franco/Venta_De_Autopartes/AplicacionesWeb/vendor/laravel/framework/src/Illuminate/Container/Util.php(41): Illuminate\\Container\\BoundMethod::Illuminate\\Container\\{closure}()
#24 /home/franco/Venta_De_Autopartes/AplicacionesWeb/vendor/laravel/framework/src/Illuminate/Container/BoundMethod.php(93): Illuminate\\Container\\Util::unwrapIfClosure()
#25 /home/franco/Venta_De_Autopartes/AplicacionesWeb/vendor/laravel/framework/src/Illuminate/Container/BoundMethod.php(37): Illuminate\\Container\\BoundMethod::callBoundMethod()
#26 /home/franco/Venta_De_Autopartes/AplicacionesWeb/vendor/laravel/framework/src/Illuminate/Container/Container.php(662): Illuminate\\Container\\BoundMethod::call()
#27 /home/franco/Venta_De_Autopartes/AplicacionesWeb/vendor/laravel/framework/src/Illuminate/Console/Command.php(211): Illuminate\\Container\\Container->call()
#28 /home/franco/Venta_De_Autopartes/AplicacionesWeb/vendor/symfony/console/Command/Command.php(326): Illuminate\\Console\\Command->execute()
#29 /home/franco/Venta_De_Autopartes/AplicacionesWeb/vendor/laravel/framework/src/Illuminate/Console/Command.php(181): Symfony\\Component\\Console\\Command\\Command->run()
#30 /home/franco/Venta_De_Autopartes/AplicacionesWeb/vendor/laravel/framework/src/Illuminate/Console/Concerns/CallsCommands.php(68): Illuminate\\Console\\Command->run()
#31 /home/franco/Venta_De_Autopartes/AplicacionesWeb/vendor/laravel/framework/src/Illuminate/Console/Concerns/CallsCommands.php(28): Illuminate\\Console\\Command->runCommand()
#32 /home/franco/Venta_De_Autopartes/AplicacionesWeb/vendor/laravel/framework/src/Illuminate/Database/Console/Migrations/FreshCommand.php(59): Illuminate\\Console\\Command->call()
#33 /home/franco/Venta_De_Autopartes/AplicacionesWeb/vendor/laravel/framework/src/Illuminate/Container/BoundMethod.php(36): Illuminate\\Database\\Console\\Migrations\\FreshCommand->handle()
#34 /home/franco/Venta_De_Autopartes/AplicacionesWeb/vendor/laravel/framework/src/Illuminate/Container/Util.php(41): Illuminate\\Container\\BoundMethod::Illuminate\\Container\\{closure}()
#35 /home/franco/Venta_De_Autopartes/AplicacionesWeb/vendor/laravel/framework/src/Illuminate/Container/BoundMethod.php(93): Illuminate\\Container\\Util::unwrapIfClosure()
#36 /home/franco/Venta_De_Autopartes/AplicacionesWeb/vendor/laravel/framework/src/Illuminate/Container/BoundMethod.php(37): Illuminate\\Container\\BoundMethod::callBoundMethod()
#37 /home/franco/Venta_De_Autopartes/AplicacionesWeb/vendor/laravel/framework/src/Illuminate/Container/Container.php(662): Illuminate\\Container\\BoundMethod::call()
#38 /home/franco/Venta_De_Autopartes/AplicacionesWeb/vendor/laravel/framework/src/Illuminate/Console/Command.php(211): Illuminate\\Container\\Container->call()
#39 /home/franco/Venta_De_Autopartes/AplicacionesWeb/vendor/symfony/console/Command/Command.php(326): Illuminate\\Console\\Command->execute()
#40 /home/franco/Venta_De_Autopartes/AplicacionesWeb/vendor/laravel/framework/src/Illuminate/Console/Command.php(181): Symfony\\Component\\Console\\Command\\Command->run()
#41 /home/franco/Venta_De_Autopartes/AplicacionesWeb/vendor/symfony/console/Application.php(1096): Illuminate\\Console\\Command->run()
#42 /home/franco/Venta_De_Autopartes/AplicacionesWeb/vendor/symfony/console/Application.php(324): Symfony\\Component\\Console\\Application->doRunCommand()
#43 /home/franco/Venta_De_Autopartes/AplicacionesWeb/vendor/symfony/console/Application.php(175): Symfony\\Component\\Console\\Application->doRun()
#44 /home/franco/Venta_De_Autopartes/AplicacionesWeb/vendor/laravel/framework/src/Illuminate/Foundation/Console/Kernel.php(201): Symfony\\Component\\Console\\Application->run()
#45 /home/franco/Venta_De_Autopartes/AplicacionesWeb/artisan(37): Illuminate\\Foundation\\Console\\Kernel->handle()
#46 {main}
"} 
[2026-03-17 22:02:47] local.ERROR: SQLSTATE[25P02]: In failed sql transaction: 7 ERROR:  current transaction is aborted, commands ignored until end of transaction block (Connection: pgsql, SQL: alter table "carrito" add constraint "carrito_autopart_id_foreign" foreign key ("autopart_id") references "autopart" ("id") on delete cascade) {"exception":"[object] (Illuminate\\Database\\QueryException(code: 25P02): SQLSTATE[25P02]: In failed sql transaction: 7 ERROR:  current transaction is aborted, commands ignored until end of transaction block (Connection: pgsql, SQL: alter table \"carrito\" add constraint \"carrito_autopart_id_foreign\" foreign key (\"autopart_id\") references \"autopart\" (\"id\") on delete cascade) at /home/franco/Venta_De_Autopartes/AplicacionesWeb/vendor/laravel/framework/src/Illuminate/Database/Connection.php:829)
[stacktrace]
#0 /home/franco/Venta_De_Autopartes/AplicacionesWeb/vendor/laravel/framework/src/Illuminate/Database/Connection.php(783): Illuminate\\Database\\Connection->runQueryCallback()
#1 /home/franco/Venta_De_Autopartes/AplicacionesWeb/vendor/laravel/framework/src/Illuminate/Database/Connection.php(588): Illuminate\\Database\\Connection->run()
#2 /home/franco/Venta_De_Autopartes/AplicacionesWeb/vendor/laravel/framework/src/Illuminate/Database/Schema/Blueprint.php(110): Illuminate\\Database\\Connection->statement()
#3 /home/franco/Venta_De_Autopartes/AplicacionesWeb/vendor/laravel/framework/src/Illuminate/Database/Schema/Builder.php(602): Illuminate\\Database\\Schema\\Blueprint->build()
#4 /home/franco/Venta_De_Autopartes/AplicacionesWeb/vendor/laravel/framework/src/Illuminate/Database/Schema/Builder.php(460): Illuminate\\Database\\Schema\\Builder->build()
#5 /home/franco/Venta_De_Autopartes/AplicacionesWeb/vendor/laravel/framework/src/Illuminate/Support/Facades/Facade.php(355): Illuminate\\Database\\Schema\\Builder->create()
#6 /home/franco/Venta_De_Autopartes/AplicacionesWeb/database/migrations/2024_06_06_204537_create_carrito_table.php(20): Illuminate\\Support\\Facades\\Facade::__callStatic()
#7 /home/franco/Venta_De_Autopartes/AplicacionesWeb/vendor/laravel/framework/src/Illuminate/Database/Migrations/Migrator.php(493): CreateCarritoTable->up()
#8 /home/franco/Venta_De_Autopartes/AplicacionesWeb/vendor/laravel/framework/src/Illuminate/Database/Migrations/Migrator.php(410): Illuminate\\Database\\Migrations\\Migrator->runMethod()
#9 /home/franco/Venta_De_Autopartes/AplicacionesWeb/vendor/laravel/framework/src/Illuminate/Database/Concerns/ManagesTransactions.php(30): Illuminate\\Database\\Migrations\\Migrator->Illuminate\\Database\\Migrations\\{closure}()
#10 /home/franco/Venta_De_Autopartes/AplicacionesWeb/vendor/laravel/framework/src/Illuminate/Database/Migrations/Migrator.php(418): Illuminate\\Database\\Connection->transaction()
#11 /home/franco/Venta_De_Autopartes/AplicacionesWeb/vendor/laravel/framework/src/Illuminate/Database/Migrations/Migrator.php(216): Illuminate\\Database\\Migrations\\Migrator->runMigration()
#12 /home/franco/Venta_De_Autopartes/AplicacionesWeb/vendor/laravel/framework/src/Illuminate/Console/View/Components/Task.php(37): Illuminate\\Database\\Migrations\\Migrator->Illuminate\\Database\\Migrations\\{closure}()
#13 /home/franco/Venta_De_Autopartes/AplicacionesWeb/vendor/laravel/framework/src/Illuminate/Database/Migrations/Migrator.php(756): Illuminate\\Console\\View\\Components\\Task->render()
#14 /home/franco/Venta_De_Autopartes/AplicacionesWeb/vendor/laravel/framework/src/Illuminate/Database/Migrations/Migrator.php(216): Illuminate\\Database\\Migrations\\Migrator->write()
#15 /home/franco/Venta_De_Autopartes/AplicacionesWeb/vendor/laravel/framework/src/Illuminate/Database/Migrations/Migrator.php(181): Illuminate\\Database\\Migrations\\Migrator->runUp()
#16 /home/franco/Venta_De_Autopartes/AplicacionesWeb/vendor/laravel/framework/src/Illuminate/Database/Migrations/Migrator.php(124): Illuminate\\Database\\Migrations\\Migrator->runPending()
#17 /home/franco/Venta_De_Autopartes/AplicacionesWeb/vendor/laravel/framework/src/Illuminate/Database/Console/Migrations/MigrateCommand.php(92): Illuminate\\Database\\Migrations\\Migrator->run()
#18 /home/franco/Venta_De_Autopartes/AplicacionesWeb/vendor/laravel/framework/src/Illuminate/Database/Migrations/Migrator.php(633): Illuminate\\Database\\Console\\Migrations\\MigrateCommand->Illuminate\\Database\\Console\\Migrations\\{closure}()
#19 /home/franco/Venta_De_Autopartes/AplicacionesWeb/vendor/laravel/framework/src/Illuminate/Database/Console/Migrations/MigrateCommand.php(104): Illuminate\\Database\\Migrations\\Migrator->usingConnection()
#20 /home/franco/Venta_De_Autopartes/AplicacionesWeb/vendor/laravel/framework/src/Illuminate/Container/BoundMethod.php(36): Illuminate\\Database\\Console\\Migrations\\MigrateCommand->handle()
#21 /home/franco/Venta_De_Autopartes/AplicacionesWeb/vendor/laravel/framework/src/Illuminate/Container/Util.php(41): Illuminate\\Container\\BoundMethod::Illuminate\\Container\\{closure}()
#22 /home/franco/Venta_De_Autopartes/AplicacionesWeb/vendor/laravel/framework/src/Illuminate/Container/BoundMethod.php(93): Illuminate\\Container\\Util::unwrapIfClosure()
#23 /home/franco/Venta_De_Autopartes/AplicacionesWeb/vendor/laravel/framework/src/Illuminate/Container/BoundMethod.php(37): Illuminate\\Container\\BoundMethod::callBoundMethod()
#24 /home/franco/Venta_De_Autopartes/AplicacionesWeb/vendor/laravel/framework/src/Illuminate/Container/Container.php(662): Illuminate\\Container\\BoundMethod::call()
#25 /home/franco/Venta_De_Autopartes/AplicacionesWeb/vendor/laravel/framework/src/Illuminate/Console/Command.php(211): Illuminate\\Container\\Container->call()
#26 /home/franco/Venta_De_Autopartes/AplicacionesWeb/vendor/symfony/console/Command/Command.php(326): Illuminate\\Console\\Command->execute()
#27 /home/franco/Venta_De_Autopartes/AplicacionesWeb/vendor/laravel/framework/src/Illuminate/Console/Command.php(181): Symfony\\Component\\Console\\Command\\Command->run()
#28 /home/franco/Venta_De_Autopartes/AplicacionesWeb/vendor/laravel/framework/src/Illuminate/Console/Concerns/CallsCommands.php(68): Illuminate\\Console\\Command->run()
#29 /home/franco/Venta_De_Autopartes/AplicacionesWeb/vendor/laravel/framework/src/Illuminate/Console/Concerns/CallsCommands.php(28): Illuminate\\Console\\Command->runCommand()
#30 /home/franco/Venta_De_Autopartes/AplicacionesWeb/vendor/laravel/framework/src/Illuminate/Database/Console/Migrations/FreshCommand.php(59): Illuminate\\Console\\Command->call()
#31 /home/franco/Venta_De_Autopartes/AplicacionesWeb/vendor/laravel/framework/src/Illuminate/Container/BoundMethod.php(36): Illuminate\\Database\\Console\\Migrations\\FreshCommand->handle()
#32 /home/franco/Venta_De_Autopartes/AplicacionesWeb/vendor/laravel/framework/src/Illuminate/Container/Util.php(41): Illuminate\\Container\\BoundMethod::Illuminate\\Container\\{closure}()
#33 /home/franco/Venta_De_Autopartes/AplicacionesWeb/vendor/laravel/framework/src/Illuminate/Container/BoundMethod.php(93): Illuminate\\Container\\Util::unwrapIfClosure()
#34 /home/franco/Venta_De_Autopartes/AplicacionesWeb/vendor/laravel/framework/src/Illuminate/Container/BoundMethod.php(37): Illuminate\\Container\\BoundMethod::callBoundMethod()
#35 /home/franco/Venta_De_Autopartes/AplicacionesWeb/vendor/laravel/framework/src/Illuminate/Container/Container.php(662): Illuminate\\Container\\BoundMethod::call()
#36 /home/franco/Venta_De_Autopartes/AplicacionesWeb/vendor/laravel/framework/src/Illuminate/Console/Command.php(211): Illuminate\\Container\\Container->call()
#37 /home/franco/Venta_De_Autopartes/AplicacionesWeb/vendor/symfony/console/Command/Command.php(326): Illuminate\\Console\\Command->execute()
#38 /home/franco/Venta_De_Autopartes/AplicacionesWeb/vendor/laravel/framework/src/Illuminate/Console/Command.php(181): Symfony\\Component\\Console\\Command\\Command->run()
#39 /home/franco/Venta_De_Autopartes/AplicacionesWeb/vendor/symfony/console/Application.php(1096): Illuminate\\Console\\Command->run()
#40 /home/franco/Venta_De_Autopartes/AplicacionesWeb/vendor/symfony/console/Application.php(324): Symfony\\Component\\Console\\Application->doRunCommand()
#41 /home/franco/Venta_De_Autopartes/AplicacionesWeb/vendor/symfony/console/Application.php(175): Symfony\\Component\\Console\\Application->doRun()
#42 /home/franco/Venta_De_Autopartes/AplicacionesWeb/vendor/laravel/framework/src/Illuminate/Foundation/Console/Kernel.php(201): Symfony\\Component\\Console\\Application->run()
#43 /home/franco/Venta_De_Autopartes/AplicacionesWeb/artisan(37): Illuminate\\Foundation\\Console\\Kernel->handle()
#44 {main}

[previous exception] [object] (PDOException(code: 25P02): SQLSTATE[25P02]: In failed sql transaction: 7 ERROR:  current transaction is aborted, commands ignored until end of transaction block at /home/franco/Venta_De_Autopartes/AplicacionesWeb/vendor/laravel/framework/src/Illuminate/Database/Connection.php:587)
[stacktrace]
#0 /home/franco/Venta_De_Autopartes/AplicacionesWeb/vendor/laravel/framework/src/Illuminate/Database/Connection.php(587): PDOStatement->execute()
#1 /home/franco/Venta_De_Autopartes/AplicacionesWeb/vendor/laravel/framework/src/Illuminate/Database/Connection.php(816): Illuminate\\Database\\Connection->Illuminate\\Database\\{closure}()
#2 /home/franco/Venta_De_Autopartes/AplicacionesWeb/vendor/laravel/framework/src/Illuminate/Database/Connection.php(783): Illuminate\\Database\\Connection->runQueryCallback()
#3 /home/franco/Venta_De_Autopartes/AplicacionesWeb/vendor/laravel/framework/src/Illuminate/Database/Connection.php(588): Illuminate\\Database\\Connection->run()
#4 /home/franco/Venta_De_Autopartes/AplicacionesWeb/vendor/laravel/framework/src/Illuminate/Database/Schema/Blueprint.php(110): Illuminate\\Database\\Connection->statement()
#5 /home/franco/Venta_De_Autopartes/AplicacionesWeb/vendor/laravel/framework/src/Illuminate/Database/Schema/Builder.php(602): Illuminate\\Database\\Schema\\Blueprint->build()
#6 /home/franco/Venta_De_Autopartes/AplicacionesWeb/vendor/laravel/framework/src/Illuminate/Database/Schema/Builder.php(460): Illuminate\\Database\\Schema\\Builder->build()
#7 /home/franco/Venta_De_Autopartes/AplicacionesWeb/vendor/laravel/framework/src/Illuminate/Support/Facades/Facade.php(355): Illuminate\\Database\\Schema\\Builder->create()
#8 /home/franco/Venta_De_Autopartes/AplicacionesWeb/database/migrations/2024_06_06_204537_create_carrito_table.php(20): Illuminate\\Support\\Facades\\Facade::__callStatic()
#9 /home/franco/Venta_De_Autopartes/AplicacionesWeb/vendor/laravel/framework/src/Illuminate/Database/Migrations/Migrator.php(493): CreateCarritoTable->up()
#10 /home/franco/Venta_De_Autopartes/AplicacionesWeb/vendor/laravel/framework/src/Illuminate/Database/Migrations/Migrator.php(410): Illuminate\\Database\\Migrations\\Migrator->runMethod()
#11 /home/franco/Venta_De_Autopartes/AplicacionesWeb/vendor/laravel/framework/src/Illuminate/Database/Concerns/ManagesTransactions.php(30): Illuminate\\Database\\Migrations\\Migrator->Illuminate\\Database\\Migrations\\{closure}()
#12 /home/franco/Venta_De_Autopartes/AplicacionesWeb/vendor/laravel/framework/src/Illuminate/Database/Migrations/Migrator.php(418): Illuminate\\Database\\Connection->transaction()
#13 /home/franco/Venta_De_Autopartes/AplicacionesWeb/vendor/laravel/framework/src/Illuminate/Database/Migrations/Migrator.php(216): Illuminate\\Database\\Migrations\\Migrator->runMigration()
#14 /home/franco/Venta_De_Autopartes/AplicacionesWeb/vendor/laravel/framework/src/Illuminate/Console/View/Components/Task.php(37): Illuminate\\Database\\Migrations\\Migrator->Illuminate\\Database\\Migrations\\{closure}()
#15 /home/franco/Venta_De_Autopartes/AplicacionesWeb/vendor/laravel/framework/src/Illuminate/Database/Migrations/Migrator.php(756): Illuminate\\Console\\View\\Components\\Task->render()
#16 /home/franco/Venta_De_Autopartes/AplicacionesWeb/vendor/laravel/framework/src/Illuminate/Database/Migrations/Migrator.php(216): Illuminate\\Database\\Migrations\\Migrator->write()
#17 /home/franco/Venta_De_Autopartes/AplicacionesWeb/vendor/laravel/framework/src/Illuminate/Database/Migrations/Migrator.php(181): Illuminate\\Database\\Migrations\\Migrator->runUp()
#18 /home/franco/Venta_De_Autopartes/AplicacionesWeb/vendor/laravel/framework/src/Illuminate/Database/Migrations/Migrator.php(124): Illuminate\\Database\\Migrations\\Migrator->runPending()
#19 /home/franco/Venta_De_Autopartes/AplicacionesWeb/vendor/laravel/framework/src/Illuminate/Database/Console/Migrations/MigrateCommand.php(92): Illuminate\\Database\\Migrations\\Migrator->run()
#20 /home/franco/Venta_De_Autopartes/AplicacionesWeb/vendor/laravel/framework/src/Illuminate/Database/Migrations/Migrator.php(633): Illuminate\\Database\\Console\\Migrations\\MigrateCommand->Illuminate\\Database\\Console\\Migrations\\{closure}()
#21 /home/franco/Venta_De_Autopartes/AplicacionesWeb/vendor/laravel/framework/src/Illuminate/Database/Console/Migrations/MigrateCommand.php(104): Illuminate\\Database\\Migrations\\Migrator->usingConnection()
#22 /home/franco/Venta_De_Autopartes/AplicacionesWeb/vendor/laravel/framework/src/Illuminate/Container/BoundMethod.php(36): Illuminate\\Database\\Console\\Migrations\\MigrateCommand->handle()
#23 /home/franco/Venta_De_Autopartes/AplicacionesWeb/vendor/laravel/framework/src/Illuminate/Container/Util.php(41): Illuminate\\Container\\BoundMethod::Illuminate\\Container\\{closure}()
#24 /home/franco/Venta_De_Autopartes/AplicacionesWeb/vendor/laravel/framework/src/Illuminate/Container/BoundMethod.php(93): Illuminate\\Container\\Util::unwrapIfClosure()
#25 /home/franco/Venta_De_Autopartes/AplicacionesWeb/vendor/laravel/framework/src/Illuminate/Container/BoundMethod.php(37): Illuminate\\Container\\BoundMethod::callBoundMethod()
#26 /home/franco/Venta_De_Autopartes/AplicacionesWeb/vendor/laravel/framework/src/Illuminate/Container/Container.php(662): Illuminate\\Container\\BoundMethod::call()
#27 /home/franco/Venta_De_Autopartes/AplicacionesWeb/vendor/laravel/framework/src/Illuminate/Console/Command.php(211): Illuminate\\Container\\Container->call()
#28 /home/franco/Venta_De_Autopartes/AplicacionesWeb/vendor/symfony/console/Command/Command.php(326): Illuminate\\Console\\Command->execute()
#29 /home/franco/Venta_De_Autopartes/AplicacionesWeb/vendor/laravel/framework/src/Illuminate/Console/Command.php(181): Symfony\\Component\\Console\\Command\\Command->run()
#30 /home/franco/Venta_De_Autopartes/AplicacionesWeb/vendor/laravel/framework/src/Illuminate/Console/Concerns/CallsCommands.php(68): Illuminate\\Console\\Command->run()
#31 /home/franco/Venta_De_Autopartes/AplicacionesWeb/vendor/laravel/framework/src/Illuminate/Console/Concerns/CallsCommands.php(28): Illuminate\\Console\\Command->runCommand()
#32 /home/franco/Venta_De_Autopartes/AplicacionesWeb/vendor/laravel/framework/src/Illuminate/Database/Console/Migrations/FreshCommand.php(59): Illuminate\\Console\\Command->call()
#33 /home/franco/Venta_De_Autopartes/AplicacionesWeb/vendor/laravel/framework/src/Illuminate/Container/BoundMethod.php(36): Illuminate\\Database\\Console\\Migrations\\FreshCommand->handle()
#34 /home/franco/Venta_De_Autopartes/AplicacionesWeb/vendor/laravel/framework/src/Illuminate/Container/Util.php(41): Illuminate\\Container\\BoundMethod::Illuminate\\Container\\{closure}()
#35 /home/franco/Venta_De_Autopartes/AplicacionesWeb/vendor/laravel/framework/src/Illuminate/Container/BoundMethod.php(93): Illuminate\\Container\\Util::unwrapIfClosure()
#36 /home/franco/Venta_De_Autopartes/AplicacionesWeb/vendor/laravel/framework/src/Illuminate/Container/BoundMethod.php(37): Illuminate\\Container\\BoundMethod::callBoundMethod()
#37 /home/franco/Venta_De_Autopartes/AplicacionesWeb/vendor/laravel/framework/src/Illuminate/Container/Container.php(662): Illuminate\\Container\\BoundMethod::call()
#38 /home/franco/Venta_De_Autopartes/AplicacionesWeb/vendor/laravel/framework/src/Illuminate/Console/Command.php(211): Illuminate\\Container\\Container->call()
#39 /home/franco/Venta_De_Autopartes/AplicacionesWeb/vendor/symfony/console/Command/Command.php(326): Illuminate\\Console\\Command->execute()
#40 /home/franco/Venta_De_Autopartes/AplicacionesWeb/vendor/laravel/framework/src/Illuminate/Console/Command.php(181): Symfony\\Component\\Console\\Command\\Command->run()
#41 /home/franco/Venta_De_Autopartes/AplicacionesWeb/vendor/symfony/console/Application.php(1096): Illuminate\\Console\\Command->run()
#42 /home/franco/Venta_De_Autopartes/AplicacionesWeb/vendor/symfony/console/Application.php(324): Symfony\\Component\\Console\\Application->doRunCommand()
#43 /home/franco/Venta_De_Autopartes/AplicacionesWeb/vendor/symfony/console/Application.php(175): Symfony\\Component\\Console\\Application->doRun()
#44 /home/franco/Venta_De_Autopartes/AplicacionesWeb/vendor/laravel/framework/src/Illuminate/Foundation/Console/Kernel.php(201): Symfony\\Component\\Console\\Application->run()
#45 /home/franco/Venta_De_Autopartes/AplicacionesWeb/artisan(37): Illuminate\\Foundation\\Console\\Kernel->handle()
#46 {main}
"} 
[2026-03-17 22:03:33] local.ERROR: SQLSTATE[42P01]: Undefined table: 7 ERROR:  relation "autopart" does not exist (Connection: pgsql, SQL: alter table "carrito" add constraint "carrito_autopart_id_foreign" foreign key ("autopart_id") references "autopart" ("id") on delete cascade) {"exception":"[object] (Illuminate\\Database\\QueryException(code: 42P01): SQLSTATE[42P01]: Undefined table: 7 ERROR:  relation \"autopart\" does not exist (Connection: pgsql, SQL: alter table \"carrito\" add constraint \"carrito_autopart_id_foreign\" foreign key (\"autopart_id\") references \"autopart\" (\"id\") on delete cascade) at /home/franco/Venta_De_Autopartes/AplicacionesWeb/vendor/laravel/framework/src/Illuminate/Database/Connection.php:829)
[stacktrace]
#0 /home/franco/Venta_De_Autopartes/AplicacionesWeb/vendor/laravel/framework/src/Illuminate/Database/Connection.php(783): Illuminate\\Database\\Connection->runQueryCallback()
#1 /home/franco/Venta_De_Autopartes/AplicacionesWeb/vendor/laravel/framework/src/Illuminate/Database/Connection.php(588): Illuminate\\Database\\Connection->run()
#2 /home/franco/Venta_De_Autopartes/AplicacionesWeb/vendor/laravel/framework/src/Illuminate/Database/Schema/Blueprint.php(110): Illuminate\\Database\\Connection->statement()
#3 /home/franco/Venta_De_Autopartes/AplicacionesWeb/vendor/laravel/framework/src/Illuminate/Database/Schema/Builder.php(602): Illuminate\\Database\\Schema\\Blueprint->build()
#4 /home/franco/Venta_De_Autopartes/AplicacionesWeb/vendor/laravel/framework/src/Illuminate/Database/Schema/Builder.php(460): Illuminate\\Database\\Schema\\Builder->build()
#5 /home/franco/Venta_De_Autopartes/AplicacionesWeb/vendor/laravel/framework/src/Illuminate/Support/Facades/Facade.php(355): Illuminate\\Database\\Schema\\Builder->create()
#6 /home/franco/Venta_De_Autopartes/AplicacionesWeb/database/migrations/2024_06_06_204537_create_carrito_table.php(21): Illuminate\\Support\\Facades\\Facade::__callStatic()
#7 /home/franco/Venta_De_Autopartes/AplicacionesWeb/vendor/laravel/framework/src/Illuminate/Database/Migrations/Migrator.php(493): CreateCarritoTable->up()
#8 /home/franco/Venta_De_Autopartes/AplicacionesWeb/vendor/laravel/framework/src/Illuminate/Database/Migrations/Migrator.php(410): Illuminate\\Database\\Migrations\\Migrator->runMethod()
#9 /home/franco/Venta_De_Autopartes/AplicacionesWeb/vendor/laravel/framework/src/Illuminate/Database/Migrations/Migrator.php(419): Illuminate\\Database\\Migrations\\Migrator->Illuminate\\Database\\Migrations\\{closure}()
#10 /home/franco/Venta_De_Autopartes/AplicacionesWeb/vendor/laravel/framework/src/Illuminate/Database/Migrations/Migrator.php(216): Illuminate\\Database\\Migrations\\Migrator->runMigration()
#11 /home/franco/Venta_De_Autopartes/AplicacionesWeb/vendor/laravel/framework/src/Illuminate/Console/View/Components/Task.php(37): Illuminate\\Database\\Migrations\\Migrator->Illuminate\\Database\\Migrations\\{closure}()
#12 /home/franco/Venta_De_Autopartes/AplicacionesWeb/vendor/laravel/framework/src/Illuminate/Database/Migrations/Migrator.php(756): Illuminate\\Console\\View\\Components\\Task->render()
#13 /home/franco/Venta_De_Autopartes/AplicacionesWeb/vendor/laravel/framework/src/Illuminate/Database/Migrations/Migrator.php(216): Illuminate\\Database\\Migrations\\Migrator->write()
#14 /home/franco/Venta_De_Autopartes/AplicacionesWeb/vendor/laravel/framework/src/Illuminate/Database/Migrations/Migrator.php(181): Illuminate\\Database\\Migrations\\Migrator->runUp()
#15 /home/franco/Venta_De_Autopartes/AplicacionesWeb/vendor/laravel/framework/src/Illuminate/Database/Migrations/Migrator.php(124): Illuminate\\Database\\Migrations\\Migrator->runPending()
#16 /home/franco/Venta_De_Autopartes/AplicacionesWeb/vendor/laravel/framework/src/Illuminate/Database/Console/Migrations/MigrateCommand.php(92): Illuminate\\Database\\Migrations\\Migrator->run()
#17 /home/franco/Venta_De_Autopartes/AplicacionesWeb/vendor/laravel/framework/src/Illuminate/Database/Migrations/Migrator.php(633): Illuminate\\Database\\Console\\Migrations\\MigrateCommand->Illuminate\\Database\\Console\\Migrations\\{closure}()
#18 /home/franco/Venta_De_Autopartes/AplicacionesWeb/vendor/laravel/framework/src/Illuminate/Database/Console/Migrations/MigrateCommand.php(104): Illuminate\\Database\\Migrations\\Migrator->usingConnection()
#19 /home/franco/Venta_De_Autopartes/AplicacionesWeb/vendor/laravel/framework/src/Illuminate/Container/BoundMethod.php(36): Illuminate\\Database\\Console\\Migrations\\MigrateCommand->handle()
#20 /home/franco/Venta_De_Autopartes/AplicacionesWeb/vendor/laravel/framework/src/Illuminate/Container/Util.php(41): Illuminate\\Container\\BoundMethod::Illuminate\\Container\\{closure}()
#21 /home/franco/Venta_De_Autopartes/AplicacionesWeb/vendor/laravel/framework/src/Illuminate/Container/BoundMethod.php(93): Illuminate\\Container\\Util::unwrapIfClosure()
#22 /home/franco/Venta_De_Autopartes/AplicacionesWeb/vendor/laravel/framework/src/Illuminate/Container/BoundMethod.php(37): Illuminate\\Container\\BoundMethod::callBoundMethod()
#23 /home/franco/Venta_De_Autopartes/AplicacionesWeb/vendor/laravel/framework/src/Illuminate/Container/Container.php(662): Illuminate\\Container\\BoundMethod::call()
#24 /home/franco/Venta_De_Autopartes/AplicacionesWeb/vendor/laravel/framework/src/Illuminate/Console/Command.php(211): Illuminate\\Container\\Container->call()
#25 /home/franco/Venta_De_Autopartes/AplicacionesWeb/vendor/symfony/console/Command/Command.php(326): Illuminate\\Console\\Command->execute()
#26 /home/franco/Venta_De_Autopartes/AplicacionesWeb/vendor/laravel/framework/src/Illuminate/Console/Command.php(181): Symfony\\Component\\Console\\Command\\Command->run()
#27 /home/franco/Venta_De_Autopartes/AplicacionesWeb/vendor/laravel/framework/src/Illuminate/Console/Concerns/CallsCommands.php(68): Illuminate\\Console\\Command->run()
#28 /home/franco/Venta_De_Autopartes/AplicacionesWeb/vendor/laravel/framework/src/Illuminate/Console/Concerns/CallsCommands.php(28): Illuminate\\Console\\Command->runCommand()
#29 /home/franco/Venta_De_Autopartes/AplicacionesWeb/vendor/laravel/framework/src/Illuminate/Database/Console/Migrations/FreshCommand.php(59): Illuminate\\Console\\Command->call()
#30 /home/franco/Venta_De_Autopartes/AplicacionesWeb/vendor/laravel/framework/src/Illuminate/Container/BoundMethod.php(36): Illuminate\\Database\\Console\\Migrations\\FreshCommand->handle()
#31 /home/franco/Venta_De_Autopartes/AplicacionesWeb/vendor/laravel/framework/src/Illuminate/Container/Util.php(41): Illuminate\\Container\\BoundMethod::Illuminate\\Container\\{closure}()
#32 /home/franco/Venta_De_Autopartes/AplicacionesWeb/vendor/laravel/framework/src/Illuminate/Container/BoundMethod.php(93): Illuminate\\Container\\Util::unwrapIfClosure()
#33 /home/franco/Venta_De_Autopartes/AplicacionesWeb/vendor/laravel/framework/src/Illuminate/Container/BoundMethod.php(37): Illuminate\\Container\\BoundMethod::callBoundMethod()
#34 /home/franco/Venta_De_Autopartes/AplicacionesWeb/vendor/laravel/framework/src/Illuminate/Container/Container.php(662): Illuminate\\Container\\BoundMethod::call()
#35 /home/franco/Venta_De_Autopartes/AplicacionesWeb/vendor/laravel/framework/src/Illuminate/Console/Command.php(211): Illuminate\\Container\\Container->call()
#36 /home/franco/Venta_De_Autopartes/AplicacionesWeb/vendor/symfony/console/Command/Command.php(326): Illuminate\\Console\\Command->execute()
#37 /home/franco/Venta_De_Autopartes/AplicacionesWeb/vendor/laravel/framework/src/Illuminate/Console/Command.php(181): Symfony\\Component\\Console\\Command\\Command->run()
#38 /home/franco/Venta_De_Autopartes/AplicacionesWeb/vendor/symfony/console/Application.php(1096): Illuminate\\Console\\Command->run()
#39 /home/franco/Venta_De_Autopartes/AplicacionesWeb/vendor/symfony/console/Application.php(324): Symfony\\Component\\Console\\Application->doRunCommand()
#40 /home/franco/Venta_De_Autopartes/AplicacionesWeb/vendor/symfony/console/Application.php(175): Symfony\\Component\\Console\\Application->doRun()
#41 /home/franco/Venta_De_Autopartes/AplicacionesWeb/vendor/laravel/framework/src/Illuminate/Foundation/Console/Kernel.php(201): Symfony\\Component\\Console\\Application->run()
#42 /home/franco/Venta_De_Autopartes/AplicacionesWeb/artisan(37): Illuminate\\Foundation\\Console\\Kernel->handle()
#43 {main}

[previous exception] [object] (PDOException(code: 42P01): SQLSTATE[42P01]: Undefined table: 7 ERROR:  relation \"autopart\" does not exist at /home/franco/Venta_De_Autopartes/AplicacionesWeb/vendor/laravel/framework/src/Illuminate/Database/Connection.php:587)
[stacktrace]
#0 /home/franco/Venta_De_Autopartes/AplicacionesWeb/vendor/laravel/framework/src/Illuminate/Database/Connection.php(587): PDOStatement->execute()
#1 /home/franco/Venta_De_Autopartes/AplicacionesWeb/vendor/laravel/framework/src/Illuminate/Database/Connection.php(816): Illuminate\\Database\\Connection->Illuminate\\Database\\{closure}()
#2 /home/franco/Venta_De_Autopartes/AplicacionesWeb/vendor/laravel/framework/src/Illuminate/Database/Connection.php(783): Illuminate\\Database\\Connection->runQueryCallback()
#3 /home/franco/Venta_De_Autopartes/AplicacionesWeb/vendor/laravel/framework/src/Illuminate/Database/Connection.php(588): Illuminate\\Database\\Connection->run()
#4 /home/franco/Venta_De_Autopartes/AplicacionesWeb/vendor/laravel/framework/src/Illuminate/Database/Schema/Blueprint.php(110): Illuminate\\Database\\Connection->statement()
#5 /home/franco/Venta_De_Autopartes/AplicacionesWeb/vendor/laravel/framework/src/Illuminate/Database/Schema/Builder.php(602): Illuminate\\Database\\Schema\\Blueprint->build()
#6 /home/franco/Venta_De_Autopartes/AplicacionesWeb/vendor/laravel/framework/src/Illuminate/Database/Schema/Builder.php(460): Illuminate\\Database\\Schema\\Builder->build()
#7 /home/franco/Venta_De_Autopartes/AplicacionesWeb/vendor/laravel/framework/src/Illuminate/Support/Facades/Facade.php(355): Illuminate\\Database\\Schema\\Builder->create()
#8 /home/franco/Venta_De_Autopartes/AplicacionesWeb/database/migrations/2024_06_06_204537_create_carrito_table.php(21): Illuminate\\Support\\Facades\\Facade::__callStatic()
#9 /home/franco/Venta_De_Autopartes/AplicacionesWeb/vendor/laravel/framework/src/Illuminate/Database/Migrations/Migrator.php(493): CreateCarritoTable->up()
#10 /home/franco/Venta_De_Autopartes/AplicacionesWeb/vendor/laravel/framework/src/Illuminate/Database/Migrations/Migrator.php(410): Illuminate\\Database\\Migrations\\Migrator->runMethod()
#11 /home/franco/Venta_De_Autopartes/AplicacionesWeb/vendor/laravel/framework/src/Illuminate/Database/Migrations/Migrator.php(419): Illuminate\\Database\\Migrations\\Migrator->Illuminate\\Database\\Migrations\\{closure}()
#12 /home/franco/Venta_De_Autopartes/AplicacionesWeb/vendor/laravel/framework/src/Illuminate/Database/Migrations/Migrator.php(216): Illuminate\\Database\\Migrations\\Migrator->runMigration()
#13 /home/franco/Venta_De_Autopartes/AplicacionesWeb/vendor/laravel/framework/src/Illuminate/Console/View/Components/Task.php(37): Illuminate\\Database\\Migrations\\Migrator->Illuminate\\Database\\Migrations\\{closure}()
#14 /home/franco/Venta_De_Autopartes/AplicacionesWeb/vendor/laravel/framework/src/Illuminate/Database/Migrations/Migrator.php(756): Illuminate\\Console\\View\\Components\\Task->render()
#15 /home/franco/Venta_De_Autopartes/AplicacionesWeb/vendor/laravel/framework/src/Illuminate/Database/Migrations/Migrator.php(216): Illuminate\\Database\\Migrations\\Migrator->write()
#16 /home/franco/Venta_De_Autopartes/AplicacionesWeb/vendor/laravel/framework/src/Illuminate/Database/Migrations/Migrator.php(181): Illuminate\\Database\\Migrations\\Migrator->runUp()
#17 /home/franco/Venta_De_Autopartes/AplicacionesWeb/vendor/laravel/framework/src/Illuminate/Database/Migrations/Migrator.php(124): Illuminate\\Database\\Migrations\\Migrator->runPending()
#18 /home/franco/Venta_De_Autopartes/AplicacionesWeb/vendor/laravel/framework/src/Illuminate/Database/Console/Migrations/MigrateCommand.php(92): Illuminate\\Database\\Migrations\\Migrator->run()
#19 /home/franco/Venta_De_Autopartes/AplicacionesWeb/vendor/laravel/framework/src/Illuminate/Database/Migrations/Migrator.php(633): Illuminate\\Database\\Console\\Migrations\\MigrateCommand->Illuminate\\Database\\Console\\Migrations\\{closure}()
#20 /home/franco/Venta_De_Autopartes/AplicacionesWeb/vendor/laravel/framework/src/Illuminate/Database/Console/Migrations/MigrateCommand.php(104): Illuminate\\Database\\Migrations\\Migrator->usingConnection()
#21 /home/franco/Venta_De_Autopartes/AplicacionesWeb/vendor/laravel/framework/src/Illuminate/Container/BoundMethod.php(36): Illuminate\\Database\\Console\\Migrations\\MigrateCommand->handle()
#22 /home/franco/Venta_De_Autopartes/AplicacionesWeb/vendor/laravel/framework/src/Illuminate/Container/Util.php(41): Illuminate\\Container\\BoundMethod::Illuminate\\Container\\{closure}()
#23 /home/franco/Venta_De_Autopartes/AplicacionesWeb/vendor/laravel/framework/src/Illuminate/Container/BoundMethod.php(93): Illuminate\\Container\\Util::unwrapIfClosure()
#24 /home/franco/Venta_De_Autopartes/AplicacionesWeb/vendor/laravel/framework/src/Illuminate/Container/BoundMethod.php(37): Illuminate\\Container\\BoundMethod::callBoundMethod()
#25 /home/franco/Venta_De_Autopartes/AplicacionesWeb/vendor/laravel/framework/src/Illuminate/Container/Container.php(662): Illuminate\\Container\\BoundMethod::call()
#26 /home/franco/Venta_De_Autopartes/AplicacionesWeb/vendor/laravel/framework/src/Illuminate/Console/Command.php(211): Illuminate\\Container\\Container->call()
#27 /home/franco/Venta_De_Autopartes/AplicacionesWeb/vendor/symfony/console/Command/Command.php(326): Illuminate\\Console\\Command->execute()
#28 /home/franco/Venta_De_Autopartes/AplicacionesWeb/vendor/laravel/framework/src/Illuminate/Console/Command.php(181): Symfony\\Component\\Console\\Command\\Command->run()
#29 /home/franco/Venta_De_Autopartes/AplicacionesWeb/vendor/laravel/framework/src/Illuminate/Console/Concerns/CallsCommands.php(68): Illuminate\\Console\\Command->run()
#30 /home/franco/Venta_De_Autopartes/AplicacionesWeb/vendor/laravel/framework/src/Illuminate/Console/Concerns/CallsCommands.php(28): Illuminate\\Console\\Command->runCommand()
#31 /home/franco/Venta_De_Autopartes/AplicacionesWeb/vendor/laravel/framework/src/Illuminate/Database/Console/Migrations/FreshCommand.php(59): Illuminate\\Console\\Command->call()
#32 /home/franco/Venta_De_Autopartes/AplicacionesWeb/vendor/laravel/framework/src/Illuminate/Container/BoundMethod.php(36): Illuminate\\Database\\Console\\Migrations\\FreshCommand->handle()
#33 /home/franco/Venta_De_Autopartes/AplicacionesWeb/vendor/laravel/framework/src/Illuminate/Container/Util.php(41): Illuminate\\Container\\BoundMethod::Illuminate\\Container\\{closure}()
#34 /home/franco/Venta_De_Autopartes/AplicacionesWeb/vendor/laravel/framework/src/Illuminate/Container/BoundMethod.php(93): Illuminate\\Container\\Util::unwrapIfClosure()
#35 /home/franco/Venta_De_Autopartes/AplicacionesWeb/vendor/laravel/framework/src/Illuminate/Container/BoundMethod.php(37): Illuminate\\Container\\BoundMethod::callBoundMethod()
#36 /home/franco/Venta_De_Autopartes/AplicacionesWeb/vendor/laravel/framework/src/Illuminate/Container/Container.php(662): Illuminate\\Container\\BoundMethod::call()
#37 /home/franco/Venta_De_Autopartes/AplicacionesWeb/vendor/laravel/framework/src/Illuminate/Console/Command.php(211): Illuminate\\Container\\Container->call()
#38 /home/franco/Venta_De_Autopartes/AplicacionesWeb/vendor/symfony/console/Command/Command.php(326): Illuminate\\Console\\Command->execute()
#39 /home/franco/Venta_De_Autopartes/AplicacionesWeb/vendor/laravel/framework/src/Illuminate/Console/Command.php(181): Symfony\\Component\\Console\\Command\\Command->run()
#40 /home/franco/Venta_De_Autopartes/AplicacionesWeb/vendor/symfony/console/Application.php(1096): Illuminate\\Console\\Command->run()
#41 /home/franco/Venta_De_Autopartes/AplicacionesWeb/vendor/symfony/console/Application.php(324): Symfony\\Component\\Console\\Application->doRunCommand()
#42 /home/franco/Venta_De_Autopartes/AplicacionesWeb/vendor/symfony/console/Application.php(175): Symfony\\Component\\Console\\Application->doRun()
#43 /home/franco/Venta_De_Autopartes/AplicacionesWeb/vendor/laravel/framework/src/Illuminate/Foundation/Console/Kernel.php(201): Symfony\\Component\\Console\\Application->run()
#44 /home/franco/Venta_De_Autopartes/AplicacionesWeb/artisan(37): Illuminate\\Foundation\\Console\\Kernel->handle()
#45 {main}
"} 
[2026-03-17 22:07:28] local.ERROR: SQLSTATE[42P01]: Undefined table: 7 ERROR:  relation "autopart" does not exist (Connection: pgsql, SQL: alter table "carrito" add constraint "carrito_autopart_id_foreign" foreign key ("autopart_id") references "autopart" ("id") on delete cascade) {"exception":"[object] (Illuminate\\Database\\QueryException(code: 42P01): SQLSTATE[42P01]: Undefined table: 7 ERROR:  relation \"autopart\" does not exist (Connection: pgsql, SQL: alter table \"carrito\" add constraint \"carrito_autopart_id_foreign\" foreign key (\"autopart_id\") references \"autopart\" (\"id\") on delete cascade) at /home/franco/Venta_De_Autopartes/AplicacionesWeb/vendor/laravel/framework/src/Illuminate/Database/Connection.php:829)
[stacktrace]
#0 /home/franco/Venta_De_Autopartes/AplicacionesWeb/vendor/laravel/framework/src/Illuminate/Database/Connection.php(783): Illuminate\\Database\\Connection->runQueryCallback()
#1 /home/franco/Venta_De_Autopartes/AplicacionesWeb/vendor/laravel/framework/src/Illuminate/Database/Connection.php(588): Illuminate\\Database\\Connection->run()
#2 /home/franco/Venta_De_Autopartes/AplicacionesWeb/vendor/laravel/framework/src/Illuminate/Database/Schema/Blueprint.php(110): Illuminate\\Database\\Connection->statement()
#3 /home/franco/Venta_De_Autopartes/AplicacionesWeb/vendor/laravel/framework/src/Illuminate/Database/Schema/Builder.php(602): Illuminate\\Database\\Schema\\Blueprint->build()
#4 /home/franco/Venta_De_Autopartes/AplicacionesWeb/vendor/laravel/framework/src/Illuminate/Database/Schema/Builder.php(460): Illuminate\\Database\\Schema\\Builder->build()
#5 /home/franco/Venta_De_Autopartes/AplicacionesWeb/vendor/laravel/framework/src/Illuminate/Support/Facades/Facade.php(355): Illuminate\\Database\\Schema\\Builder->create()
#6 /home/franco/Venta_De_Autopartes/AplicacionesWeb/database/migrations/2024_06_06_204537_create_carrito_table.php(21): Illuminate\\Support\\Facades\\Facade::__callStatic()
#7 /home/franco/Venta_De_Autopartes/AplicacionesWeb/vendor/laravel/framework/src/Illuminate/Database/Migrations/Migrator.php(493): CreateCarritoTable->up()
#8 /home/franco/Venta_De_Autopartes/AplicacionesWeb/vendor/laravel/framework/src/Illuminate/Database/Migrations/Migrator.php(410): Illuminate\\Database\\Migrations\\Migrator->runMethod()
#9 /home/franco/Venta_De_Autopartes/AplicacionesWeb/vendor/laravel/framework/src/Illuminate/Database/Migrations/Migrator.php(419): Illuminate\\Database\\Migrations\\Migrator->Illuminate\\Database\\Migrations\\{closure}()
#10 /home/franco/Venta_De_Autopartes/AplicacionesWeb/vendor/laravel/framework/src/Illuminate/Database/Migrations/Migrator.php(216): Illuminate\\Database\\Migrations\\Migrator->runMigration()
#11 /home/franco/Venta_De_Autopartes/AplicacionesWeb/vendor/laravel/framework/src/Illuminate/Console/View/Components/Task.php(37): Illuminate\\Database\\Migrations\\Migrator->Illuminate\\Database\\Migrations\\{closure}()
#12 /home/franco/Venta_De_Autopartes/AplicacionesWeb/vendor/laravel/framework/src/Illuminate/Database/Migrations/Migrator.php(756): Illuminate\\Console\\View\\Components\\Task->render()
#13 /home/franco/Venta_De_Autopartes/AplicacionesWeb/vendor/laravel/framework/src/Illuminate/Database/Migrations/Migrator.php(216): Illuminate\\Database\\Migrations\\Migrator->write()
#14 /home/franco/Venta_De_Autopartes/AplicacionesWeb/vendor/laravel/framework/src/Illuminate/Database/Migrations/Migrator.php(181): Illuminate\\Database\\Migrations\\Migrator->runUp()
#15 /home/franco/Venta_De_Autopartes/AplicacionesWeb/vendor/laravel/framework/src/Illuminate/Database/Migrations/Migrator.php(124): Illuminate\\Database\\Migrations\\Migrator->runPending()
#16 /home/franco/Venta_De_Autopartes/AplicacionesWeb/vendor/laravel/framework/src/Illuminate/Database/Console/Migrations/MigrateCommand.php(92): Illuminate\\Database\\Migrations\\Migrator->run()
#17 /home/franco/Venta_De_Autopartes/AplicacionesWeb/vendor/laravel/framework/src/Illuminate/Database/Migrations/Migrator.php(633): Illuminate\\Database\\Console\\Migrations\\MigrateCommand->Illuminate\\Database\\Console\\Migrations\\{closure}()
#18 /home/franco/Venta_De_Autopartes/AplicacionesWeb/vendor/laravel/framework/src/Illuminate/Database/Console/Migrations/MigrateCommand.php(104): Illuminate\\Database\\Migrations\\Migrator->usingConnection()
#19 /home/franco/Venta_De_Autopartes/AplicacionesWeb/vendor/laravel/framework/src/Illuminate/Container/BoundMethod.php(36): Illuminate\\Database\\Console\\Migrations\\MigrateCommand->handle()
#20 /home/franco/Venta_De_Autopartes/AplicacionesWeb/vendor/laravel/framework/src/Illuminate/Container/Util.php(41): Illuminate\\Container\\BoundMethod::Illuminate\\Container\\{closure}()
#21 /home/franco/Venta_De_Autopartes/AplicacionesWeb/vendor/laravel/framework/src/Illuminate/Container/BoundMethod.php(93): Illuminate\\Container\\Util::unwrapIfClosure()
#22 /home/franco/Venta_De_Autopartes/AplicacionesWeb/vendor/laravel/framework/src/Illuminate/Container/BoundMethod.php(37): Illuminate\\Container\\BoundMethod::callBoundMethod()
#23 /home/franco/Venta_De_Autopartes/AplicacionesWeb/vendor/laravel/framework/src/Illuminate/Container/Container.php(662): Illuminate\\Container\\BoundMethod::call()
#24 /home/franco/Venta_De_Autopartes/AplicacionesWeb/vendor/laravel/framework/src/Illuminate/Console/Command.php(211): Illuminate\\Container\\Container->call()
#25 /home/franco/Venta_De_Autopartes/AplicacionesWeb/vendor/symfony/console/Command/Command.php(326): Illuminate\\Console\\Command->execute()
#26 /home/franco/Venta_De_Autopartes/AplicacionesWeb/vendor/laravel/framework/src/Illuminate/Console/Command.php(181): Symfony\\Component\\Console\\Command\\Command->run()
#27 /home/franco/Venta_De_Autopartes/AplicacionesWeb/vendor/laravel/framework/src/Illuminate/Console/Concerns/CallsCommands.php(68): Illuminate\\Console\\Command->run()
#28 /home/franco/Venta_De_Autopartes/AplicacionesWeb/vendor/laravel/framework/src/Illuminate/Console/Concerns/CallsCommands.php(28): Illuminate\\Console\\Command->runCommand()
#29 /home/franco/Venta_De_Autopartes/AplicacionesWeb/vendor/laravel/framework/src/Illuminate/Database/Console/Migrations/FreshCommand.php(59): Illuminate\\Console\\Command->call()
#30 /home/franco/Venta_De_Autopartes/AplicacionesWeb/vendor/laravel/framework/src/Illuminate/Container/BoundMethod.php(36): Illuminate\\Database\\Console\\Migrations\\FreshCommand->handle()
#31 /home/franco/Venta_De_Autopartes/AplicacionesWeb/vendor/laravel/framework/src/Illuminate/Container/Util.php(41): Illuminate\\Container\\BoundMethod::Illuminate\\Container\\{closure}()
#32 /home/franco/Venta_De_Autopartes/AplicacionesWeb/vendor/laravel/framework/src/Illuminate/Container/BoundMethod.php(93): Illuminate\\Container\\Util::unwrapIfClosure()
#33 /home/franco/Venta_De_Autopartes/AplicacionesWeb/vendor/laravel/framework/src/Illuminate/Container/BoundMethod.php(37): Illuminate\\Container\\BoundMethod::callBoundMethod()
#34 /home/franco/Venta_De_Autopartes/AplicacionesWeb/vendor/laravel/framework/src/Illuminate/Container/Container.php(662): Illuminate\\Container\\BoundMethod::call()
#35 /home/franco/Venta_De_Autopartes/AplicacionesWeb/vendor/laravel/framework/src/Illuminate/Console/Command.php(211): Illuminate\\Container\\Container->call()
#36 /home/franco/Venta_De_Autopartes/AplicacionesWeb/vendor/symfony/console/Command/Command.php(326): Illuminate\\Console\\Command->execute()
#37 /home/franco/Venta_De_Autopartes/AplicacionesWeb/vendor/laravel/framework/src/Illuminate/Console/Command.php(181): Symfony\\Component\\Console\\Command\\Command->run()
#38 /home/franco/Venta_De_Autopartes/AplicacionesWeb/vendor/symfony/console/Application.php(1096): Illuminate\\Console\\Command->run()
#39 /home/franco/Venta_De_Autopartes/AplicacionesWeb/vendor/symfony/console/Application.php(324): Symfony\\Component\\Console\\Application->doRunCommand()
#40 /home/franco/Venta_De_Autopartes/AplicacionesWeb/vendor/symfony/console/Application.php(175): Symfony\\Component\\Console\\Application->doRun()
#41 /home/franco/Venta_De_Autopartes/AplicacionesWeb/vendor/laravel/framework/src/Illuminate/Foundation/Console/Kernel.php(201): Symfony\\Component\\Console\\Application->run()
#42 /home/franco/Venta_De_Autopartes/AplicacionesWeb/artisan(37): Illuminate\\Foundation\\Console\\Kernel->handle()
#43 {main}

[previous exception] [object] (PDOException(code: 42P01): SQLSTATE[42P01]: Undefined table: 7 ERROR:  relation \"autopart\" does not exist at /home/franco/Venta_De_Autopartes/AplicacionesWeb/vendor/laravel/framework/src/Illuminate/Database/Connection.php:587)
[stacktrace]
#0 /home/franco/Venta_De_Autopartes/AplicacionesWeb/vendor/laravel/framework/src/Illuminate/Database/Connection.php(587): PDOStatement->execute()
#1 /home/franco/Venta_De_Autopartes/AplicacionesWeb/vendor/laravel/framework/src/Illuminate/Database/Connection.php(816): Illuminate\\Database\\Connection->Illuminate\\Database\\{closure}()
#2 /home/franco/Venta_De_Autopartes/AplicacionesWeb/vendor/laravel/framework/src/Illuminate/Database/Connection.php(783): Illuminate\\Database\\Connection->runQueryCallback()
#3 /home/franco/Venta_De_Autopartes/AplicacionesWeb/vendor/laravel/framework/src/Illuminate/Database/Connection.php(588): Illuminate\\Database\\Connection->run()
#4 /home/franco/Venta_De_Autopartes/AplicacionesWeb/vendor/laravel/framework/src/Illuminate/Database/Schema/Blueprint.php(110): Illuminate\\Database\\Connection->statement()
#5 /home/franco/Venta_De_Autopartes/AplicacionesWeb/vendor/laravel/framework/src/Illuminate/Database/Schema/Builder.php(602): Illuminate\\Database\\Schema\\Blueprint->build()
#6 /home/franco/Venta_De_Autopartes/AplicacionesWeb/vendor/laravel/framework/src/Illuminate/Database/Schema/Builder.php(460): Illuminate\\Database\\Schema\\Builder->build()
#7 /home/franco/Venta_De_Autopartes/AplicacionesWeb/vendor/laravel/framework/src/Illuminate/Support/Facades/Facade.php(355): Illuminate\\Database\\Schema\\Builder->create()
#8 /home/franco/Venta_De_Autopartes/AplicacionesWeb/database/migrations/2024_06_06_204537_create_carrito_table.php(21): Illuminate\\Support\\Facades\\Facade::__callStatic()
#9 /home/franco/Venta_De_Autopartes/AplicacionesWeb/vendor/laravel/framework/src/Illuminate/Database/Migrations/Migrator.php(493): CreateCarritoTable->up()
#10 /home/franco/Venta_De_Autopartes/AplicacionesWeb/vendor/laravel/framework/src/Illuminate/Database/Migrations/Migrator.php(410): Illuminate\\Database\\Migrations\\Migrator->runMethod()
#11 /home/franco/Venta_De_Autopartes/AplicacionesWeb/vendor/laravel/framework/src/Illuminate/Database/Migrations/Migrator.php(419): Illuminate\\Database\\Migrations\\Migrator->Illuminate\\Database\\Migrations\\{closure}()
#12 /home/franco/Venta_De_Autopartes/AplicacionesWeb/vendor/laravel/framework/src/Illuminate/Database/Migrations/Migrator.php(216): Illuminate\\Database\\Migrations\\Migrator->runMigration()
#13 /home/franco/Venta_De_Autopartes/AplicacionesWeb/vendor/laravel/framework/src/Illuminate/Console/View/Components/Task.php(37): Illuminate\\Database\\Migrations\\Migrator->Illuminate\\Database\\Migrations\\{closure}()
#14 /home/franco/Venta_De_Autopartes/AplicacionesWeb/vendor/laravel/framework/src/Illuminate/Database/Migrations/Migrator.php(756): Illuminate\\Console\\View\\Components\\Task->render()
#15 /home/franco/Venta_De_Autopartes/AplicacionesWeb/vendor/laravel/framework/src/Illuminate/Database/Migrations/Migrator.php(216): Illuminate\\Database\\Migrations\\Migrator->write()
#16 /home/franco/Venta_De_Autopartes/AplicacionesWeb/vendor/laravel/framework/src/Illuminate/Database/Migrations/Migrator.php(181): Illuminate\\Database\\Migrations\\Migrator->runUp()
#17 /home/franco/Venta_De_Autopartes/AplicacionesWeb/vendor/laravel/framework/src/Illuminate/Database/Migrations/Migrator.php(124): Illuminate\\Database\\Migrations\\Migrator->runPending()
#18 /home/franco/Venta_De_Autopartes/AplicacionesWeb/vendor/laravel/framework/src/Illuminate/Database/Console/Migrations/MigrateCommand.php(92): Illuminate\\Database\\Migrations\\Migrator->run()
#19 /home/franco/Venta_De_Autopartes/AplicacionesWeb/vendor/laravel/framework/src/Illuminate/Database/Migrations/Migrator.php(633): Illuminate\\Database\\Console\\Migrations\\MigrateCommand->Illuminate\\Database\\Console\\Migrations\\{closure}()
#20 /home/franco/Venta_De_Autopartes/AplicacionesWeb/vendor/laravel/framework/src/Illuminate/Database/Console/Migrations/MigrateCommand.php(104): Illuminate\\Database\\Migrations\\Migrator->usingConnection()
#21 /home/franco/Venta_De_Autopartes/AplicacionesWeb/vendor/laravel/framework/src/Illuminate/Container/BoundMethod.php(36): Illuminate\\Database\\Console\\Migrations\\MigrateCommand->handle()
#22 /home/franco/Venta_De_Autopartes/AplicacionesWeb/vendor/laravel/framework/src/Illuminate/Container/Util.php(41): Illuminate\\Container\\BoundMethod::Illuminate\\Container\\{closure}()
#23 /home/franco/Venta_De_Autopartes/AplicacionesWeb/vendor/laravel/framework/src/Illuminate/Container/BoundMethod.php(93): Illuminate\\Container\\Util::unwrapIfClosure()
#24 /home/franco/Venta_De_Autopartes/AplicacionesWeb/vendor/laravel/framework/src/Illuminate/Container/BoundMethod.php(37): Illuminate\\Container\\BoundMethod::callBoundMethod()
#25 /home/franco/Venta_De_Autopartes/AplicacionesWeb/vendor/laravel/framework/src/Illuminate/Container/Container.php(662): Illuminate\\Container\\BoundMethod::call()
#26 /home/franco/Venta_De_Autopartes/AplicacionesWeb/vendor/laravel/framework/src/Illuminate/Console/Command.php(211): Illuminate\\Container\\Container->call()
#27 /home/franco/Venta_De_Autopartes/AplicacionesWeb/vendor/symfony/console/Command/Command.php(326): Illuminate\\Console\\Command->execute()
#28 /home/franco/Venta_De_Autopartes/AplicacionesWeb/vendor/laravel/framework/src/Illuminate/Console/Command.php(181): Symfony\\Component\\Console\\Command\\Command->run()
#29 /home/franco/Venta_De_Autopartes/AplicacionesWeb/vendor/laravel/framework/src/Illuminate/Console/Concerns/CallsCommands.php(68): Illuminate\\Console\\Command->run()
#30 /home/franco/Venta_De_Autopartes/AplicacionesWeb/vendor/laravel/framework/src/Illuminate/Console/Concerns/CallsCommands.php(28): Illuminate\\Console\\Command->runCommand()
#31 /home/franco/Venta_De_Autopartes/AplicacionesWeb/vendor/laravel/framework/src/Illuminate/Database/Console/Migrations/FreshCommand.php(59): Illuminate\\Console\\Command->call()
#32 /home/franco/Venta_De_Autopartes/AplicacionesWeb/vendor/laravel/framework/src/Illuminate/Container/BoundMethod.php(36): Illuminate\\Database\\Console\\Migrations\\FreshCommand->handle()
#33 /home/franco/Venta_De_Autopartes/AplicacionesWeb/vendor/laravel/framework/src/Illuminate/Container/Util.php(41): Illuminate\\Container\\BoundMethod::Illuminate\\Container\\{closure}()
#34 /home/franco/Venta_De_Autopartes/AplicacionesWeb/vendor/laravel/framework/src/Illuminate/Container/BoundMethod.php(93): Illuminate\\Container\\Util::unwrapIfClosure()
#35 /home/franco/Venta_De_Autopartes/AplicacionesWeb/vendor/laravel/framework/src/Illuminate/Container/BoundMethod.php(37): Illuminate\\Container\\BoundMethod::callBoundMethod()
#36 /home/franco/Venta_De_Autopartes/AplicacionesWeb/vendor/laravel/framework/src/Illuminate/Container/Container.php(662): Illuminate\\Container\\BoundMethod::call()
#37 /home/franco/Venta_De_Autopartes/AplicacionesWeb/vendor/laravel/framework/src/Illuminate/Console/Command.php(211): Illuminate\\Container\\Container->call()
#38 /home/franco/Venta_De_Autopartes/AplicacionesWeb/vendor/symfony/console/Command/Command.php(326): Illuminate\\Console\\Command->execute()
#39 /home/franco/Venta_De_Autopartes/AplicacionesWeb/vendor/laravel/framework/src/Illuminate/Console/Command.php(181): Symfony\\Component\\Console\\Command\\Command->run()
#40 /home/franco/Venta_De_Autopartes/AplicacionesWeb/vendor/symfony/console/Application.php(1096): Illuminate\\Console\\Command->run()
#41 /home/franco/Venta_De_Autopartes/AplicacionesWeb/vendor/symfony/console/Application.php(324): Symfony\\Component\\Console\\Application->doRunCommand()
#42 /home/franco/Venta_De_Autopartes/AplicacionesWeb/vendor/symfony/console/Application.php(175): Symfony\\Component\\Console\\Application->doRun()
#43 /home/franco/Venta_De_Autopartes/AplicacionesWeb/vendor/laravel/framework/src/Illuminate/Foundation/Console/Kernel.php(201): Symfony\\Component\\Console\\Application->run()
#44 /home/franco/Venta_De_Autopartes/AplicacionesWeb/artisan(37): Illuminate\\Foundation\\Console\\Kernel->handle()
#45 {main}
"} 
[2026-03-17 22:08:11] local.ERROR: SQLSTATE[42P01]: Undefined table: 7 ERROR:  relation "autoparts" does not exist (Connection: pgsql, SQL: alter table "carrito" add constraint "carrito_autopart_id_foreign" foreign key ("autopart_id") references "autoparts" ("id") on delete cascade) {"exception":"[object] (Illuminate\\Database\\QueryException(code: 42P01): SQLSTATE[42P01]: Undefined table: 7 ERROR:  relation \"autoparts\" does not exist (Connection: pgsql, SQL: alter table \"carrito\" add constraint \"carrito_autopart_id_foreign\" foreign key (\"autopart_id\") references \"autoparts\" (\"id\") on delete cascade) at /home/franco/Venta_De_Autopartes/AplicacionesWeb/vendor/laravel/framework/src/Illuminate/Database/Connection.php:829)
[stacktrace]
#0 /home/franco/Venta_De_Autopartes/AplicacionesWeb/vendor/laravel/framework/src/Illuminate/Database/Connection.php(783): Illuminate\\Database\\Connection->runQueryCallback()
#1 /home/franco/Venta_De_Autopartes/AplicacionesWeb/vendor/laravel/framework/src/Illuminate/Database/Connection.php(588): Illuminate\\Database\\Connection->run()
#2 /home/franco/Venta_De_Autopartes/AplicacionesWeb/vendor/laravel/framework/src/Illuminate/Database/Schema/Blueprint.php(110): Illuminate\\Database\\Connection->statement()
#3 /home/franco/Venta_De_Autopartes/AplicacionesWeb/vendor/laravel/framework/src/Illuminate/Database/Schema/Builder.php(602): Illuminate\\Database\\Schema\\Blueprint->build()
#4 /home/franco/Venta_De_Autopartes/AplicacionesWeb/vendor/laravel/framework/src/Illuminate/Database/Schema/Builder.php(460): Illuminate\\Database\\Schema\\Builder->build()
#5 /home/franco/Venta_De_Autopartes/AplicacionesWeb/vendor/laravel/framework/src/Illuminate/Support/Facades/Facade.php(355): Illuminate\\Database\\Schema\\Builder->create()
#6 /home/franco/Venta_De_Autopartes/AplicacionesWeb/database/migrations/2024_06_06_204537_create_carrito_table.php(21): Illuminate\\Support\\Facades\\Facade::__callStatic()
#7 /home/franco/Venta_De_Autopartes/AplicacionesWeb/vendor/laravel/framework/src/Illuminate/Database/Migrations/Migrator.php(493): CreateCarritoTable->up()
#8 /home/franco/Venta_De_Autopartes/AplicacionesWeb/vendor/laravel/framework/src/Illuminate/Database/Migrations/Migrator.php(410): Illuminate\\Database\\Migrations\\Migrator->runMethod()
#9 /home/franco/Venta_De_Autopartes/AplicacionesWeb/vendor/laravel/framework/src/Illuminate/Database/Migrations/Migrator.php(419): Illuminate\\Database\\Migrations\\Migrator->Illuminate\\Database\\Migrations\\{closure}()
#10 /home/franco/Venta_De_Autopartes/AplicacionesWeb/vendor/laravel/framework/src/Illuminate/Database/Migrations/Migrator.php(216): Illuminate\\Database\\Migrations\\Migrator->runMigration()
#11 /home/franco/Venta_De_Autopartes/AplicacionesWeb/vendor/laravel/framework/src/Illuminate/Console/View/Components/Task.php(37): Illuminate\\Database\\Migrations\\Migrator->Illuminate\\Database\\Migrations\\{closure}()
#12 /home/franco/Venta_De_Autopartes/AplicacionesWeb/vendor/laravel/framework/src/Illuminate/Database/Migrations/Migrator.php(756): Illuminate\\Console\\View\\Components\\Task->render()
#13 /home/franco/Venta_De_Autopartes/AplicacionesWeb/vendor/laravel/framework/src/Illuminate/Database/Migrations/Migrator.php(216): Illuminate\\Database\\Migrations\\Migrator->write()
#14 /home/franco/Venta_De_Autopartes/AplicacionesWeb/vendor/laravel/framework/src/Illuminate/Database/Migrations/Migrator.php(181): Illuminate\\Database\\Migrations\\Migrator->runUp()
#15 /home/franco/Venta_De_Autopartes/AplicacionesWeb/vendor/laravel/framework/src/Illuminate/Database/Migrations/Migrator.php(124): Illuminate\\Database\\Migrations\\Migrator->runPending()
#16 /home/franco/Venta_De_Autopartes/AplicacionesWeb/vendor/laravel/framework/src/Illuminate/Database/Console/Migrations/MigrateCommand.php(92): Illuminate\\Database\\Migrations\\Migrator->run()
#17 /home/franco/Venta_De_Autopartes/AplicacionesWeb/vendor/laravel/framework/src/Illuminate/Database/Migrations/Migrator.php(633): Illuminate\\Database\\Console\\Migrations\\MigrateCommand->Illuminate\\Database\\Console\\Migrations\\{closure}()
#18 /home/franco/Venta_De_Autopartes/AplicacionesWeb/vendor/laravel/framework/src/Illuminate/Database/Console/Migrations/MigrateCommand.php(104): Illuminate\\Database\\Migrations\\Migrator->usingConnection()
#19 /home/franco/Venta_De_Autopartes/AplicacionesWeb/vendor/laravel/framework/src/Illuminate/Container/BoundMethod.php(36): Illuminate\\Database\\Console\\Migrations\\MigrateCommand->handle()
#20 /home/franco/Venta_De_Autopartes/AplicacionesWeb/vendor/laravel/framework/src/Illuminate/Container/Util.php(41): Illuminate\\Container\\BoundMethod::Illuminate\\Container\\{closure}()
#21 /home/franco/Venta_De_Autopartes/AplicacionesWeb/vendor/laravel/framework/src/Illuminate/Container/BoundMethod.php(93): Illuminate\\Container\\Util::unwrapIfClosure()
#22 /home/franco/Venta_De_Autopartes/AplicacionesWeb/vendor/laravel/framework/src/Illuminate/Container/BoundMethod.php(37): Illuminate\\Container\\BoundMethod::callBoundMethod()
#23 /home/franco/Venta_De_Autopartes/AplicacionesWeb/vendor/laravel/framework/src/Illuminate/Container/Container.php(662): Illuminate\\Container\\BoundMethod::call()
#24 /home/franco/Venta_De_Autopartes/AplicacionesWeb/vendor/laravel/framework/src/Illuminate/Console/Command.php(211): Illuminate\\Container\\Container->call()
#25 /home/franco/Venta_De_Autopartes/AplicacionesWeb/vendor/symfony/console/Command/Command.php(326): Illuminate\\Console\\Command->execute()
#26 /home/franco/Venta_De_Autopartes/AplicacionesWeb/vendor/laravel/framework/src/Illuminate/Console/Command.php(181): Symfony\\Component\\Console\\Command\\Command->run()
#27 /home/franco/Venta_De_Autopartes/AplicacionesWeb/vendor/laravel/framework/src/Illuminate/Console/Concerns/CallsCommands.php(68): Illuminate\\Console\\Command->run()
#28 /home/franco/Venta_De_Autopartes/AplicacionesWeb/vendor/laravel/framework/src/Illuminate/Console/Concerns/CallsCommands.php(28): Illuminate\\Console\\Command->runCommand()
#29 /home/franco/Venta_De_Autopartes/AplicacionesWeb/vendor/laravel/framework/src/Illuminate/Database/Console/Migrations/FreshCommand.php(59): Illuminate\\Console\\Command->call()
#30 /home/franco/Venta_De_Autopartes/AplicacionesWeb/vendor/laravel/framework/src/Illuminate/Container/BoundMethod.php(36): Illuminate\\Database\\Console\\Migrations\\FreshCommand->handle()
#31 /home/franco/Venta_De_Autopartes/AplicacionesWeb/vendor/laravel/framework/src/Illuminate/Container/Util.php(41): Illuminate\\Container\\BoundMethod::Illuminate\\Container\\{closure}()
#32 /home/franco/Venta_De_Autopartes/AplicacionesWeb/vendor/laravel/framework/src/Illuminate/Container/BoundMethod.php(93): Illuminate\\Container\\Util::unwrapIfClosure()
#33 /home/franco/Venta_De_Autopartes/AplicacionesWeb/vendor/laravel/framework/src/Illuminate/Container/BoundMethod.php(37): Illuminate\\Container\\BoundMethod::callBoundMethod()
#34 /home/franco/Venta_De_Autopartes/AplicacionesWeb/vendor/laravel/framework/src/Illuminate/Container/Container.php(662): Illuminate\\Container\\BoundMethod::call()
#35 /home/franco/Venta_De_Autopartes/AplicacionesWeb/vendor/laravel/framework/src/Illuminate/Console/Command.php(211): Illuminate\\Container\\Container->call()
#36 /home/franco/Venta_De_Autopartes/AplicacionesWeb/vendor/symfony/console/Command/Command.php(326): Illuminate\\Console\\Command->execute()
#37 /home/franco/Venta_De_Autopartes/AplicacionesWeb/vendor/laravel/framework/src/Illuminate/Console/Command.php(181): Symfony\\Component\\Console\\Command\\Command->run()
#38 /home/franco/Venta_De_Autopartes/AplicacionesWeb/vendor/symfony/console/Application.php(1096): Illuminate\\Console\\Command->run()
#39 /home/franco/Venta_De_Autopartes/AplicacionesWeb/vendor/symfony/console/Application.php(324): Symfony\\Component\\Console\\Application->doRunCommand()
#40 /home/franco/Venta_De_Autopartes/AplicacionesWeb/vendor/symfony/console/Application.php(175): Symfony\\Component\\Console\\Application->doRun()
#41 /home/franco/Venta_De_Autopartes/AplicacionesWeb/vendor/laravel/framework/src/Illuminate/Foundation/Console/Kernel.php(201): Symfony\\Component\\Console\\Application->run()
#42 /home/franco/Venta_De_Autopartes/AplicacionesWeb/artisan(37): Illuminate\\Foundation\\Console\\Kernel->handle()
#43 {main}

[previous exception] [object] (PDOException(code: 42P01): SQLSTATE[42P01]: Undefined table: 7 ERROR:  relation \"autoparts\" does not exist at /home/franco/Venta_De_Autopartes/AplicacionesWeb/vendor/laravel/framework/src/Illuminate/Database/Connection.php:587)
[stacktrace]
#0 /home/franco/Venta_De_Autopartes/AplicacionesWeb/vendor/laravel/framework/src/Illuminate/Database/Connection.php(587): PDOStatement->execute()
#1 /home/franco/Venta_De_Autopartes/AplicacionesWeb/vendor/laravel/framework/src/Illuminate/Database/Connection.php(816): Illuminate\\Database\\Connection->Illuminate\\Database\\{closure}()
#2 /home/franco/Venta_De_Autopartes/AplicacionesWeb/vendor/laravel/framework/src/Illuminate/Database/Connection.php(783): Illuminate\\Database\\Connection->runQueryCallback()
#3 /home/franco/Venta_De_Autopartes/AplicacionesWeb/vendor/laravel/framework/src/Illuminate/Database/Connection.php(588): Illuminate\\Database\\Connection->run()
#4 /home/franco/Venta_De_Autopartes/AplicacionesWeb/vendor/laravel/framework/src/Illuminate/Database/Schema/Blueprint.php(110): Illuminate\\Database\\Connection->statement()
#5 /home/franco/Venta_De_Autopartes/AplicacionesWeb/vendor/laravel/framework/src/Illuminate/Database/Schema/Builder.php(602): Illuminate\\Database\\Schema\\Blueprint->build()
#6 /home/franco/Venta_De_Autopartes/AplicacionesWeb/vendor/laravel/framework/src/Illuminate/Database/Schema/Builder.php(460): Illuminate\\Database\\Schema\\Builder->build()
#7 /home/franco/Venta_De_Autopartes/AplicacionesWeb/vendor/laravel/framework/src/Illuminate/Support/Facades/Facade.php(355): Illuminate\\Database\\Schema\\Builder->create()
#8 /home/franco/Venta_De_Autopartes/AplicacionesWeb/database/migrations/2024_06_06_204537_create_carrito_table.php(21): Illuminate\\Support\\Facades\\Facade::__callStatic()
#9 /home/franco/Venta_De_Autopartes/AplicacionesWeb/vendor/laravel/framework/src/Illuminate/Database/Migrations/Migrator.php(493): CreateCarritoTable->up()
#10 /home/franco/Venta_De_Autopartes/AplicacionesWeb/vendor/laravel/framework/src/Illuminate/Database/Migrations/Migrator.php(410): Illuminate\\Database\\Migrations\\Migrator->runMethod()
#11 /home/franco/Venta_De_Autopartes/AplicacionesWeb/vendor/laravel/framework/src/Illuminate/Database/Migrations/Migrator.php(419): Illuminate\\Database\\Migrations\\Migrator->Illuminate\\Database\\Migrations\\{closure}()
#12 /home/franco/Venta_De_Autopartes/AplicacionesWeb/vendor/laravel/framework/src/Illuminate/Database/Migrations/Migrator.php(216): Illuminate\\Database\\Migrations\\Migrator->runMigration()
#13 /home/franco/Venta_De_Autopartes/AplicacionesWeb/vendor/laravel/framework/src/Illuminate/Console/View/Components/Task.php(37): Illuminate\\Database\\Migrations\\Migrator->Illuminate\\Database\\Migrations\\{closure}()
#14 /home/franco/Venta_De_Autopartes/AplicacionesWeb/vendor/laravel/framework/src/Illuminate/Database/Migrations/Migrator.php(756): Illuminate\\Console\\View\\Components\\Task->render()
#15 /home/franco/Venta_De_Autopartes/AplicacionesWeb/vendor/laravel/framework/src/Illuminate/Database/Migrations/Migrator.php(216): Illuminate\\Database\\Migrations\\Migrator->write()
#16 /home/franco/Venta_De_Autopartes/AplicacionesWeb/vendor/laravel/framework/src/Illuminate/Database/Migrations/Migrator.php(181): Illuminate\\Database\\Migrations\\Migrator->runUp()
#17 /home/franco/Venta_De_Autopartes/AplicacionesWeb/vendor/laravel/framework/src/Illuminate/Database/Migrations/Migrator.php(124): Illuminate\\Database\\Migrations\\Migrator->runPending()
#18 /home/franco/Venta_De_Autopartes/AplicacionesWeb/vendor/laravel/framework/src/Illuminate/Database/Console/Migrations/MigrateCommand.php(92): Illuminate\\Database\\Migrations\\Migrator->run()
#19 /home/franco/Venta_De_Autopartes/AplicacionesWeb/vendor/laravel/framework/src/Illuminate/Database/Migrations/Migrator.php(633): Illuminate\\Database\\Console\\Migrations\\MigrateCommand->Illuminate\\Database\\Console\\Migrations\\{closure}()
#20 /home/franco/Venta_De_Autopartes/AplicacionesWeb/vendor/laravel/framework/src/Illuminate/Database/Console/Migrations/MigrateCommand.php(104): Illuminate\\Database\\Migrations\\Migrator->usingConnection()
#21 /home/franco/Venta_De_Autopartes/AplicacionesWeb/vendor/laravel/framework/src/Illuminate/Container/BoundMethod.php(36): Illuminate\\Database\\Console\\Migrations\\MigrateCommand->handle()
#22 /home/franco/Venta_De_Autopartes/AplicacionesWeb/vendor/laravel/framework/src/Illuminate/Container/Util.php(41): Illuminate\\Container\\BoundMethod::Illuminate\\Container\\{closure}()
#23 /home/franco/Venta_De_Autopartes/AplicacionesWeb/vendor/laravel/framework/src/Illuminate/Container/BoundMethod.php(93): Illuminate\\Container\\Util::unwrapIfClosure()
#24 /home/franco/Venta_De_Autopartes/AplicacionesWeb/vendor/laravel/framework/src/Illuminate/Container/BoundMethod.php(37): Illuminate\\Container\\BoundMethod::callBoundMethod()
#25 /home/franco/Venta_De_Autopartes/AplicacionesWeb/vendor/laravel/framework/src/Illuminate/Container/Container.php(662): Illuminate\\Container\\BoundMethod::call()
#26 /home/franco/Venta_De_Autopartes/AplicacionesWeb/vendor/laravel/framework/src/Illuminate/Console/Command.php(211): Illuminate\\Container\\Container->call()
#27 /home/franco/Venta_De_Autopartes/AplicacionesWeb/vendor/symfony/console/Command/Command.php(326): Illuminate\\Console\\Command->execute()
#28 /home/franco/Venta_De_Autopartes/AplicacionesWeb/vendor/laravel/framework/src/Illuminate/Console/Command.php(181): Symfony\\Component\\Console\\Command\\Command->run()
#29 /home/franco/Venta_De_Autopartes/AplicacionesWeb/vendor/laravel/framework/src/Illuminate/Console/Concerns/CallsCommands.php(68): Illuminate\\Console\\Command->run()
#30 /home/franco/Venta_De_Autopartes/AplicacionesWeb/vendor/laravel/framework/src/Illuminate/Console/Concerns/CallsCommands.php(28): Illuminate\\Console\\Command->runCommand()
#31 /home/franco/Venta_De_Autopartes/AplicacionesWeb/vendor/laravel/framework/src/Illuminate/Database/Console/Migrations/FreshCommand.php(59): Illuminate\\Console\\Command->call()
#32 /home/franco/Venta_De_Autopartes/AplicacionesWeb/vendor/laravel/framework/src/Illuminate/Container/BoundMethod.php(36): Illuminate\\Database\\Console\\Migrations\\FreshCommand->handle()
#33 /home/franco/Venta_De_Autopartes/AplicacionesWeb/vendor/laravel/framework/src/Illuminate/Container/Util.php(41): Illuminate\\Container\\BoundMethod::Illuminate\\Container\\{closure}()
#34 /home/franco/Venta_De_Autopartes/AplicacionesWeb/vendor/laravel/framework/src/Illuminate/Container/BoundMethod.php(93): Illuminate\\Container\\Util::unwrapIfClosure()
#35 /home/franco/Venta_De_Autopartes/AplicacionesWeb/vendor/laravel/framework/src/Illuminate/Container/BoundMethod.php(37): Illuminate\\Container\\BoundMethod::callBoundMethod()
#36 /home/franco/Venta_De_Autopartes/AplicacionesWeb/vendor/laravel/framework/src/Illuminate/Container/Container.php(662): Illuminate\\Container\\BoundMethod::call()
#37 /home/franco/Venta_De_Autopartes/AplicacionesWeb/vendor/laravel/framework/src/Illuminate/Console/Command.php(211): Illuminate\\Container\\Container->call()
#38 /home/franco/Venta_De_Autopartes/AplicacionesWeb/vendor/symfony/console/Command/Command.php(326): Illuminate\\Console\\Command->execute()
#39 /home/franco/Venta_De_Autopartes/AplicacionesWeb/vendor/laravel/framework/src/Illuminate/Console/Command.php(181): Symfony\\Component\\Console\\Command\\Command->run()
#40 /home/franco/Venta_De_Autopartes/AplicacionesWeb/vendor/symfony/console/Application.php(1096): Illuminate\\Console\\Command->run()
#41 /home/franco/Venta_De_Autopartes/AplicacionesWeb/vendor/symfony/console/Application.php(324): Symfony\\Component\\Console\\Application->doRunCommand()
#42 /home/franco/Venta_De_Autopartes/AplicacionesWeb/vendor/symfony/console/Application.php(175): Symfony\\Component\\Console\\Application->doRun()
#43 /home/franco/Venta_De_Autopartes/AplicacionesWeb/vendor/laravel/framework/src/Illuminate/Foundation/Console/Kernel.php(201): Symfony\\Component\\Console\\Application->run()
#44 /home/franco/Venta_De_Autopartes/AplicacionesWeb/artisan(37): Illuminate\\Foundation\\Console\\Kernel->handle()
#45 {main}
"} 
[2026-03-17 22:11:39] local.ERROR: SQLSTATE[42P01]: Undefined table: 7 ERROR:  relation "autoparts" does not exist (Connection: pgsql, SQL: alter table "carrito" add constraint "carrito_autopart_id_foreign" foreign key ("autopart_id") references "autoparts" ("id") on delete cascade) {"exception":"[object] (Illuminate\\Database\\QueryException(code: 42P01): SQLSTATE[42P01]: Undefined table: 7 ERROR:  relation \"autoparts\" does not exist (Connection: pgsql, SQL: alter table \"carrito\" add constraint \"carrito_autopart_id_foreign\" foreign key (\"autopart_id\") references \"autoparts\" (\"id\") on delete cascade) at /home/franco/Venta_De_Autopartes/AplicacionesWeb/vendor/laravel/framework/src/Illuminate/Database/Connection.php:829)
[stacktrace]
#0 /home/franco/Venta_De_Autopartes/AplicacionesWeb/vendor/laravel/framework/src/Illuminate/Database/Connection.php(783): Illuminate\\Database\\Connection->runQueryCallback()
#1 /home/franco/Venta_De_Autopartes/AplicacionesWeb/vendor/laravel/framework/src/Illuminate/Database/Connection.php(588): Illuminate\\Database\\Connection->run()
#2 /home/franco/Venta_De_Autopartes/AplicacionesWeb/vendor/laravel/framework/src/Illuminate/Database/Schema/Blueprint.php(110): Illuminate\\Database\\Connection->statement()
#3 /home/franco/Venta_De_Autopartes/AplicacionesWeb/vendor/laravel/framework/src/Illuminate/Database/Schema/Builder.php(602): Illuminate\\Database\\Schema\\Blueprint->build()
#4 /home/franco/Venta_De_Autopartes/AplicacionesWeb/vendor/laravel/framework/src/Illuminate/Database/Schema/Builder.php(460): Illuminate\\Database\\Schema\\Builder->build()
#5 /home/franco/Venta_De_Autopartes/AplicacionesWeb/vendor/laravel/framework/src/Illuminate/Support/Facades/Facade.php(355): Illuminate\\Database\\Schema\\Builder->create()
#6 /home/franco/Venta_De_Autopartes/AplicacionesWeb/database/migrations/2024_06_06_204537_create_carrito_table.php(21): Illuminate\\Support\\Facades\\Facade::__callStatic()
#7 /home/franco/Venta_De_Autopartes/AplicacionesWeb/vendor/laravel/framework/src/Illuminate/Database/Migrations/Migrator.php(493): CreateCarritoTable->up()
#8 /home/franco/Venta_De_Autopartes/AplicacionesWeb/vendor/laravel/framework/src/Illuminate/Database/Migrations/Migrator.php(410): Illuminate\\Database\\Migrations\\Migrator->runMethod()
#9 /home/franco/Venta_De_Autopartes/AplicacionesWeb/vendor/laravel/framework/src/Illuminate/Database/Migrations/Migrator.php(419): Illuminate\\Database\\Migrations\\Migrator->Illuminate\\Database\\Migrations\\{closure}()
#10 /home/franco/Venta_De_Autopartes/AplicacionesWeb/vendor/laravel/framework/src/Illuminate/Database/Migrations/Migrator.php(216): Illuminate\\Database\\Migrations\\Migrator->runMigration()
#11 /home/franco/Venta_De_Autopartes/AplicacionesWeb/vendor/laravel/framework/src/Illuminate/Console/View/Components/Task.php(37): Illuminate\\Database\\Migrations\\Migrator->Illuminate\\Database\\Migrations\\{closure}()
#12 /home/franco/Venta_De_Autopartes/AplicacionesWeb/vendor/laravel/framework/src/Illuminate/Database/Migrations/Migrator.php(756): Illuminate\\Console\\View\\Components\\Task->render()
#13 /home/franco/Venta_De_Autopartes/AplicacionesWeb/vendor/laravel/framework/src/Illuminate/Database/Migrations/Migrator.php(216): Illuminate\\Database\\Migrations\\Migrator->write()
#14 /home/franco/Venta_De_Autopartes/AplicacionesWeb/vendor/laravel/framework/src/Illuminate/Database/Migrations/Migrator.php(181): Illuminate\\Database\\Migrations\\Migrator->runUp()
#15 /home/franco/Venta_De_Autopartes/AplicacionesWeb/vendor/laravel/framework/src/Illuminate/Database/Migrations/Migrator.php(124): Illuminate\\Database\\Migrations\\Migrator->runPending()
#16 /home/franco/Venta_De_Autopartes/AplicacionesWeb/vendor/laravel/framework/src/Illuminate/Database/Console/Migrations/MigrateCommand.php(92): Illuminate\\Database\\Migrations\\Migrator->run()
#17 /home/franco/Venta_De_Autopartes/AplicacionesWeb/vendor/laravel/framework/src/Illuminate/Database/Migrations/Migrator.php(633): Illuminate\\Database\\Console\\Migrations\\MigrateCommand->Illuminate\\Database\\Console\\Migrations\\{closure}()
#18 /home/franco/Venta_De_Autopartes/AplicacionesWeb/vendor/laravel/framework/src/Illuminate/Database/Console/Migrations/MigrateCommand.php(104): Illuminate\\Database\\Migrations\\Migrator->usingConnection()
#19 /home/franco/Venta_De_Autopartes/AplicacionesWeb/vendor/laravel/framework/src/Illuminate/Container/BoundMethod.php(36): Illuminate\\Database\\Console\\Migrations\\MigrateCommand->handle()
#20 /home/franco/Venta_De_Autopartes/AplicacionesWeb/vendor/laravel/framework/src/Illuminate/Container/Util.php(41): Illuminate\\Container\\BoundMethod::Illuminate\\Container\\{closure}()
#21 /home/franco/Venta_De_Autopartes/AplicacionesWeb/vendor/laravel/framework/src/Illuminate/Container/BoundMethod.php(93): Illuminate\\Container\\Util::unwrapIfClosure()
#22 /home/franco/Venta_De_Autopartes/AplicacionesWeb/vendor/laravel/framework/src/Illuminate/Container/BoundMethod.php(37): Illuminate\\Container\\BoundMethod::callBoundMethod()
#23 /home/franco/Venta_De_Autopartes/AplicacionesWeb/vendor/laravel/framework/src/Illuminate/Container/Container.php(662): Illuminate\\Container\\BoundMethod::call()
#24 /home/franco/Venta_De_Autopartes/AplicacionesWeb/vendor/laravel/framework/src/Illuminate/Console/Command.php(211): Illuminate\\Container\\Container->call()
#25 /home/franco/Venta_De_Autopartes/AplicacionesWeb/vendor/symfony/console/Command/Command.php(326): Illuminate\\Console\\Command->execute()
#26 /home/franco/Venta_De_Autopartes/AplicacionesWeb/vendor/laravel/framework/src/Illuminate/Console/Command.php(181): Symfony\\Component\\Console\\Command\\Command->run()
#27 /home/franco/Venta_De_Autopartes/AplicacionesWeb/vendor/laravel/framework/src/Illuminate/Console/Concerns/CallsCommands.php(68): Illuminate\\Console\\Command->run()
#28 /home/franco/Venta_De_Autopartes/AplicacionesWeb/vendor/laravel/framework/src/Illuminate/Console/Concerns/CallsCommands.php(28): Illuminate\\Console\\Command->runCommand()
#29 /home/franco/Venta_De_Autopartes/AplicacionesWeb/vendor/laravel/framework/src/Illuminate/Database/Console/Migrations/FreshCommand.php(59): Illuminate\\Console\\Command->call()
#30 /home/franco/Venta_De_Autopartes/AplicacionesWeb/vendor/laravel/framework/src/Illuminate/Container/BoundMethod.php(36): Illuminate\\Database\\Console\\Migrations\\FreshCommand->handle()
#31 /home/franco/Venta_De_Autopartes/AplicacionesWeb/vendor/laravel/framework/src/Illuminate/Container/Util.php(41): Illuminate\\Container\\BoundMethod::Illuminate\\Container\\{closure}()
#32 /home/franco/Venta_De_Autopartes/AplicacionesWeb/vendor/laravel/framework/src/Illuminate/Container/BoundMethod.php(93): Illuminate\\Container\\Util::unwrapIfClosure()
#33 /home/franco/Venta_De_Autopartes/AplicacionesWeb/vendor/laravel/framework/src/Illuminate/Container/BoundMethod.php(37): Illuminate\\Container\\BoundMethod::callBoundMethod()
#34 /home/franco/Venta_De_Autopartes/AplicacionesWeb/vendor/laravel/framework/src/Illuminate/Container/Container.php(662): Illuminate\\Container\\BoundMethod::call()
#35 /home/franco/Venta_De_Autopartes/AplicacionesWeb/vendor/laravel/framework/src/Illuminate/Console/Command.php(211): Illuminate\\Container\\Container->call()
#36 /home/franco/Venta_De_Autopartes/AplicacionesWeb/vendor/symfony/console/Command/Command.php(326): Illuminate\\Console\\Command->execute()
#37 /home/franco/Venta_De_Autopartes/AplicacionesWeb/vendor/laravel/framework/src/Illuminate/Console/Command.php(181): Symfony\\Component\\Console\\Command\\Command->run()
#38 /home/franco/Venta_De_Autopartes/AplicacionesWeb/vendor/symfony/console/Application.php(1096): Illuminate\\Console\\Command->run()
#39 /home/franco/Venta_De_Autopartes/AplicacionesWeb/vendor/symfony/console/Application.php(324): Symfony\\Component\\Console\\Application->doRunCommand()
#40 /home/franco/Venta_De_Autopartes/AplicacionesWeb/vendor/symfony/console/Application.php(175): Symfony\\Component\\Console\\Application->doRun()
#41 /home/franco/Venta_De_Autopartes/AplicacionesWeb/vendor/laravel/framework/src/Illuminate/Foundation/Console/Kernel.php(201): Symfony\\Component\\Console\\Application->run()
#42 /home/franco/Venta_De_Autopartes/AplicacionesWeb/artisan(37): Illuminate\\Foundation\\Console\\Kernel->handle()
#43 {main}

[previous exception] [object] (PDOException(code: 42P01): SQLSTATE[42P01]: Undefined table: 7 ERROR:  relation \"autoparts\" does not exist at /home/franco/Venta_De_Autopartes/AplicacionesWeb/vendor/laravel/framework/src/Illuminate/Database/Connection.php:587)
[stacktrace]
#0 /home/franco/Venta_De_Autopartes/AplicacionesWeb/vendor/laravel/framework/src/Illuminate/Database/Connection.php(587): PDOStatement->execute()
#1 /home/franco/Venta_De_Autopartes/AplicacionesWeb/vendor/laravel/framework/src/Illuminate/Database/Connection.php(816): Illuminate\\Database\\Connection->Illuminate\\Database\\{closure}()
#2 /home/franco/Venta_De_Autopartes/AplicacionesWeb/vendor/laravel/framework/src/Illuminate/Database/Connection.php(783): Illuminate\\Database\\Connection->runQueryCallback()
#3 /home/franco/Venta_De_Autopartes/AplicacionesWeb/vendor/laravel/framework/src/Illuminate/Database/Connection.php(588): Illuminate\\Database\\Connection->run()
#4 /home/franco/Venta_De_Autopartes/AplicacionesWeb/vendor/laravel/framework/src/Illuminate/Database/Schema/Blueprint.php(110): Illuminate\\Database\\Connection->statement()
#5 /home/franco/Venta_De_Autopartes/AplicacionesWeb/vendor/laravel/framework/src/Illuminate/Database/Schema/Builder.php(602): Illuminate\\Database\\Schema\\Blueprint->build()
#6 /home/franco/Venta_De_Autopartes/AplicacionesWeb/vendor/laravel/framework/src/Illuminate/Database/Schema/Builder.php(460): Illuminate\\Database\\Schema\\Builder->build()
#7 /home/franco/Venta_De_Autopartes/AplicacionesWeb/vendor/laravel/framework/src/Illuminate/Support/Facades/Facade.php(355): Illuminate\\Database\\Schema\\Builder->create()
#8 /home/franco/Venta_De_Autopartes/AplicacionesWeb/database/migrations/2024_06_06_204537_create_carrito_table.php(21): Illuminate\\Support\\Facades\\Facade::__callStatic()
#9 /home/franco/Venta_De_Autopartes/AplicacionesWeb/vendor/laravel/framework/src/Illuminate/Database/Migrations/Migrator.php(493): CreateCarritoTable->up()
#10 /home/franco/Venta_De_Autopartes/AplicacionesWeb/vendor/laravel/framework/src/Illuminate/Database/Migrations/Migrator.php(410): Illuminate\\Database\\Migrations\\Migrator->runMethod()
#11 /home/franco/Venta_De_Autopartes/AplicacionesWeb/vendor/laravel/framework/src/Illuminate/Database/Migrations/Migrator.php(419): Illuminate\\Database\\Migrations\\Migrator->Illuminate\\Database\\Migrations\\{closure}()
#12 /home/franco/Venta_De_Autopartes/AplicacionesWeb/vendor/laravel/framework/src/Illuminate/Database/Migrations/Migrator.php(216): Illuminate\\Database\\Migrations\\Migrator->runMigration()
#13 /home/franco/Venta_De_Autopartes/AplicacionesWeb/vendor/laravel/framework/src/Illuminate/Console/View/Components/Task.php(37): Illuminate\\Database\\Migrations\\Migrator->Illuminate\\Database\\Migrations\\{closure}()
#14 /home/franco/Venta_De_Autopartes/AplicacionesWeb/vendor/laravel/framework/src/Illuminate/Database/Migrations/Migrator.php(756): Illuminate\\Console\\View\\Components\\Task->render()
#15 /home/franco/Venta_De_Autopartes/AplicacionesWeb/vendor/laravel/framework/src/Illuminate/Database/Migrations/Migrator.php(216): Illuminate\\Database\\Migrations\\Migrator->write()
#16 /home/franco/Venta_De_Autopartes/AplicacionesWeb/vendor/laravel/framework/src/Illuminate/Database/Migrations/Migrator.php(181): Illuminate\\Database\\Migrations\\Migrator->runUp()
#17 /home/franco/Venta_De_Autopartes/AplicacionesWeb/vendor/laravel/framework/src/Illuminate/Database/Migrations/Migrator.php(124): Illuminate\\Database\\Migrations\\Migrator->runPending()
#18 /home/franco/Venta_De_Autopartes/AplicacionesWeb/vendor/laravel/framework/src/Illuminate/Database/Console/Migrations/MigrateCommand.php(92): Illuminate\\Database\\Migrations\\Migrator->run()
#19 /home/franco/Venta_De_Autopartes/AplicacionesWeb/vendor/laravel/framework/src/Illuminate/Database/Migrations/Migrator.php(633): Illuminate\\Database\\Console\\Migrations\\MigrateCommand->Illuminate\\Database\\Console\\Migrations\\{closure}()
#20 /home/franco/Venta_De_Autopartes/AplicacionesWeb/vendor/laravel/framework/src/Illuminate/Database/Console/Migrations/MigrateCommand.php(104): Illuminate\\Database\\Migrations\\Migrator->usingConnection()
#21 /home/franco/Venta_De_Autopartes/AplicacionesWeb/vendor/laravel/framework/src/Illuminate/Container/BoundMethod.php(36): Illuminate\\Database\\Console\\Migrations\\MigrateCommand->handle()
#22 /home/franco/Venta_De_Autopartes/AplicacionesWeb/vendor/laravel/framework/src/Illuminate/Container/Util.php(41): Illuminate\\Container\\BoundMethod::Illuminate\\Container\\{closure}()
#23 /home/franco/Venta_De_Autopartes/AplicacionesWeb/vendor/laravel/framework/src/Illuminate/Container/BoundMethod.php(93): Illuminate\\Container\\Util::unwrapIfClosure()
#24 /home/franco/Venta_De_Autopartes/AplicacionesWeb/vendor/laravel/framework/src/Illuminate/Container/BoundMethod.php(37): Illuminate\\Container\\BoundMethod::callBoundMethod()
#25 /home/franco/Venta_De_Autopartes/AplicacionesWeb/vendor/laravel/framework/src/Illuminate/Container/Container.php(662): Illuminate\\Container\\BoundMethod::call()
#26 /home/franco/Venta_De_Autopartes/AplicacionesWeb/vendor/laravel/framework/src/Illuminate/Console/Command.php(211): Illuminate\\Container\\Container->call()
#27 /home/franco/Venta_De_Autopartes/AplicacionesWeb/vendor/symfony/console/Command/Command.php(326): Illuminate\\Console\\Command->execute()
#28 /home/franco/Venta_De_Autopartes/AplicacionesWeb/vendor/laravel/framework/src/Illuminate/Console/Command.php(181): Symfony\\Component\\Console\\Command\\Command->run()
#29 /home/franco/Venta_De_Autopartes/AplicacionesWeb/vendor/laravel/framework/src/Illuminate/Console/Concerns/CallsCommands.php(68): Illuminate\\Console\\Command->run()
#30 /home/franco/Venta_De_Autopartes/AplicacionesWeb/vendor/laravel/framework/src/Illuminate/Console/Concerns/CallsCommands.php(28): Illuminate\\Console\\Command->runCommand()
#31 /home/franco/Venta_De_Autopartes/AplicacionesWeb/vendor/laravel/framework/src/Illuminate/Database/Console/Migrations/FreshCommand.php(59): Illuminate\\Console\\Command->call()
#32 /home/franco/Venta_De_Autopartes/AplicacionesWeb/vendor/laravel/framework/src/Illuminate/Container/BoundMethod.php(36): Illuminate\\Database\\Console\\Migrations\\FreshCommand->handle()
#33 /home/franco/Venta_De_Autopartes/AplicacionesWeb/vendor/laravel/framework/src/Illuminate/Container/Util.php(41): Illuminate\\Container\\BoundMethod::Illuminate\\Container\\{closure}()
#34 /home/franco/Venta_De_Autopartes/AplicacionesWeb/vendor/laravel/framework/src/Illuminate/Container/BoundMethod.php(93): Illuminate\\Container\\Util::unwrapIfClosure()
#35 /home/franco/Venta_De_Autopartes/AplicacionesWeb/vendor/laravel/framework/src/Illuminate/Container/BoundMethod.php(37): Illuminate\\Container\\BoundMethod::callBoundMethod()
#36 /home/franco/Venta_De_Autopartes/AplicacionesWeb/vendor/laravel/framework/src/Illuminate/Container/Container.php(662): Illuminate\\Container\\BoundMethod::call()
#37 /home/franco/Venta_De_Autopartes/AplicacionesWeb/vendor/laravel/framework/src/Illuminate/Console/Command.php(211): Illuminate\\Container\\Container->call()
#38 /home/franco/Venta_De_Autopartes/AplicacionesWeb/vendor/symfony/console/Command/Command.php(326): Illuminate\\Console\\Command->execute()
#39 /home/franco/Venta_De_Autopartes/AplicacionesWeb/vendor/laravel/framework/src/Illuminate/Console/Command.php(181): Symfony\\Component\\Console\\Command\\Command->run()
#40 /home/franco/Venta_De_Autopartes/AplicacionesWeb/vendor/symfony/console/Application.php(1096): Illuminate\\Console\\Command->run()
#41 /home/franco/Venta_De_Autopartes/AplicacionesWeb/vendor/symfony/console/Application.php(324): Symfony\\Component\\Console\\Application->doRunCommand()
#42 /home/franco/Venta_De_Autopartes/AplicacionesWeb/vendor/symfony/console/Application.php(175): Symfony\\Component\\Console\\Application->doRun()
#43 /home/franco/Venta_De_Autopartes/AplicacionesWeb/vendor/laravel/framework/src/Illuminate/Foundation/Console/Kernel.php(201): Symfony\\Component\\Console\\Application->run()
#44 /home/franco/Venta_De_Autopartes/AplicacionesWeb/artisan(37): Illuminate\\Foundation\\Console\\Kernel->handle()
#45 {main}
"} 
[2026-03-17 22:12:23] local.ERROR: SQLSTATE[42P01]: Undefined table: 7 ERROR:  relation "autopart" does not exist (Connection: pgsql, SQL: alter table "carrito" add constraint "carrito_autopart_id_foreign" foreign key ("autopart_id") references "autopart" ("id") on delete cascade) {"exception":"[object] (Illuminate\\Database\\QueryException(code: 42P01): SQLSTATE[42P01]: Undefined table: 7 ERROR:  relation \"autopart\" does not exist (Connection: pgsql, SQL: alter table \"carrito\" add constraint \"carrito_autopart_id_foreign\" foreign key (\"autopart_id\") references \"autopart\" (\"id\") on delete cascade) at /home/franco/Venta_De_Autopartes/AplicacionesWeb/vendor/laravel/framework/src/Illuminate/Database/Connection.php:829)
[stacktrace]
#0 /home/franco/Venta_De_Autopartes/AplicacionesWeb/vendor/laravel/framework/src/Illuminate/Database/Connection.php(783): Illuminate\\Database\\Connection->runQueryCallback()
#1 /home/franco/Venta_De_Autopartes/AplicacionesWeb/vendor/laravel/framework/src/Illuminate/Database/Connection.php(588): Illuminate\\Database\\Connection->run()
#2 /home/franco/Venta_De_Autopartes/AplicacionesWeb/vendor/laravel/framework/src/Illuminate/Database/Schema/Blueprint.php(110): Illuminate\\Database\\Connection->statement()
#3 /home/franco/Venta_De_Autopartes/AplicacionesWeb/vendor/laravel/framework/src/Illuminate/Database/Schema/Builder.php(602): Illuminate\\Database\\Schema\\Blueprint->build()
#4 /home/franco/Venta_De_Autopartes/AplicacionesWeb/vendor/laravel/framework/src/Illuminate/Database/Schema/Builder.php(460): Illuminate\\Database\\Schema\\Builder->build()
#5 /home/franco/Venta_De_Autopartes/AplicacionesWeb/vendor/laravel/framework/src/Illuminate/Support/Facades/Facade.php(355): Illuminate\\Database\\Schema\\Builder->create()
#6 /home/franco/Venta_De_Autopartes/AplicacionesWeb/database/migrations/2024_06_06_204537_create_carrito_table.php(21): Illuminate\\Support\\Facades\\Facade::__callStatic()
#7 /home/franco/Venta_De_Autopartes/AplicacionesWeb/vendor/laravel/framework/src/Illuminate/Database/Migrations/Migrator.php(493): CreateCarritoTable->up()
#8 /home/franco/Venta_De_Autopartes/AplicacionesWeb/vendor/laravel/framework/src/Illuminate/Database/Migrations/Migrator.php(410): Illuminate\\Database\\Migrations\\Migrator->runMethod()
#9 /home/franco/Venta_De_Autopartes/AplicacionesWeb/vendor/laravel/framework/src/Illuminate/Database/Migrations/Migrator.php(419): Illuminate\\Database\\Migrations\\Migrator->Illuminate\\Database\\Migrations\\{closure}()
#10 /home/franco/Venta_De_Autopartes/AplicacionesWeb/vendor/laravel/framework/src/Illuminate/Database/Migrations/Migrator.php(216): Illuminate\\Database\\Migrations\\Migrator->runMigration()
#11 /home/franco/Venta_De_Autopartes/AplicacionesWeb/vendor/laravel/framework/src/Illuminate/Console/View/Components/Task.php(37): Illuminate\\Database\\Migrations\\Migrator->Illuminate\\Database\\Migrations\\{closure}()
#12 /home/franco/Venta_De_Autopartes/AplicacionesWeb/vendor/laravel/framework/src/Illuminate/Database/Migrations/Migrator.php(756): Illuminate\\Console\\View\\Components\\Task->render()
#13 /home/franco/Venta_De_Autopartes/AplicacionesWeb/vendor/laravel/framework/src/Illuminate/Database/Migrations/Migrator.php(216): Illuminate\\Database\\Migrations\\Migrator->write()
#14 /home/franco/Venta_De_Autopartes/AplicacionesWeb/vendor/laravel/framework/src/Illuminate/Database/Migrations/Migrator.php(181): Illuminate\\Database\\Migrations\\Migrator->runUp()
#15 /home/franco/Venta_De_Autopartes/AplicacionesWeb/vendor/laravel/framework/src/Illuminate/Database/Migrations/Migrator.php(124): Illuminate\\Database\\Migrations\\Migrator->runPending()
#16 /home/franco/Venta_De_Autopartes/AplicacionesWeb/vendor/laravel/framework/src/Illuminate/Database/Console/Migrations/MigrateCommand.php(92): Illuminate\\Database\\Migrations\\Migrator->run()
#17 /home/franco/Venta_De_Autopartes/AplicacionesWeb/vendor/laravel/framework/src/Illuminate/Database/Migrations/Migrator.php(633): Illuminate\\Database\\Console\\Migrations\\MigrateCommand->Illuminate\\Database\\Console\\Migrations\\{closure}()
#18 /home/franco/Venta_De_Autopartes/AplicacionesWeb/vendor/laravel/framework/src/Illuminate/Database/Console/Migrations/MigrateCommand.php(104): Illuminate\\Database\\Migrations\\Migrator->usingConnection()
#19 /home/franco/Venta_De_Autopartes/AplicacionesWeb/vendor/laravel/framework/src/Illuminate/Container/BoundMethod.php(36): Illuminate\\Database\\Console\\Migrations\\MigrateCommand->handle()
#20 /home/franco/Venta_De_Autopartes/AplicacionesWeb/vendor/laravel/framework/src/Illuminate/Container/Util.php(41): Illuminate\\Container\\BoundMethod::Illuminate\\Container\\{closure}()
#21 /home/franco/Venta_De_Autopartes/AplicacionesWeb/vendor/laravel/framework/src/Illuminate/Container/BoundMethod.php(93): Illuminate\\Container\\Util::unwrapIfClosure()
#22 /home/franco/Venta_De_Autopartes/AplicacionesWeb/vendor/laravel/framework/src/Illuminate/Container/BoundMethod.php(37): Illuminate\\Container\\BoundMethod::callBoundMethod()
#23 /home/franco/Venta_De_Autopartes/AplicacionesWeb/vendor/laravel/framework/src/Illuminate/Container/Container.php(662): Illuminate\\Container\\BoundMethod::call()
#24 /home/franco/Venta_De_Autopartes/AplicacionesWeb/vendor/laravel/framework/src/Illuminate/Console/Command.php(211): Illuminate\\Container\\Container->call()
#25 /home/franco/Venta_De_Autopartes/AplicacionesWeb/vendor/symfony/console/Command/Command.php(326): Illuminate\\Console\\Command->execute()
#26 /home/franco/Venta_De_Autopartes/AplicacionesWeb/vendor/laravel/framework/src/Illuminate/Console/Command.php(181): Symfony\\Component\\Console\\Command\\Command->run()
#27 /home/franco/Venta_De_Autopartes/AplicacionesWeb/vendor/laravel/framework/src/Illuminate/Console/Concerns/CallsCommands.php(68): Illuminate\\Console\\Command->run()
#28 /home/franco/Venta_De_Autopartes/AplicacionesWeb/vendor/laravel/framework/src/Illuminate/Console/Concerns/CallsCommands.php(28): Illuminate\\Console\\Command->runCommand()
#29 /home/franco/Venta_De_Autopartes/AplicacionesWeb/vendor/laravel/framework/src/Illuminate/Database/Console/Migrations/FreshCommand.php(59): Illuminate\\Console\\Command->call()
#30 /home/franco/Venta_De_Autopartes/AplicacionesWeb/vendor/laravel/framework/src/Illuminate/Container/BoundMethod.php(36): Illuminate\\Database\\Console\\Migrations\\FreshCommand->handle()
#31 /home/franco/Venta_De_Autopartes/AplicacionesWeb/vendor/laravel/framework/src/Illuminate/Container/Util.php(41): Illuminate\\Container\\BoundMethod::Illuminate\\Container\\{closure}()
#32 /home/franco/Venta_De_Autopartes/AplicacionesWeb/vendor/laravel/framework/src/Illuminate/Container/BoundMethod.php(93): Illuminate\\Container\\Util::unwrapIfClosure()
#33 /home/franco/Venta_De_Autopartes/AplicacionesWeb/vendor/laravel/framework/src/Illuminate/Container/BoundMethod.php(37): Illuminate\\Container\\BoundMethod::callBoundMethod()
#34 /home/franco/Venta_De_Autopartes/AplicacionesWeb/vendor/laravel/framework/src/Illuminate/Container/Container.php(662): Illuminate\\Container\\BoundMethod::call()
#35 /home/franco/Venta_De_Autopartes/AplicacionesWeb/vendor/laravel/framework/src/Illuminate/Console/Command.php(211): Illuminate\\Container\\Container->call()
#36 /home/franco/Venta_De_Autopartes/AplicacionesWeb/vendor/symfony/console/Command/Command.php(326): Illuminate\\Console\\Command->execute()
#37 /home/franco/Venta_De_Autopartes/AplicacionesWeb/vendor/laravel/framework/src/Illuminate/Console/Command.php(181): Symfony\\Component\\Console\\Command\\Command->run()
#38 /home/franco/Venta_De_Autopartes/AplicacionesWeb/vendor/symfony/console/Application.php(1096): Illuminate\\Console\\Command->run()
#39 /home/franco/Venta_De_Autopartes/AplicacionesWeb/vendor/symfony/console/Application.php(324): Symfony\\Component\\Console\\Application->doRunCommand()
#40 /home/franco/Venta_De_Autopartes/AplicacionesWeb/vendor/symfony/console/Application.php(175): Symfony\\Component\\Console\\Application->doRun()
#41 /home/franco/Venta_De_Autopartes/AplicacionesWeb/vendor/laravel/framework/src/Illuminate/Foundation/Console/Kernel.php(201): Symfony\\Component\\Console\\Application->run()
#42 /home/franco/Venta_De_Autopartes/AplicacionesWeb/artisan(37): Illuminate\\Foundation\\Console\\Kernel->handle()
#43 {main}

[previous exception] [object] (PDOException(code: 42P01): SQLSTATE[42P01]: Undefined table: 7 ERROR:  relation \"autopart\" does not exist at /home/franco/Venta_De_Autopartes/AplicacionesWeb/vendor/laravel/framework/src/Illuminate/Database/Connection.php:587)
[stacktrace]
#0 /home/franco/Venta_De_Autopartes/AplicacionesWeb/vendor/laravel/framework/src/Illuminate/Database/Connection.php(587): PDOStatement->execute()
#1 /home/franco/Venta_De_Autopartes/AplicacionesWeb/vendor/laravel/framework/src/Illuminate/Database/Connection.php(816): Illuminate\\Database\\Connection->Illuminate\\Database\\{closure}()
#2 /home/franco/Venta_De_Autopartes/AplicacionesWeb/vendor/laravel/framework/src/Illuminate/Database/Connection.php(783): Illuminate\\Database\\Connection->runQueryCallback()
#3 /home/franco/Venta_De_Autopartes/AplicacionesWeb/vendor/laravel/framework/src/Illuminate/Database/Connection.php(588): Illuminate\\Database\\Connection->run()
#4 /home/franco/Venta_De_Autopartes/AplicacionesWeb/vendor/laravel/framework/src/Illuminate/Database/Schema/Blueprint.php(110): Illuminate\\Database\\Connection->statement()
#5 /home/franco/Venta_De_Autopartes/AplicacionesWeb/vendor/laravel/framework/src/Illuminate/Database/Schema/Builder.php(602): Illuminate\\Database\\Schema\\Blueprint->build()
#6 /home/franco/Venta_De_Autopartes/AplicacionesWeb/vendor/laravel/framework/src/Illuminate/Database/Schema/Builder.php(460): Illuminate\\Database\\Schema\\Builder->build()
#7 /home/franco/Venta_De_Autopartes/AplicacionesWeb/vendor/laravel/framework/src/Illuminate/Support/Facades/Facade.php(355): Illuminate\\Database\\Schema\\Builder->create()
#8 /home/franco/Venta_De_Autopartes/AplicacionesWeb/database/migrations/2024_06_06_204537_create_carrito_table.php(21): Illuminate\\Support\\Facades\\Facade::__callStatic()
#9 /home/franco/Venta_De_Autopartes/AplicacionesWeb/vendor/laravel/framework/src/Illuminate/Database/Migrations/Migrator.php(493): CreateCarritoTable->up()
#10 /home/franco/Venta_De_Autopartes/AplicacionesWeb/vendor/laravel/framework/src/Illuminate/Database/Migrations/Migrator.php(410): Illuminate\\Database\\Migrations\\Migrator->runMethod()
#11 /home/franco/Venta_De_Autopartes/AplicacionesWeb/vendor/laravel/framework/src/Illuminate/Database/Migrations/Migrator.php(419): Illuminate\\Database\\Migrations\\Migrator->Illuminate\\Database\\Migrations\\{closure}()
#12 /home/franco/Venta_De_Autopartes/AplicacionesWeb/vendor/laravel/framework/src/Illuminate/Database/Migrations/Migrator.php(216): Illuminate\\Database\\Migrations\\Migrator->runMigration()
#13 /home/franco/Venta_De_Autopartes/AplicacionesWeb/vendor/laravel/framework/src/Illuminate/Console/View/Components/Task.php(37): Illuminate\\Database\\Migrations\\Migrator->Illuminate\\Database\\Migrations\\{closure}()
#14 /home/franco/Venta_De_Autopartes/AplicacionesWeb/vendor/laravel/framework/src/Illuminate/Database/Migrations/Migrator.php(756): Illuminate\\Console\\View\\Components\\Task->render()
#15 /home/franco/Venta_De_Autopartes/AplicacionesWeb/vendor/laravel/framework/src/Illuminate/Database/Migrations/Migrator.php(216): Illuminate\\Database\\Migrations\\Migrator->write()
#16 /home/franco/Venta_De_Autopartes/AplicacionesWeb/vendor/laravel/framework/src/Illuminate/Database/Migrations/Migrator.php(181): Illuminate\\Database\\Migrations\\Migrator->runUp()
#17 /home/franco/Venta_De_Autopartes/AplicacionesWeb/vendor/laravel/framework/src/Illuminate/Database/Migrations/Migrator.php(124): Illuminate\\Database\\Migrations\\Migrator->runPending()
#18 /home/franco/Venta_De_Autopartes/AplicacionesWeb/vendor/laravel/framework/src/Illuminate/Database/Console/Migrations/MigrateCommand.php(92): Illuminate\\Database\\Migrations\\Migrator->run()
#19 /home/franco/Venta_De_Autopartes/AplicacionesWeb/vendor/laravel/framework/src/Illuminate/Database/Migrations/Migrator.php(633): Illuminate\\Database\\Console\\Migrations\\MigrateCommand->Illuminate\\Database\\Console\\Migrations\\{closure}()
#20 /home/franco/Venta_De_Autopartes/AplicacionesWeb/vendor/laravel/framework/src/Illuminate/Database/Console/Migrations/MigrateCommand.php(104): Illuminate\\Database\\Migrations\\Migrator->usingConnection()
#21 /home/franco/Venta_De_Autopartes/AplicacionesWeb/vendor/laravel/framework/src/Illuminate/Container/BoundMethod.php(36): Illuminate\\Database\\Console\\Migrations\\MigrateCommand->handle()
#22 /home/franco/Venta_De_Autopartes/AplicacionesWeb/vendor/laravel/framework/src/Illuminate/Container/Util.php(41): Illuminate\\Container\\BoundMethod::Illuminate\\Container\\{closure}()
#23 /home/franco/Venta_De_Autopartes/AplicacionesWeb/vendor/laravel/framework/src/Illuminate/Container/BoundMethod.php(93): Illuminate\\Container\\Util::unwrapIfClosure()
#24 /home/franco/Venta_De_Autopartes/AplicacionesWeb/vendor/laravel/framework/src/Illuminate/Container/BoundMethod.php(37): Illuminate\\Container\\BoundMethod::callBoundMethod()
#25 /home/franco/Venta_De_Autopartes/AplicacionesWeb/vendor/laravel/framework/src/Illuminate/Container/Container.php(662): Illuminate\\Container\\BoundMethod::call()
#26 /home/franco/Venta_De_Autopartes/AplicacionesWeb/vendor/laravel/framework/src/Illuminate/Console/Command.php(211): Illuminate\\Container\\Container->call()
#27 /home/franco/Venta_De_Autopartes/AplicacionesWeb/vendor/symfony/console/Command/Command.php(326): Illuminate\\Console\\Command->execute()
#28 /home/franco/Venta_De_Autopartes/AplicacionesWeb/vendor/laravel/framework/src/Illuminate/Console/Command.php(181): Symfony\\Component\\Console\\Command\\Command->run()
#29 /home/franco/Venta_De_Autopartes/AplicacionesWeb/vendor/laravel/framework/src/Illuminate/Console/Concerns/CallsCommands.php(68): Illuminate\\Console\\Command->run()
#30 /home/franco/Venta_De_Autopartes/AplicacionesWeb/vendor/laravel/framework/src/Illuminate/Console/Concerns/CallsCommands.php(28): Illuminate\\Console\\Command->runCommand()
#31 /home/franco/Venta_De_Autopartes/AplicacionesWeb/vendor/laravel/framework/src/Illuminate/Database/Console/Migrations/FreshCommand.php(59): Illuminate\\Console\\Command->call()
#32 /home/franco/Venta_De_Autopartes/AplicacionesWeb/vendor/laravel/framework/src/Illuminate/Container/BoundMethod.php(36): Illuminate\\Database\\Console\\Migrations\\FreshCommand->handle()
#33 /home/franco/Venta_De_Autopartes/AplicacionesWeb/vendor/laravel/framework/src/Illuminate/Container/Util.php(41): Illuminate\\Container\\BoundMethod::Illuminate\\Container\\{closure}()
#34 /home/franco/Venta_De_Autopartes/AplicacionesWeb/vendor/laravel/framework/src/Illuminate/Container/BoundMethod.php(93): Illuminate\\Container\\Util::unwrapIfClosure()
#35 /home/franco/Venta_De_Autopartes/AplicacionesWeb/vendor/laravel/framework/src/Illuminate/Container/BoundMethod.php(37): Illuminate\\Container\\BoundMethod::callBoundMethod()
#36 /home/franco/Venta_De_Autopartes/AplicacionesWeb/vendor/laravel/framework/src/Illuminate/Container/Container.php(662): Illuminate\\Container\\BoundMethod::call()
#37 /home/franco/Venta_De_Autopartes/AplicacionesWeb/vendor/laravel/framework/src/Illuminate/Console/Command.php(211): Illuminate\\Container\\Container->call()
#38 /home/franco/Venta_De_Autopartes/AplicacionesWeb/vendor/symfony/console/Command/Command.php(326): Illuminate\\Console\\Command->execute()
#39 /home/franco/Venta_De_Autopartes/AplicacionesWeb/vendor/laravel/framework/src/Illuminate/Console/Command.php(181): Symfony\\Component\\Console\\Command\\Command->run()
#40 /home/franco/Venta_De_Autopartes/AplicacionesWeb/vendor/symfony/console/Application.php(1096): Illuminate\\Console\\Command->run()
#41 /home/franco/Venta_De_Autopartes/AplicacionesWeb/vendor/symfony/console/Application.php(324): Symfony\\Component\\Console\\Application->doRunCommand()
#42 /home/franco/Venta_De_Autopartes/AplicacionesWeb/vendor/symfony/console/Application.php(175): Symfony\\Component\\Console\\Application->doRun()
#43 /home/franco/Venta_De_Autopartes/AplicacionesWeb/vendor/laravel/framework/src/Illuminate/Foundation/Console/Kernel.php(201): Symfony\\Component\\Console\\Application->run()
#44 /home/franco/Venta_De_Autopartes/AplicacionesWeb/artisan(37): Illuminate\\Foundation\\Console\\Kernel->handle()
#45 {main}
"} 
[2026-03-18 12:12:28] local.ERROR: SQLSTATE[42P01]: Undefined table: 7 ERROR:  relation "autopart" does not exist
LINE 1: select * from "autopart"
                      ^ (Connection: pgsql, SQL: select * from "autopart") {"userId":1,"exception":"[object] (Illuminate\\Database\\QueryException(code: 42P01): SQLSTATE[42P01]: Undefined table: 7 ERROR:  relation \"autopart\" does not exist
LINE 1: select * from \"autopart\"
                      ^ (Connection: pgsql, SQL: select * from \"autopart\") at /home/franco/Venta_De_Autopartes/AplicacionesWeb/vendor/laravel/framework/src/Illuminate/Database/Connection.php:829)
[stacktrace]
#0 /home/franco/Venta_De_Autopartes/AplicacionesWeb/vendor/laravel/framework/src/Illuminate/Database/Connection.php(783): Illuminate\\Database\\Connection->runQueryCallback()
#1 /home/franco/Venta_De_Autopartes/AplicacionesWeb/vendor/laravel/framework/src/Illuminate/Database/Connection.php(431): Illuminate\\Database\\Connection->run()
#2 /home/franco/Venta_De_Autopartes/AplicacionesWeb/vendor/laravel/framework/src/Illuminate/Database/Query/Builder.php(2872): Illuminate\\Database\\Connection->select()
#3 /home/franco/Venta_De_Autopartes/AplicacionesWeb/vendor/laravel/framework/src/Illuminate/Database/Query/Builder.php(2860): Illuminate\\Database\\Query\\Builder->runSelect()
#4 /home/franco/Venta_De_Autopartes/AplicacionesWeb/vendor/laravel/framework/src/Illuminate/Database/Query/Builder.php(3414): Illuminate\\Database\\Query\\Builder->Illuminate\\Database\\Query\\{closure}()
#5 /home/franco/Venta_De_Autopartes/AplicacionesWeb/vendor/laravel/framework/src/Illuminate/Database/Query/Builder.php(2861): Illuminate\\Database\\Query\\Builder->onceWithColumns()
#6 /home/franco/Venta_De_Autopartes/AplicacionesWeb/vendor/laravel/framework/src/Illuminate/Database/Eloquent/Builder.php(739): Illuminate\\Database\\Query\\Builder->get()
#7 /home/franco/Venta_De_Autopartes/AplicacionesWeb/vendor/laravel/framework/src/Illuminate/Database/Eloquent/Builder.php(723): Illuminate\\Database\\Eloquent\\Builder->getModels()
#8 /home/franco/Venta_De_Autopartes/AplicacionesWeb/vendor/laravel/framework/src/Illuminate/Database/Eloquent/Model.php(675): Illuminate\\Database\\Eloquent\\Builder->get()
#9 /home/franco/Venta_De_Autopartes/AplicacionesWeb/app/Http/Controllers/Api/AutopartController.php(86): Illuminate\\Database\\Eloquent\\Model::all()
#10 /home/franco/Venta_De_Autopartes/AplicacionesWeb/vendor/laravel/framework/src/Illuminate/Routing/Controller.php(54): App\\Http\\Controllers\\Api\\AutopartController->index()
#11 /home/franco/Venta_De_Autopartes/AplicacionesWeb/vendor/laravel/framework/src/Illuminate/Routing/ControllerDispatcher.php(43): Illuminate\\Routing\\Controller->callAction()
#12 /home/franco/Venta_De_Autopartes/AplicacionesWeb/vendor/laravel/framework/src/Illuminate/Routing/Route.php(260): Illuminate\\Routing\\ControllerDispatcher->dispatch()
#13 /home/franco/Venta_De_Autopartes/AplicacionesWeb/vendor/laravel/framework/src/Illuminate/Routing/Route.php(205): Illuminate\\Routing\\Route->runController()
#14 /home/franco/Venta_De_Autopartes/AplicacionesWeb/vendor/laravel/framework/src/Illuminate/Routing/Router.php(806): Illuminate\\Routing\\Route->run()
#15 /home/franco/Venta_De_Autopartes/AplicacionesWeb/vendor/laravel/framework/src/Illuminate/Pipeline/Pipeline.php(144): Illuminate\\Routing\\Router->Illuminate\\Routing\\{closure}()
#16 /home/franco/Venta_De_Autopartes/AplicacionesWeb/vendor/laravel/framework/src/Illuminate/Routing/Middleware/SubstituteBindings.php(50): Illuminate\\Pipeline\\Pipeline->Illuminate\\Pipeline\\{closure}()
#17 /home/franco/Venta_De_Autopartes/AplicacionesWeb/vendor/laravel/framework/src/Illuminate/Pipeline/Pipeline.php(183): Illuminate\\Routing\\Middleware\\SubstituteBindings->handle()
#18 /home/franco/Venta_De_Autopartes/AplicacionesWeb/vendor/laravel/framework/src/Illuminate/Auth/Middleware/Authenticate.php(57): Illuminate\\Pipeline\\Pipeline->Illuminate\\Pipeline\\{closure}()
#19 /home/franco/Venta_De_Autopartes/AplicacionesWeb/vendor/laravel/framework/src/Illuminate/Pipeline/Pipeline.php(183): Illuminate\\Auth\\Middleware\\Authenticate->handle()
#20 /home/franco/Venta_De_Autopartes/AplicacionesWeb/vendor/laravel/framework/src/Illuminate/Foundation/Http/Middleware/VerifyCsrfToken.php(78): Illuminate\\Pipeline\\Pipeline->Illuminate\\Pipeline\\{closure}()
#21 /home/franco/Venta_De_Autopartes/AplicacionesWeb/vendor/laravel/framework/src/Illuminate/Pipeline/Pipeline.php(183): Illuminate\\Foundation\\Http\\Middleware\\VerifyCsrfToken->handle()
#22 /home/franco/Venta_De_Autopartes/AplicacionesWeb/vendor/laravel/framework/src/Illuminate/View/Middleware/ShareErrorsFromSession.php(49): Illuminate\\Pipeline\\Pipeline->Illuminate\\Pipeline\\{closure}()
#23 /home/franco/Venta_De_Autopartes/AplicacionesWeb/vendor/laravel/framework/src/Illuminate/Pipeline/Pipeline.php(183): Illuminate\\View\\Middleware\\ShareErrorsFromSession->handle()
#24 /home/franco/Venta_De_Autopartes/AplicacionesWeb/vendor/laravel/framework/src/Illuminate/Session/Middleware/StartSession.php(121): Illuminate\\Pipeline\\Pipeline->Illuminate\\Pipeline\\{closure}()
#25 /home/franco/Venta_De_Autopartes/AplicacionesWeb/vendor/laravel/framework/src/Illuminate/Session/Middleware/StartSession.php(64): Illuminate\\Session\\Middleware\\StartSession->handleStatefulRequest()
#26 /home/franco/Venta_De_Autopartes/AplicacionesWeb/vendor/laravel/framework/src/Illuminate/Pipeline/Pipeline.php(183): Illuminate\\Session\\Middleware\\StartSession->handle()
#27 /home/franco/Venta_De_Autopartes/AplicacionesWeb/vendor/laravel/framework/src/Illuminate/Cookie/Middleware/AddQueuedCookiesToResponse.php(37): Illuminate\\Pipeline\\Pipeline->Illuminate\\Pipeline\\{closure}()
#28 /home/franco/Venta_De_Autopartes/AplicacionesWeb/vendor/laravel/framework/src/Illuminate/Pipeline/Pipeline.php(183): Illuminate\\Cookie\\Middleware\\AddQueuedCookiesToResponse->handle()
#29 /home/franco/Venta_De_Autopartes/AplicacionesWeb/vendor/laravel/framework/src/Illuminate/Cookie/Middleware/EncryptCookies.php(67): Illuminate\\Pipeline\\Pipeline->Illuminate\\Pipeline\\{closure}()
#30 /home/franco/Venta_De_Autopartes/AplicacionesWeb/vendor/laravel/framework/src/Illuminate/Pipeline/Pipeline.php(183): Illuminate\\Cookie\\Middleware\\EncryptCookies->handle()
#31 /home/franco/Venta_De_Autopartes/AplicacionesWeb/vendor/laravel/framework/src/Illuminate/Pipeline/Pipeline.php(119): Illuminate\\Pipeline\\Pipeline->Illuminate\\Pipeline\\{closure}()
#32 /home/franco/Venta_De_Autopartes/AplicacionesWeb/vendor/laravel/framework/src/Illuminate/Routing/Router.php(807): Illuminate\\Pipeline\\Pipeline->then()
#33 /home/franco/Venta_De_Autopartes/AplicacionesWeb/vendor/laravel/framework/src/Illuminate/Routing/Router.php(784): Illuminate\\Routing\\Router->runRouteWithinStack()
#34 /home/franco/Venta_De_Autopartes/AplicacionesWeb/vendor/laravel/framework/src/Illuminate/Routing/Router.php(748): Illuminate\\Routing\\Router->runRoute()
#35 /home/franco/Venta_De_Autopartes/AplicacionesWeb/vendor/laravel/framework/src/Illuminate/Routing/Router.php(737): Illuminate\\Routing\\Router->dispatchToRoute()
#36 /home/franco/Venta_De_Autopartes/AplicacionesWeb/vendor/laravel/framework/src/Illuminate/Foundation/Http/Kernel.php(200): Illuminate\\Routing\\Router->dispatch()
#37 /home/franco/Venta_De_Autopartes/AplicacionesWeb/vendor/laravel/framework/src/Illuminate/Pipeline/Pipeline.php(144): Illuminate\\Foundation\\Http\\Kernel->Illuminate\\Foundation\\Http\\{closure}()
#38 /home/franco/Venta_De_Autopartes/AplicacionesWeb/vendor/laravel/framework/src/Illuminate/Foundation/Http/Middleware/TransformsRequest.php(21): Illuminate\\Pipeline\\Pipeline->Illuminate\\Pipeline\\{closure}()
#39 /home/franco/Venta_De_Autopartes/AplicacionesWeb/vendor/laravel/framework/src/Illuminate/Foundation/Http/Middleware/ConvertEmptyStringsToNull.php(31): Illuminate\\Foundation\\Http\\Middleware\\TransformsRequest->handle()
#40 /home/franco/Venta_De_Autopartes/AplicacionesWeb/vendor/laravel/framework/src/Illuminate/Pipeline/Pipeline.php(183): Illuminate\\Foundation\\Http\\Middleware\\ConvertEmptyStringsToNull->handle()
#41 /home/franco/Venta_De_Autopartes/AplicacionesWeb/vendor/laravel/framework/src/Illuminate/Foundation/Http/Middleware/TransformsRequest.php(21): Illuminate\\Pipeline\\Pipeline->Illuminate\\Pipeline\\{closure}()
#42 /home/franco/Venta_De_Autopartes/AplicacionesWeb/vendor/laravel/framework/src/Illuminate/Foundation/Http/Middleware/TrimStrings.php(40): Illuminate\\Foundation\\Http\\Middleware\\TransformsRequest->handle()
#43 /home/franco/Venta_De_Autopartes/AplicacionesWeb/vendor/laravel/framework/src/Illuminate/Pipeline/Pipeline.php(183): Illuminate\\Foundation\\Http\\Middleware\\TrimStrings->handle()
#44 /home/franco/Venta_De_Autopartes/AplicacionesWeb/vendor/laravel/framework/src/Illuminate/Foundation/Http/Middleware/ValidatePostSize.php(27): Illuminate\\Pipeline\\Pipeline->Illuminate\\Pipeline\\{closure}()
#45 /home/franco/Venta_De_Autopartes/AplicacionesWeb/vendor/laravel/framework/src/Illuminate/Pipeline/Pipeline.php(183): Illuminate\\Foundation\\Http\\Middleware\\ValidatePostSize->handle()
#46 /home/franco/Venta_De_Autopartes/AplicacionesWeb/vendor/laravel/framework/src/Illuminate/Foundation/Http/Middleware/PreventRequestsDuringMaintenance.php(99): Illuminate\\Pipeline\\Pipeline->Illuminate\\Pipeline\\{closure}()
#47 /home/franco/Venta_De_Autopartes/AplicacionesWeb/vendor/laravel/framework/src/Illuminate/Pipeline/Pipeline.php(183): Illuminate\\Foundation\\Http\\Middleware\\PreventRequestsDuringMaintenance->handle()
#48 /home/franco/Venta_De_Autopartes/AplicacionesWeb/vendor/laravel/framework/src/Illuminate/Http/Middleware/HandleCors.php(49): Illuminate\\Pipeline\\Pipeline->Illuminate\\Pipeline\\{closure}()
#49 /home/franco/Venta_De_Autopartes/AplicacionesWeb/vendor/laravel/framework/src/Illuminate/Pipeline/Pipeline.php(183): Illuminate\\Http\\Middleware\\HandleCors->handle()
#50 /home/franco/Venta_De_Autopartes/AplicacionesWeb/vendor/laravel/framework/src/Illuminate/Http/Middleware/TrustProxies.php(39): Illuminate\\Pipeline\\Pipeline->Illuminate\\Pipeline\\{closure}()
#51 /home/franco/Venta_De_Autopartes/AplicacionesWeb/vendor/laravel/framework/src/Illuminate/Pipeline/Pipeline.php(183): Illuminate\\Http\\Middleware\\TrustProxies->handle()
#52 /home/franco/Venta_De_Autopartes/AplicacionesWeb/vendor/laravel/framework/src/Illuminate/Pipeline/Pipeline.php(119): Illuminate\\Pipeline\\Pipeline->Illuminate\\Pipeline\\{closure}()
#53 /home/franco/Venta_De_Autopartes/AplicacionesWeb/vendor/laravel/framework/src/Illuminate/Foundation/Http/Kernel.php(175): Illuminate\\Pipeline\\Pipeline->then()
#54 /home/franco/Venta_De_Autopartes/AplicacionesWeb/vendor/laravel/framework/src/Illuminate/Foundation/Http/Kernel.php(144): Illuminate\\Foundation\\Http\\Kernel->sendRequestThroughRouter()
#55 /home/franco/Venta_De_Autopartes/AplicacionesWeb/public/index.php(52): Illuminate\\Foundation\\Http\\Kernel->handle()
#56 /home/franco/Venta_De_Autopartes/AplicacionesWeb/vendor/laravel/framework/src/Illuminate/Foundation/resources/server.php(16): require_once('...')
#57 {main}

[previous exception] [object] (PDOException(code: 42P01): SQLSTATE[42P01]: Undefined table: 7 ERROR:  relation \"autopart\" does not exist
LINE 1: select * from \"autopart\"
                      ^ at /home/franco/Venta_De_Autopartes/AplicacionesWeb/vendor/laravel/framework/src/Illuminate/Database/Connection.php:428)
[stacktrace]
#0 /home/franco/Venta_De_Autopartes/AplicacionesWeb/vendor/laravel/framework/src/Illuminate/Database/Connection.php(428): PDOStatement->execute()
#1 /home/franco/Venta_De_Autopartes/AplicacionesWeb/vendor/laravel/framework/src/Illuminate/Database/Connection.php(816): Illuminate\\Database\\Connection->Illuminate\\Database\\{closure}()
#2 /home/franco/Venta_De_Autopartes/AplicacionesWeb/vendor/laravel/framework/src/Illuminate/Database/Connection.php(783): Illuminate\\Database\\Connection->runQueryCallback()
#3 /home/franco/Venta_De_Autopartes/AplicacionesWeb/vendor/laravel/framework/src/Illuminate/Database/Connection.php(431): Illuminate\\Database\\Connection->run()
#4 /home/franco/Venta_De_Autopartes/AplicacionesWeb/vendor/laravel/framework/src/Illuminate/Database/Query/Builder.php(2872): Illuminate\\Database\\Connection->select()
#5 /home/franco/Venta_De_Autopartes/AplicacionesWeb/vendor/laravel/framework/src/Illuminate/Database/Query/Builder.php(2860): Illuminate\\Database\\Query\\Builder->runSelect()
#6 /home/franco/Venta_De_Autopartes/AplicacionesWeb/vendor/laravel/framework/src/Illuminate/Database/Query/Builder.php(3414): Illuminate\\Database\\Query\\Builder->Illuminate\\Database\\Query\\{closure}()
#7 /home/franco/Venta_De_Autopartes/AplicacionesWeb/vendor/laravel/framework/src/Illuminate/Database/Query/Builder.php(2861): Illuminate\\Database\\Query\\Builder->onceWithColumns()
#8 /home/franco/Venta_De_Autopartes/AplicacionesWeb/vendor/laravel/framework/src/Illuminate/Database/Eloquent/Builder.php(739): Illuminate\\Database\\Query\\Builder->get()
#9 /home/franco/Venta_De_Autopartes/AplicacionesWeb/vendor/laravel/framework/src/Illuminate/Database/Eloquent/Builder.php(723): Illuminate\\Database\\Eloquent\\Builder->getModels()
#10 /home/franco/Venta_De_Autopartes/AplicacionesWeb/vendor/laravel/framework/src/Illuminate/Database/Eloquent/Model.php(675): Illuminate\\Database\\Eloquent\\Builder->get()
#11 /home/franco/Venta_De_Autopartes/AplicacionesWeb/app/Http/Controllers/Api/AutopartController.php(86): Illuminate\\Database\\Eloquent\\Model::all()
#12 /home/franco/Venta_De_Autopartes/AplicacionesWeb/vendor/laravel/framework/src/Illuminate/Routing/Controller.php(54): App\\Http\\Controllers\\Api\\AutopartController->index()
#13 /home/franco/Venta_De_Autopartes/AplicacionesWeb/vendor/laravel/framework/src/Illuminate/Routing/ControllerDispatcher.php(43): Illuminate\\Routing\\Controller->callAction()
#14 /home/franco/Venta_De_Autopartes/AplicacionesWeb/vendor/laravel/framework/src/Illuminate/Routing/Route.php(260): Illuminate\\Routing\\ControllerDispatcher->dispatch()
#15 /home/franco/Venta_De_Autopartes/AplicacionesWeb/vendor/laravel/framework/src/Illuminate/Routing/Route.php(205): Illuminate\\Routing\\Route->runController()
#16 /home/franco/Venta_De_Autopartes/AplicacionesWeb/vendor/laravel/framework/src/Illuminate/Routing/Router.php(806): Illuminate\\Routing\\Route->run()
#17 /home/franco/Venta_De_Autopartes/AplicacionesWeb/vendor/laravel/framework/src/Illuminate/Pipeline/Pipeline.php(144): Illuminate\\Routing\\Router->Illuminate\\Routing\\{closure}()
#18 /home/franco/Venta_De_Autopartes/AplicacionesWeb/vendor/laravel/framework/src/Illuminate/Routing/Middleware/SubstituteBindings.php(50): Illuminate\\Pipeline\\Pipeline->Illuminate\\Pipeline\\{closure}()
#19 /home/franco/Venta_De_Autopartes/AplicacionesWeb/vendor/laravel/framework/src/Illuminate/Pipeline/Pipeline.php(183): Illuminate\\Routing\\Middleware\\SubstituteBindings->handle()
#20 /home/franco/Venta_De_Autopartes/AplicacionesWeb/vendor/laravel/framework/src/Illuminate/Auth/Middleware/Authenticate.php(57): Illuminate\\Pipeline\\Pipeline->Illuminate\\Pipeline\\{closure}()
#21 /home/franco/Venta_De_Autopartes/AplicacionesWeb/vendor/laravel/framework/src/Illuminate/Pipeline/Pipeline.php(183): Illuminate\\Auth\\Middleware\\Authenticate->handle()
#22 /home/franco/Venta_De_Autopartes/AplicacionesWeb/vendor/laravel/framework/src/Illuminate/Foundation/Http/Middleware/VerifyCsrfToken.php(78): Illuminate\\Pipeline\\Pipeline->Illuminate\\Pipeline\\{closure}()
#23 /home/franco/Venta_De_Autopartes/AplicacionesWeb/vendor/laravel/framework/src/Illuminate/Pipeline/Pipeline.php(183): Illuminate\\Foundation\\Http\\Middleware\\VerifyCsrfToken->handle()
#24 /home/franco/Venta_De_Autopartes/AplicacionesWeb/vendor/laravel/framework/src/Illuminate/View/Middleware/ShareErrorsFromSession.php(49): Illuminate\\Pipeline\\Pipeline->Illuminate\\Pipeline\\{closure}()
#25 /home/franco/Venta_De_Autopartes/AplicacionesWeb/vendor/laravel/framework/src/Illuminate/Pipeline/Pipeline.php(183): Illuminate\\View\\Middleware\\ShareErrorsFromSession->handle()
#26 /home/franco/Venta_De_Autopartes/AplicacionesWeb/vendor/laravel/framework/src/Illuminate/Session/Middleware/StartSession.php(121): Illuminate\\Pipeline\\Pipeline->Illuminate\\Pipeline\\{closure}()
#27 /home/franco/Venta_De_Autopartes/AplicacionesWeb/vendor/laravel/framework/src/Illuminate/Session/Middleware/StartSession.php(64): Illuminate\\Session\\Middleware\\StartSession->handleStatefulRequest()
#28 /home/franco/Venta_De_Autopartes/AplicacionesWeb/vendor/laravel/framework/src/Illuminate/Pipeline/Pipeline.php(183): Illuminate\\Session\\Middleware\\StartSession->handle()
#29 /home/franco/Venta_De_Autopartes/AplicacionesWeb/vendor/laravel/framework/src/Illuminate/Cookie/Middleware/AddQueuedCookiesToResponse.php(37): Illuminate\\Pipeline\\Pipeline->Illuminate\\Pipeline\\{closure}()
#30 /home/franco/Venta_De_Autopartes/AplicacionesWeb/vendor/laravel/framework/src/Illuminate/Pipeline/Pipeline.php(183): Illuminate\\Cookie\\Middleware\\AddQueuedCookiesToResponse->handle()
#31 /home/franco/Venta_De_Autopartes/AplicacionesWeb/vendor/laravel/framework/src/Illuminate/Cookie/Middleware/EncryptCookies.php(67): Illuminate\\Pipeline\\Pipeline->Illuminate\\Pipeline\\{closure}()
#32 /home/franco/Venta_De_Autopartes/AplicacionesWeb/vendor/laravel/framework/src/Illuminate/Pipeline/Pipeline.php(183): Illuminate\\Cookie\\Middleware\\EncryptCookies->handle()
#33 /home/franco/Venta_De_Autopartes/AplicacionesWeb/vendor/laravel/framework/src/Illuminate/Pipeline/Pipeline.php(119): Illuminate\\Pipeline\\Pipeline->Illuminate\\Pipeline\\{closure}()
#34 /home/franco/Venta_De_Autopartes/AplicacionesWeb/vendor/laravel/framework/src/Illuminate/Routing/Router.php(807): Illuminate\\Pipeline\\Pipeline->then()
#35 /home/franco/Venta_De_Autopartes/AplicacionesWeb/vendor/laravel/framework/src/Illuminate/Routing/Router.php(784): Illuminate\\Routing\\Router->runRouteWithinStack()
#36 /home/franco/Venta_De_Autopartes/AplicacionesWeb/vendor/laravel/framework/src/Illuminate/Routing/Router.php(748): Illuminate\\Routing\\Router->runRoute()
#37 /home/franco/Venta_De_Autopartes/AplicacionesWeb/vendor/laravel/framework/src/Illuminate/Routing/Router.php(737): Illuminate\\Routing\\Router->dispatchToRoute()
#38 /home/franco/Venta_De_Autopartes/AplicacionesWeb/vendor/laravel/framework/src/Illuminate/Foundation/Http/Kernel.php(200): Illuminate\\Routing\\Router->dispatch()
#39 /home/franco/Venta_De_Autopartes/AplicacionesWeb/vendor/laravel/framework/src/Illuminate/Pipeline/Pipeline.php(144): Illuminate\\Foundation\\Http\\Kernel->Illuminate\\Foundation\\Http\\{closure}()
#40 /home/franco/Venta_De_Autopartes/AplicacionesWeb/vendor/laravel/framework/src/Illuminate/Foundation/Http/Middleware/TransformsRequest.php(21): Illuminate\\Pipeline\\Pipeline->Illuminate\\Pipeline\\{closure}()
#41 /home/franco/Venta_De_Autopartes/AplicacionesWeb/vendor/laravel/framework/src/Illuminate/Foundation/Http/Middleware/ConvertEmptyStringsToNull.php(31): Illuminate\\Foundation\\Http\\Middleware\\TransformsRequest->handle()
#42 /home/franco/Venta_De_Autopartes/AplicacionesWeb/vendor/laravel/framework/src/Illuminate/Pipeline/Pipeline.php(183): Illuminate\\Foundation\\Http\\Middleware\\ConvertEmptyStringsToNull->handle()
#43 /home/franco/Venta_De_Autopartes/AplicacionesWeb/vendor/laravel/framework/src/Illuminate/Foundation/Http/Middleware/TransformsRequest.php(21): Illuminate\\Pipeline\\Pipeline->Illuminate\\Pipeline\\{closure}()
#44 /home/franco/Venta_De_Autopartes/AplicacionesWeb/vendor/laravel/framework/src/Illuminate/Foundation/Http/Middleware/TrimStrings.php(40): Illuminate\\Foundation\\Http\\Middleware\\TransformsRequest->handle()
#45 /home/franco/Venta_De_Autopartes/AplicacionesWeb/vendor/laravel/framework/src/Illuminate/Pipeline/Pipeline.php(183): Illuminate\\Foundation\\Http\\Middleware\\TrimStrings->handle()
#46 /home/franco/Venta_De_Autopartes/AplicacionesWeb/vendor/laravel/framework/src/Illuminate/Foundation/Http/Middleware/ValidatePostSize.php(27): Illuminate\\Pipeline\\Pipeline->Illuminate\\Pipeline\\{closure}()
#47 /home/franco/Venta_De_Autopartes/AplicacionesWeb/vendor/laravel/framework/src/Illuminate/Pipeline/Pipeline.php(183): Illuminate\\Foundation\\Http\\Middleware\\ValidatePostSize->handle()
#48 /home/franco/Venta_De_Autopartes/AplicacionesWeb/vendor/laravel/framework/src/Illuminate/Foundation/Http/Middleware/PreventRequestsDuringMaintenance.php(99): Illuminate\\Pipeline\\Pipeline->Illuminate\\Pipeline\\{closure}()
#49 /home/franco/Venta_De_Autopartes/AplicacionesWeb/vendor/laravel/framework/src/Illuminate/Pipeline/Pipeline.php(183): Illuminate\\Foundation\\Http\\Middleware\\PreventRequestsDuringMaintenance->handle()
#50 /home/franco/Venta_De_Autopartes/AplicacionesWeb/vendor/laravel/framework/src/Illuminate/Http/Middleware/HandleCors.php(49): Illuminate\\Pipeline\\Pipeline->Illuminate\\Pipeline\\{closure}()
#51 /home/franco/Venta_De_Autopartes/AplicacionesWeb/vendor/laravel/framework/src/Illuminate/Pipeline/Pipeline.php(183): Illuminate\\Http\\Middleware\\HandleCors->handle()
#52 /home/franco/Venta_De_Autopartes/AplicacionesWeb/vendor/laravel/framework/src/Illuminate/Http/Middleware/TrustProxies.php(39): Illuminate\\Pipeline\\Pipeline->Illuminate\\Pipeline\\{closure}()
#53 /home/franco/Venta_De_Autopartes/AplicacionesWeb/vendor/laravel/framework/src/Illuminate/Pipeline/Pipeline.php(183): Illuminate\\Http\\Middleware\\TrustProxies->handle()
#54 /home/franco/Venta_De_Autopartes/AplicacionesWeb/vendor/laravel/framework/src/Illuminate/Pipeline/Pipeline.php(119): Illuminate\\Pipeline\\Pipeline->Illuminate\\Pipeline\\{closure}()
#55 /home/franco/Venta_De_Autopartes/AplicacionesWeb/vendor/laravel/framework/src/Illuminate/Foundation/Http/Kernel.php(175): Illuminate\\Pipeline\\Pipeline->then()
#56 /home/franco/Venta_De_Autopartes/AplicacionesWeb/vendor/laravel/framework/src/Illuminate/Foundation/Http/Kernel.php(144): Illuminate\\Foundation\\Http\\Kernel->sendRequestThroughRouter()
#57 /home/franco/Venta_De_Autopartes/AplicacionesWeb/public/index.php(52): Illuminate\\Foundation\\Http\\Kernel->handle()
#58 /home/franco/Venta_De_Autopartes/AplicacionesWeb/vendor/laravel/framework/src/Illuminate/Foundation/resources/server.php(16): require_once('...')
#59 {main}
"} 
[2026-03-18 12:13:22] local.ERROR: SQLSTATE[42P01]: Undefined table: 7 ERROR:  relation "autopart" does not exist (Connection: pgsql, SQL: alter table "carrito" add constraint "carrito_autopart_id_foreign" foreign key ("autopart_id") references "autopart" ("id") on delete cascade) {"exception":"[object] (Illuminate\\Database\\QueryException(code: 42P01): SQLSTATE[42P01]: Undefined table: 7 ERROR:  relation \"autopart\" does not exist (Connection: pgsql, SQL: alter table \"carrito\" add constraint \"carrito_autopart_id_foreign\" foreign key (\"autopart_id\") references \"autopart\" (\"id\") on delete cascade) at /home/franco/Venta_De_Autopartes/AplicacionesWeb/vendor/laravel/framework/src/Illuminate/Database/Connection.php:829)
[stacktrace]
#0 /home/franco/Venta_De_Autopartes/AplicacionesWeb/vendor/laravel/framework/src/Illuminate/Database/Connection.php(783): Illuminate\\Database\\Connection->runQueryCallback()
#1 /home/franco/Venta_De_Autopartes/AplicacionesWeb/vendor/laravel/framework/src/Illuminate/Database/Connection.php(588): Illuminate\\Database\\Connection->run()
#2 /home/franco/Venta_De_Autopartes/AplicacionesWeb/vendor/laravel/framework/src/Illuminate/Database/Schema/Blueprint.php(110): Illuminate\\Database\\Connection->statement()
#3 /home/franco/Venta_De_Autopartes/AplicacionesWeb/vendor/laravel/framework/src/Illuminate/Database/Schema/Builder.php(602): Illuminate\\Database\\Schema\\Blueprint->build()
#4 /home/franco/Venta_De_Autopartes/AplicacionesWeb/vendor/laravel/framework/src/Illuminate/Database/Schema/Builder.php(460): Illuminate\\Database\\Schema\\Builder->build()
#5 /home/franco/Venta_De_Autopartes/AplicacionesWeb/vendor/laravel/framework/src/Illuminate/Support/Facades/Facade.php(355): Illuminate\\Database\\Schema\\Builder->create()
#6 /home/franco/Venta_De_Autopartes/AplicacionesWeb/database/migrations/2024_06_06_204537_create_carrito_table.php(21): Illuminate\\Support\\Facades\\Facade::__callStatic()
#7 /home/franco/Venta_De_Autopartes/AplicacionesWeb/vendor/laravel/framework/src/Illuminate/Database/Migrations/Migrator.php(493): CreateCarritoTable->up()
#8 /home/franco/Venta_De_Autopartes/AplicacionesWeb/vendor/laravel/framework/src/Illuminate/Database/Migrations/Migrator.php(410): Illuminate\\Database\\Migrations\\Migrator->runMethod()
#9 /home/franco/Venta_De_Autopartes/AplicacionesWeb/vendor/laravel/framework/src/Illuminate/Database/Migrations/Migrator.php(419): Illuminate\\Database\\Migrations\\Migrator->Illuminate\\Database\\Migrations\\{closure}()
#10 /home/franco/Venta_De_Autopartes/AplicacionesWeb/vendor/laravel/framework/src/Illuminate/Database/Migrations/Migrator.php(216): Illuminate\\Database\\Migrations\\Migrator->runMigration()
#11 /home/franco/Venta_De_Autopartes/AplicacionesWeb/vendor/laravel/framework/src/Illuminate/Console/View/Components/Task.php(37): Illuminate\\Database\\Migrations\\Migrator->Illuminate\\Database\\Migrations\\{closure}()
#12 /home/franco/Venta_De_Autopartes/AplicacionesWeb/vendor/laravel/framework/src/Illuminate/Database/Migrations/Migrator.php(756): Illuminate\\Console\\View\\Components\\Task->render()
#13 /home/franco/Venta_De_Autopartes/AplicacionesWeb/vendor/laravel/framework/src/Illuminate/Database/Migrations/Migrator.php(216): Illuminate\\Database\\Migrations\\Migrator->write()
#14 /home/franco/Venta_De_Autopartes/AplicacionesWeb/vendor/laravel/framework/src/Illuminate/Database/Migrations/Migrator.php(181): Illuminate\\Database\\Migrations\\Migrator->runUp()
#15 /home/franco/Venta_De_Autopartes/AplicacionesWeb/vendor/laravel/framework/src/Illuminate/Database/Migrations/Migrator.php(124): Illuminate\\Database\\Migrations\\Migrator->runPending()
#16 /home/franco/Venta_De_Autopartes/AplicacionesWeb/vendor/laravel/framework/src/Illuminate/Database/Console/Migrations/MigrateCommand.php(92): Illuminate\\Database\\Migrations\\Migrator->run()
#17 /home/franco/Venta_De_Autopartes/AplicacionesWeb/vendor/laravel/framework/src/Illuminate/Database/Migrations/Migrator.php(633): Illuminate\\Database\\Console\\Migrations\\MigrateCommand->Illuminate\\Database\\Console\\Migrations\\{closure}()
#18 /home/franco/Venta_De_Autopartes/AplicacionesWeb/vendor/laravel/framework/src/Illuminate/Database/Console/Migrations/MigrateCommand.php(104): Illuminate\\Database\\Migrations\\Migrator->usingConnection()
#19 /home/franco/Venta_De_Autopartes/AplicacionesWeb/vendor/laravel/framework/src/Illuminate/Container/BoundMethod.php(36): Illuminate\\Database\\Console\\Migrations\\MigrateCommand->handle()
#20 /home/franco/Venta_De_Autopartes/AplicacionesWeb/vendor/laravel/framework/src/Illuminate/Container/Util.php(41): Illuminate\\Container\\BoundMethod::Illuminate\\Container\\{closure}()
#21 /home/franco/Venta_De_Autopartes/AplicacionesWeb/vendor/laravel/framework/src/Illuminate/Container/BoundMethod.php(93): Illuminate\\Container\\Util::unwrapIfClosure()
#22 /home/franco/Venta_De_Autopartes/AplicacionesWeb/vendor/laravel/framework/src/Illuminate/Container/BoundMethod.php(37): Illuminate\\Container\\BoundMethod::callBoundMethod()
#23 /home/franco/Venta_De_Autopartes/AplicacionesWeb/vendor/laravel/framework/src/Illuminate/Container/Container.php(662): Illuminate\\Container\\BoundMethod::call()
#24 /home/franco/Venta_De_Autopartes/AplicacionesWeb/vendor/laravel/framework/src/Illuminate/Console/Command.php(211): Illuminate\\Container\\Container->call()
#25 /home/franco/Venta_De_Autopartes/AplicacionesWeb/vendor/symfony/console/Command/Command.php(326): Illuminate\\Console\\Command->execute()
#26 /home/franco/Venta_De_Autopartes/AplicacionesWeb/vendor/laravel/framework/src/Illuminate/Console/Command.php(181): Symfony\\Component\\Console\\Command\\Command->run()
#27 /home/franco/Venta_De_Autopartes/AplicacionesWeb/vendor/laravel/framework/src/Illuminate/Console/Concerns/CallsCommands.php(68): Illuminate\\Console\\Command->run()
#28 /home/franco/Venta_De_Autopartes/AplicacionesWeb/vendor/laravel/framework/src/Illuminate/Console/Concerns/CallsCommands.php(28): Illuminate\\Console\\Command->runCommand()
#29 /home/franco/Venta_De_Autopartes/AplicacionesWeb/vendor/laravel/framework/src/Illuminate/Database/Console/Migrations/FreshCommand.php(59): Illuminate\\Console\\Command->call()
#30 /home/franco/Venta_De_Autopartes/AplicacionesWeb/vendor/laravel/framework/src/Illuminate/Container/BoundMethod.php(36): Illuminate\\Database\\Console\\Migrations\\FreshCommand->handle()
#31 /home/franco/Venta_De_Autopartes/AplicacionesWeb/vendor/laravel/framework/src/Illuminate/Container/Util.php(41): Illuminate\\Container\\BoundMethod::Illuminate\\Container\\{closure}()
#32 /home/franco/Venta_De_Autopartes/AplicacionesWeb/vendor/laravel/framework/src/Illuminate/Container/BoundMethod.php(93): Illuminate\\Container\\Util::unwrapIfClosure()
#33 /home/franco/Venta_De_Autopartes/AplicacionesWeb/vendor/laravel/framework/src/Illuminate/Container/BoundMethod.php(37): Illuminate\\Container\\BoundMethod::callBoundMethod()
#34 /home/franco/Venta_De_Autopartes/AplicacionesWeb/vendor/laravel/framework/src/Illuminate/Container/Container.php(662): Illuminate\\Container\\BoundMethod::call()
#35 /home/franco/Venta_De_Autopartes/AplicacionesWeb/vendor/laravel/framework/src/Illuminate/Console/Command.php(211): Illuminate\\Container\\Container->call()
#36 /home/franco/Venta_De_Autopartes/AplicacionesWeb/vendor/symfony/console/Command/Command.php(326): Illuminate\\Console\\Command->execute()
#37 /home/franco/Venta_De_Autopartes/AplicacionesWeb/vendor/laravel/framework/src/Illuminate/Console/Command.php(181): Symfony\\Component\\Console\\Command\\Command->run()
#38 /home/franco/Venta_De_Autopartes/AplicacionesWeb/vendor/symfony/console/Application.php(1096): Illuminate\\Console\\Command->run()
#39 /home/franco/Venta_De_Autopartes/AplicacionesWeb/vendor/symfony/console/Application.php(324): Symfony\\Component\\Console\\Application->doRunCommand()
#40 /home/franco/Venta_De_Autopartes/AplicacionesWeb/vendor/symfony/console/Application.php(175): Symfony\\Component\\Console\\Application->doRun()
#41 /home/franco/Venta_De_Autopartes/AplicacionesWeb/vendor/laravel/framework/src/Illuminate/Foundation/Console/Kernel.php(201): Symfony\\Component\\Console\\Application->run()
#42 /home/franco/Venta_De_Autopartes/AplicacionesWeb/artisan(37): Illuminate\\Foundation\\Console\\Kernel->handle()
#43 {main}

[previous exception] [object] (PDOException(code: 42P01): SQLSTATE[42P01]: Undefined table: 7 ERROR:  relation \"autopart\" does not exist at /home/franco/Venta_De_Autopartes/AplicacionesWeb/vendor/laravel/framework/src/Illuminate/Database/Connection.php:587)
[stacktrace]
#0 /home/franco/Venta_De_Autopartes/AplicacionesWeb/vendor/laravel/framework/src/Illuminate/Database/Connection.php(587): PDOStatement->execute()
#1 /home/franco/Venta_De_Autopartes/AplicacionesWeb/vendor/laravel/framework/src/Illuminate/Database/Connection.php(816): Illuminate\\Database\\Connection->Illuminate\\Database\\{closure}()
#2 /home/franco/Venta_De_Autopartes/AplicacionesWeb/vendor/laravel/framework/src/Illuminate/Database/Connection.php(783): Illuminate\\Database\\Connection->runQueryCallback()
#3 /home/franco/Venta_De_Autopartes/AplicacionesWeb/vendor/laravel/framework/src/Illuminate/Database/Connection.php(588): Illuminate\\Database\\Connection->run()
#4 /home/franco/Venta_De_Autopartes/AplicacionesWeb/vendor/laravel/framework/src/Illuminate/Database/Schema/Blueprint.php(110): Illuminate\\Database\\Connection->statement()
#5 /home/franco/Venta_De_Autopartes/AplicacionesWeb/vendor/laravel/framework/src/Illuminate/Database/Schema/Builder.php(602): Illuminate\\Database\\Schema\\Blueprint->build()
#6 /home/franco/Venta_De_Autopartes/AplicacionesWeb/vendor/laravel/framework/src/Illuminate/Database/Schema/Builder.php(460): Illuminate\\Database\\Schema\\Builder->build()
#7 /home/franco/Venta_De_Autopartes/AplicacionesWeb/vendor/laravel/framework/src/Illuminate/Support/Facades/Facade.php(355): Illuminate\\Database\\Schema\\Builder->create()
#8 /home/franco/Venta_De_Autopartes/AplicacionesWeb/database/migrations/2024_06_06_204537_create_carrito_table.php(21): Illuminate\\Support\\Facades\\Facade::__callStatic()
#9 /home/franco/Venta_De_Autopartes/AplicacionesWeb/vendor/laravel/framework/src/Illuminate/Database/Migrations/Migrator.php(493): CreateCarritoTable->up()
#10 /home/franco/Venta_De_Autopartes/AplicacionesWeb/vendor/laravel/framework/src/Illuminate/Database/Migrations/Migrator.php(410): Illuminate\\Database\\Migrations\\Migrator->runMethod()
#11 /home/franco/Venta_De_Autopartes/AplicacionesWeb/vendor/laravel/framework/src/Illuminate/Database/Migrations/Migrator.php(419): Illuminate\\Database\\Migrations\\Migrator->Illuminate\\Database\\Migrations\\{closure}()
#12 /home/franco/Venta_De_Autopartes/AplicacionesWeb/vendor/laravel/framework/src/Illuminate/Database/Migrations/Migrator.php(216): Illuminate\\Database\\Migrations\\Migrator->runMigration()
#13 /home/franco/Venta_De_Autopartes/AplicacionesWeb/vendor/laravel/framework/src/Illuminate/Console/View/Components/Task.php(37): Illuminate\\Database\\Migrations\\Migrator->Illuminate\\Database\\Migrations\\{closure}()
#14 /home/franco/Venta_De_Autopartes/AplicacionesWeb/vendor/laravel/framework/src/Illuminate/Database/Migrations/Migrator.php(756): Illuminate\\Console\\View\\Components\\Task->render()
#15 /home/franco/Venta_De_Autopartes/AplicacionesWeb/vendor/laravel/framework/src/Illuminate/Database/Migrations/Migrator.php(216): Illuminate\\Database\\Migrations\\Migrator->write()
#16 /home/franco/Venta_De_Autopartes/AplicacionesWeb/vendor/laravel/framework/src/Illuminate/Database/Migrations/Migrator.php(181): Illuminate\\Database\\Migrations\\Migrator->runUp()
#17 /home/franco/Venta_De_Autopartes/AplicacionesWeb/vendor/laravel/framework/src/Illuminate/Database/Migrations/Migrator.php(124): Illuminate\\Database\\Migrations\\Migrator->runPending()
#18 /home/franco/Venta_De_Autopartes/AplicacionesWeb/vendor/laravel/framework/src/Illuminate/Database/Console/Migrations/MigrateCommand.php(92): Illuminate\\Database\\Migrations\\Migrator->run()
#19 /home/franco/Venta_De_Autopartes/AplicacionesWeb/vendor/laravel/framework/src/Illuminate/Database/Migrations/Migrator.php(633): Illuminate\\Database\\Console\\Migrations\\MigrateCommand->Illuminate\\Database\\Console\\Migrations\\{closure}()
#20 /home/franco/Venta_De_Autopartes/AplicacionesWeb/vendor/laravel/framework/src/Illuminate/Database/Console/Migrations/MigrateCommand.php(104): Illuminate\\Database\\Migrations\\Migrator->usingConnection()
#21 /home/franco/Venta_De_Autopartes/AplicacionesWeb/vendor/laravel/framework/src/Illuminate/Container/BoundMethod.php(36): Illuminate\\Database\\Console\\Migrations\\MigrateCommand->handle()
#22 /home/franco/Venta_De_Autopartes/AplicacionesWeb/vendor/laravel/framework/src/Illuminate/Container/Util.php(41): Illuminate\\Container\\BoundMethod::Illuminate\\Container\\{closure}()
#23 /home/franco/Venta_De_Autopartes/AplicacionesWeb/vendor/laravel/framework/src/Illuminate/Container/BoundMethod.php(93): Illuminate\\Container\\Util::unwrapIfClosure()
#24 /home/franco/Venta_De_Autopartes/AplicacionesWeb/vendor/laravel/framework/src/Illuminate/Container/BoundMethod.php(37): Illuminate\\Container\\BoundMethod::callBoundMethod()
#25 /home/franco/Venta_De_Autopartes/AplicacionesWeb/vendor/laravel/framework/src/Illuminate/Container/Container.php(662): Illuminate\\Container\\BoundMethod::call()
#26 /home/franco/Venta_De_Autopartes/AplicacionesWeb/vendor/laravel/framework/src/Illuminate/Console/Command.php(211): Illuminate\\Container\\Container->call()
#27 /home/franco/Venta_De_Autopartes/AplicacionesWeb/vendor/symfony/console/Command/Command.php(326): Illuminate\\Console\\Command->execute()
#28 /home/franco/Venta_De_Autopartes/AplicacionesWeb/vendor/laravel/framework/src/Illuminate/Console/Command.php(181): Symfony\\Component\\Console\\Command\\Command->run()
#29 /home/franco/Venta_De_Autopartes/AplicacionesWeb/vendor/laravel/framework/src/Illuminate/Console/Concerns/CallsCommands.php(68): Illuminate\\Console\\Command->run()
#30 /home/franco/Venta_De_Autopartes/AplicacionesWeb/vendor/laravel/framework/src/Illuminate/Console/Concerns/CallsCommands.php(28): Illuminate\\Console\\Command->runCommand()
#31 /home/franco/Venta_De_Autopartes/AplicacionesWeb/vendor/laravel/framework/src/Illuminate/Database/Console/Migrations/FreshCommand.php(59): Illuminate\\Console\\Command->call()
#32 /home/franco/Venta_De_Autopartes/AplicacionesWeb/vendor/laravel/framework/src/Illuminate/Container/BoundMethod.php(36): Illuminate\\Database\\Console\\Migrations\\FreshCommand->handle()
#33 /home/franco/Venta_De_Autopartes/AplicacionesWeb/vendor/laravel/framework/src/Illuminate/Container/Util.php(41): Illuminate\\Container\\BoundMethod::Illuminate\\Container\\{closure}()
#34 /home/franco/Venta_De_Autopartes/AplicacionesWeb/vendor/laravel/framework/src/Illuminate/Container/BoundMethod.php(93): Illuminate\\Container\\Util::unwrapIfClosure()
#35 /home/franco/Venta_De_Autopartes/AplicacionesWeb/vendor/laravel/framework/src/Illuminate/Container/BoundMethod.php(37): Illuminate\\Container\\BoundMethod::callBoundMethod()
#36 /home/franco/Venta_De_Autopartes/AplicacionesWeb/vendor/laravel/framework/src/Illuminate/Container/Container.php(662): Illuminate\\Container\\BoundMethod::call()
#37 /home/franco/Venta_De_Autopartes/AplicacionesWeb/vendor/laravel/framework/src/Illuminate/Console/Command.php(211): Illuminate\\Container\\Container->call()
#38 /home/franco/Venta_De_Autopartes/AplicacionesWeb/vendor/symfony/console/Command/Command.php(326): Illuminate\\Console\\Command->execute()
#39 /home/franco/Venta_De_Autopartes/AplicacionesWeb/vendor/laravel/framework/src/Illuminate/Console/Command.php(181): Symfony\\Component\\Console\\Command\\Command->run()
#40 /home/franco/Venta_De_Autopartes/AplicacionesWeb/vendor/symfony/console/Application.php(1096): Illuminate\\Console\\Command->run()
#41 /home/franco/Venta_De_Autopartes/AplicacionesWeb/vendor/symfony/console/Application.php(324): Symfony\\Component\\Console\\Application->doRunCommand()
#42 /home/franco/Venta_De_Autopartes/AplicacionesWeb/vendor/symfony/console/Application.php(175): Symfony\\Component\\Console\\Application->doRun()
#43 /home/franco/Venta_De_Autopartes/AplicacionesWeb/vendor/laravel/framework/src/Illuminate/Foundation/Console/Kernel.php(201): Symfony\\Component\\Console\\Application->run()
#44 /home/franco/Venta_De_Autopartes/AplicacionesWeb/artisan(37): Illuminate\\Foundation\\Console\\Kernel->handle()
#45 {main}
"} 
[2026-03-18 12:25:26] local.ERROR: SQLSTATE[42P01]: Undefined table: 7 ERROR:  relation "carrito" does not exist (Connection: pgsql, SQL: alter table "carrito" add constraint "carrito_autopart_id_foreign" foreign key ("autopart_id") references "autopart" ("id") on delete cascade) {"exception":"[object] (Illuminate\\Database\\QueryException(code: 42P01): SQLSTATE[42P01]: Undefined table: 7 ERROR:  relation \"carrito\" does not exist (Connection: pgsql, SQL: alter table \"carrito\" add constraint \"carrito_autopart_id_foreign\" foreign key (\"autopart_id\") references \"autopart\" (\"id\") on delete cascade) at /home/franco/Venta_De_Autopartes/AplicacionesWeb/vendor/laravel/framework/src/Illuminate/Database/Connection.php:829)
[stacktrace]
#0 /home/franco/Venta_De_Autopartes/AplicacionesWeb/vendor/laravel/framework/src/Illuminate/Database/Connection.php(783): Illuminate\\Database\\Connection->runQueryCallback()
#1 /home/franco/Venta_De_Autopartes/AplicacionesWeb/vendor/laravel/framework/src/Illuminate/Database/Connection.php(588): Illuminate\\Database\\Connection->run()
#2 /home/franco/Venta_De_Autopartes/AplicacionesWeb/vendor/laravel/framework/src/Illuminate/Database/Schema/Blueprint.php(110): Illuminate\\Database\\Connection->statement()
#3 /home/franco/Venta_De_Autopartes/AplicacionesWeb/vendor/laravel/framework/src/Illuminate/Database/Schema/Builder.php(602): Illuminate\\Database\\Schema\\Blueprint->build()
#4 /home/franco/Venta_De_Autopartes/AplicacionesWeb/vendor/laravel/framework/src/Illuminate/Database/Schema/Builder.php(444): Illuminate\\Database\\Schema\\Builder->build()
#5 /home/franco/Venta_De_Autopartes/AplicacionesWeb/vendor/laravel/framework/src/Illuminate/Support/Facades/Facade.php(355): Illuminate\\Database\\Schema\\Builder->table()
#6 /home/franco/Venta_De_Autopartes/AplicacionesWeb/database/migrations/2024_06_06_204537_create_carrito_table.php(29): Illuminate\\Support\\Facades\\Facade::__callStatic()
#7 /home/franco/Venta_De_Autopartes/AplicacionesWeb/vendor/laravel/framework/src/Illuminate/Database/Schema/Builder.php(459): CreateCarritoTable->{closure}()
#8 /home/franco/Venta_De_Autopartes/AplicacionesWeb/vendor/laravel/framework/src/Illuminate/Support/helpers.php(307): Illuminate\\Database\\Schema\\Builder->Illuminate\\Database\\Schema\\{closure}()
#9 /home/franco/Venta_De_Autopartes/AplicacionesWeb/vendor/laravel/framework/src/Illuminate/Database/Schema/Builder.php(460): tap()
#10 /home/franco/Venta_De_Autopartes/AplicacionesWeb/vendor/laravel/framework/src/Illuminate/Support/Facades/Facade.php(355): Illuminate\\Database\\Schema\\Builder->create()
#11 /home/franco/Venta_De_Autopartes/AplicacionesWeb/database/migrations/2024_06_06_204537_create_carrito_table.php(30): Illuminate\\Support\\Facades\\Facade::__callStatic()
#12 /home/franco/Venta_De_Autopartes/AplicacionesWeb/vendor/laravel/framework/src/Illuminate/Database/Migrations/Migrator.php(493): CreateCarritoTable->up()
#13 /home/franco/Venta_De_Autopartes/AplicacionesWeb/vendor/laravel/framework/src/Illuminate/Database/Migrations/Migrator.php(410): Illuminate\\Database\\Migrations\\Migrator->runMethod()
#14 /home/franco/Venta_De_Autopartes/AplicacionesWeb/vendor/laravel/framework/src/Illuminate/Database/Migrations/Migrator.php(419): Illuminate\\Database\\Migrations\\Migrator->Illuminate\\Database\\Migrations\\{closure}()
#15 /home/franco/Venta_De_Autopartes/AplicacionesWeb/vendor/laravel/framework/src/Illuminate/Database/Migrations/Migrator.php(216): Illuminate\\Database\\Migrations\\Migrator->runMigration()
#16 /home/franco/Venta_De_Autopartes/AplicacionesWeb/vendor/laravel/framework/src/Illuminate/Console/View/Components/Task.php(37): Illuminate\\Database\\Migrations\\Migrator->Illuminate\\Database\\Migrations\\{closure}()
#17 /home/franco/Venta_De_Autopartes/AplicacionesWeb/vendor/laravel/framework/src/Illuminate/Database/Migrations/Migrator.php(756): Illuminate\\Console\\View\\Components\\Task->render()
#18 /home/franco/Venta_De_Autopartes/AplicacionesWeb/vendor/laravel/framework/src/Illuminate/Database/Migrations/Migrator.php(216): Illuminate\\Database\\Migrations\\Migrator->write()
#19 /home/franco/Venta_De_Autopartes/AplicacionesWeb/vendor/laravel/framework/src/Illuminate/Database/Migrations/Migrator.php(181): Illuminate\\Database\\Migrations\\Migrator->runUp()
#20 /home/franco/Venta_De_Autopartes/AplicacionesWeb/vendor/laravel/framework/src/Illuminate/Database/Migrations/Migrator.php(124): Illuminate\\Database\\Migrations\\Migrator->runPending()
#21 /home/franco/Venta_De_Autopartes/AplicacionesWeb/vendor/laravel/framework/src/Illuminate/Database/Console/Migrations/MigrateCommand.php(92): Illuminate\\Database\\Migrations\\Migrator->run()
#22 /home/franco/Venta_De_Autopartes/AplicacionesWeb/vendor/laravel/framework/src/Illuminate/Database/Migrations/Migrator.php(633): Illuminate\\Database\\Console\\Migrations\\MigrateCommand->Illuminate\\Database\\Console\\Migrations\\{closure}()
#23 /home/franco/Venta_De_Autopartes/AplicacionesWeb/vendor/laravel/framework/src/Illuminate/Database/Console/Migrations/MigrateCommand.php(104): Illuminate\\Database\\Migrations\\Migrator->usingConnection()
#24 /home/franco/Venta_De_Autopartes/AplicacionesWeb/vendor/laravel/framework/src/Illuminate/Container/BoundMethod.php(36): Illuminate\\Database\\Console\\Migrations\\MigrateCommand->handle()
#25 /home/franco/Venta_De_Autopartes/AplicacionesWeb/vendor/laravel/framework/src/Illuminate/Container/Util.php(41): Illuminate\\Container\\BoundMethod::Illuminate\\Container\\{closure}()
#26 /home/franco/Venta_De_Autopartes/AplicacionesWeb/vendor/laravel/framework/src/Illuminate/Container/BoundMethod.php(93): Illuminate\\Container\\Util::unwrapIfClosure()
#27 /home/franco/Venta_De_Autopartes/AplicacionesWeb/vendor/laravel/framework/src/Illuminate/Container/BoundMethod.php(37): Illuminate\\Container\\BoundMethod::callBoundMethod()
#28 /home/franco/Venta_De_Autopartes/AplicacionesWeb/vendor/laravel/framework/src/Illuminate/Container/Container.php(662): Illuminate\\Container\\BoundMethod::call()
#29 /home/franco/Venta_De_Autopartes/AplicacionesWeb/vendor/laravel/framework/src/Illuminate/Console/Command.php(211): Illuminate\\Container\\Container->call()
#30 /home/franco/Venta_De_Autopartes/AplicacionesWeb/vendor/symfony/console/Command/Command.php(326): Illuminate\\Console\\Command->execute()
#31 /home/franco/Venta_De_Autopartes/AplicacionesWeb/vendor/laravel/framework/src/Illuminate/Console/Command.php(181): Symfony\\Component\\Console\\Command\\Command->run()
#32 /home/franco/Venta_De_Autopartes/AplicacionesWeb/vendor/laravel/framework/src/Illuminate/Console/Concerns/CallsCommands.php(68): Illuminate\\Console\\Command->run()
#33 /home/franco/Venta_De_Autopartes/AplicacionesWeb/vendor/laravel/framework/src/Illuminate/Console/Concerns/CallsCommands.php(28): Illuminate\\Console\\Command->runCommand()
#34 /home/franco/Venta_De_Autopartes/AplicacionesWeb/vendor/laravel/framework/src/Illuminate/Database/Console/Migrations/FreshCommand.php(59): Illuminate\\Console\\Command->call()
#35 /home/franco/Venta_De_Autopartes/AplicacionesWeb/vendor/laravel/framework/src/Illuminate/Container/BoundMethod.php(36): Illuminate\\Database\\Console\\Migrations\\FreshCommand->handle()
#36 /home/franco/Venta_De_Autopartes/AplicacionesWeb/vendor/laravel/framework/src/Illuminate/Container/Util.php(41): Illuminate\\Container\\BoundMethod::Illuminate\\Container\\{closure}()
#37 /home/franco/Venta_De_Autopartes/AplicacionesWeb/vendor/laravel/framework/src/Illuminate/Container/BoundMethod.php(93): Illuminate\\Container\\Util::unwrapIfClosure()
#38 /home/franco/Venta_De_Autopartes/AplicacionesWeb/vendor/laravel/framework/src/Illuminate/Container/BoundMethod.php(37): Illuminate\\Container\\BoundMethod::callBoundMethod()
#39 /home/franco/Venta_De_Autopartes/AplicacionesWeb/vendor/laravel/framework/src/Illuminate/Container/Container.php(662): Illuminate\\Container\\BoundMethod::call()
#40 /home/franco/Venta_De_Autopartes/AplicacionesWeb/vendor/laravel/framework/src/Illuminate/Console/Command.php(211): Illuminate\\Container\\Container->call()
#41 /home/franco/Venta_De_Autopartes/AplicacionesWeb/vendor/symfony/console/Command/Command.php(326): Illuminate\\Console\\Command->execute()
#42 /home/franco/Venta_De_Autopartes/AplicacionesWeb/vendor/laravel/framework/src/Illuminate/Console/Command.php(181): Symfony\\Component\\Console\\Command\\Command->run()
#43 /home/franco/Venta_De_Autopartes/AplicacionesWeb/vendor/symfony/console/Application.php(1096): Illuminate\\Console\\Command->run()
#44 /home/franco/Venta_De_Autopartes/AplicacionesWeb/vendor/symfony/console/Application.php(324): Symfony\\Component\\Console\\Application->doRunCommand()
#45 /home/franco/Venta_De_Autopartes/AplicacionesWeb/vendor/symfony/console/Application.php(175): Symfony\\Component\\Console\\Application->doRun()
#46 /home/franco/Venta_De_Autopartes/AplicacionesWeb/vendor/laravel/framework/src/Illuminate/Foundation/Console/Kernel.php(201): Symfony\\Component\\Console\\Application->run()
#47 /home/franco/Venta_De_Autopartes/AplicacionesWeb/artisan(37): Illuminate\\Foundation\\Console\\Kernel->handle()
#48 {main}

[previous exception] [object] (PDOException(code: 42P01): SQLSTATE[42P01]: Undefined table: 7 ERROR:  relation \"carrito\" does not exist at /home/franco/Venta_De_Autopartes/AplicacionesWeb/vendor/laravel/framework/src/Illuminate/Database/Connection.php:587)
[stacktrace]
#0 /home/franco/Venta_De_Autopartes/AplicacionesWeb/vendor/laravel/framework/src/Illuminate/Database/Connection.php(587): PDOStatement->execute()
#1 /home/franco/Venta_De_Autopartes/AplicacionesWeb/vendor/laravel/framework/src/Illuminate/Database/Connection.php(816): Illuminate\\Database\\Connection->Illuminate\\Database\\{closure}()
#2 /home/franco/Venta_De_Autopartes/AplicacionesWeb/vendor/laravel/framework/src/Illuminate/Database/Connection.php(783): Illuminate\\Database\\Connection->runQueryCallback()
#3 /home/franco/Venta_De_Autopartes/AplicacionesWeb/vendor/laravel/framework/src/Illuminate/Database/Connection.php(588): Illuminate\\Database\\Connection->run()
#4 /home/franco/Venta_De_Autopartes/AplicacionesWeb/vendor/laravel/framework/src/Illuminate/Database/Schema/Blueprint.php(110): Illuminate\\Database\\Connection->statement()
#5 /home/franco/Venta_De_Autopartes/AplicacionesWeb/vendor/laravel/framework/src/Illuminate/Database/Schema/Builder.php(602): Illuminate\\Database\\Schema\\Blueprint->build()
#6 /home/franco/Venta_De_Autopartes/AplicacionesWeb/vendor/laravel/framework/src/Illuminate/Database/Schema/Builder.php(444): Illuminate\\Database\\Schema\\Builder->build()
#7 /home/franco/Venta_De_Autopartes/AplicacionesWeb/vendor/laravel/framework/src/Illuminate/Support/Facades/Facade.php(355): Illuminate\\Database\\Schema\\Builder->table()
#8 /home/franco/Venta_De_Autopartes/AplicacionesWeb/database/migrations/2024_06_06_204537_create_carrito_table.php(29): Illuminate\\Support\\Facades\\Facade::__callStatic()
#9 /home/franco/Venta_De_Autopartes/AplicacionesWeb/vendor/laravel/framework/src/Illuminate/Database/Schema/Builder.php(459): CreateCarritoTable->{closure}()
#10 /home/franco/Venta_De_Autopartes/AplicacionesWeb/vendor/laravel/framework/src/Illuminate/Support/helpers.php(307): Illuminate\\Database\\Schema\\Builder->Illuminate\\Database\\Schema\\{closure}()
#11 /home/franco/Venta_De_Autopartes/AplicacionesWeb/vendor/laravel/framework/src/Illuminate/Database/Schema/Builder.php(460): tap()
#12 /home/franco/Venta_De_Autopartes/AplicacionesWeb/vendor/laravel/framework/src/Illuminate/Support/Facades/Facade.php(355): Illuminate\\Database\\Schema\\Builder->create()
#13 /home/franco/Venta_De_Autopartes/AplicacionesWeb/database/migrations/2024_06_06_204537_create_carrito_table.php(30): Illuminate\\Support\\Facades\\Facade::__callStatic()
#14 /home/franco/Venta_De_Autopartes/AplicacionesWeb/vendor/laravel/framework/src/Illuminate/Database/Migrations/Migrator.php(493): CreateCarritoTable->up()
#15 /home/franco/Venta_De_Autopartes/AplicacionesWeb/vendor/laravel/framework/src/Illuminate/Database/Migrations/Migrator.php(410): Illuminate\\Database\\Migrations\\Migrator->runMethod()
#16 /home/franco/Venta_De_Autopartes/AplicacionesWeb/vendor/laravel/framework/src/Illuminate/Database/Migrations/Migrator.php(419): Illuminate\\Database\\Migrations\\Migrator->Illuminate\\Database\\Migrations\\{closure}()
#17 /home/franco/Venta_De_Autopartes/AplicacionesWeb/vendor/laravel/framework/src/Illuminate/Database/Migrations/Migrator.php(216): Illuminate\\Database\\Migrations\\Migrator->runMigration()
#18 /home/franco/Venta_De_Autopartes/AplicacionesWeb/vendor/laravel/framework/src/Illuminate/Console/View/Components/Task.php(37): Illuminate\\Database\\Migrations\\Migrator->Illuminate\\Database\\Migrations\\{closure}()
#19 /home/franco/Venta_De_Autopartes/AplicacionesWeb/vendor/laravel/framework/src/Illuminate/Database/Migrations/Migrator.php(756): Illuminate\\Console\\View\\Components\\Task->render()
#20 /home/franco/Venta_De_Autopartes/AplicacionesWeb/vendor/laravel/framework/src/Illuminate/Database/Migrations/Migrator.php(216): Illuminate\\Database\\Migrations\\Migrator->write()
#21 /home/franco/Venta_De_Autopartes/AplicacionesWeb/vendor/laravel/framework/src/Illuminate/Database/Migrations/Migrator.php(181): Illuminate\\Database\\Migrations\\Migrator->runUp()
#22 /home/franco/Venta_De_Autopartes/AplicacionesWeb/vendor/laravel/framework/src/Illuminate/Database/Migrations/Migrator.php(124): Illuminate\\Database\\Migrations\\Migrator->runPending()
#23 /home/franco/Venta_De_Autopartes/AplicacionesWeb/vendor/laravel/framework/src/Illuminate/Database/Console/Migrations/MigrateCommand.php(92): Illuminate\\Database\\Migrations\\Migrator->run()
#24 /home/franco/Venta_De_Autopartes/AplicacionesWeb/vendor/laravel/framework/src/Illuminate/Database/Migrations/Migrator.php(633): Illuminate\\Database\\Console\\Migrations\\MigrateCommand->Illuminate\\Database\\Console\\Migrations\\{closure}()
#25 /home/franco/Venta_De_Autopartes/AplicacionesWeb/vendor/laravel/framework/src/Illuminate/Database/Console/Migrations/MigrateCommand.php(104): Illuminate\\Database\\Migrations\\Migrator->usingConnection()
#26 /home/franco/Venta_De_Autopartes/AplicacionesWeb/vendor/laravel/framework/src/Illuminate/Container/BoundMethod.php(36): Illuminate\\Database\\Console\\Migrations\\MigrateCommand->handle()
#27 /home/franco/Venta_De_Autopartes/AplicacionesWeb/vendor/laravel/framework/src/Illuminate/Container/Util.php(41): Illuminate\\Container\\BoundMethod::Illuminate\\Container\\{closure}()
#28 /home/franco/Venta_De_Autopartes/AplicacionesWeb/vendor/laravel/framework/src/Illuminate/Container/BoundMethod.php(93): Illuminate\\Container\\Util::unwrapIfClosure()
#29 /home/franco/Venta_De_Autopartes/AplicacionesWeb/vendor/laravel/framework/src/Illuminate/Container/BoundMethod.php(37): Illuminate\\Container\\BoundMethod::callBoundMethod()
#30 /home/franco/Venta_De_Autopartes/AplicacionesWeb/vendor/laravel/framework/src/Illuminate/Container/Container.php(662): Illuminate\\Container\\BoundMethod::call()
#31 /home/franco/Venta_De_Autopartes/AplicacionesWeb/vendor/laravel/framework/src/Illuminate/Console/Command.php(211): Illuminate\\Container\\Container->call()
#32 /home/franco/Venta_De_Autopartes/AplicacionesWeb/vendor/symfony/console/Command/Command.php(326): Illuminate\\Console\\Command->execute()
#33 /home/franco/Venta_De_Autopartes/AplicacionesWeb/vendor/laravel/framework/src/Illuminate/Console/Command.php(181): Symfony\\Component\\Console\\Command\\Command->run()
#34 /home/franco/Venta_De_Autopartes/AplicacionesWeb/vendor/laravel/framework/src/Illuminate/Console/Concerns/CallsCommands.php(68): Illuminate\\Console\\Command->run()
#35 /home/franco/Venta_De_Autopartes/AplicacionesWeb/vendor/laravel/framework/src/Illuminate/Console/Concerns/CallsCommands.php(28): Illuminate\\Console\\Command->runCommand()
#36 /home/franco/Venta_De_Autopartes/AplicacionesWeb/vendor/laravel/framework/src/Illuminate/Database/Console/Migrations/FreshCommand.php(59): Illuminate\\Console\\Command->call()
#37 /home/franco/Venta_De_Autopartes/AplicacionesWeb/vendor/laravel/framework/src/Illuminate/Container/BoundMethod.php(36): Illuminate\\Database\\Console\\Migrations\\FreshCommand->handle()
#38 /home/franco/Venta_De_Autopartes/AplicacionesWeb/vendor/laravel/framework/src/Illuminate/Container/Util.php(41): Illuminate\\Container\\BoundMethod::Illuminate\\Container\\{closure}()
#39 /home/franco/Venta_De_Autopartes/AplicacionesWeb/vendor/laravel/framework/src/Illuminate/Container/BoundMethod.php(93): Illuminate\\Container\\Util::unwrapIfClosure()
#40 /home/franco/Venta_De_Autopartes/AplicacionesWeb/vendor/laravel/framework/src/Illuminate/Container/BoundMethod.php(37): Illuminate\\Container\\BoundMethod::callBoundMethod()
#41 /home/franco/Venta_De_Autopartes/AplicacionesWeb/vendor/laravel/framework/src/Illuminate/Container/Container.php(662): Illuminate\\Container\\BoundMethod::call()
#42 /home/franco/Venta_De_Autopartes/AplicacionesWeb/vendor/laravel/framework/src/Illuminate/Console/Command.php(211): Illuminate\\Container\\Container->call()
#43 /home/franco/Venta_De_Autopartes/AplicacionesWeb/vendor/symfony/console/Command/Command.php(326): Illuminate\\Console\\Command->execute()
#44 /home/franco/Venta_De_Autopartes/AplicacionesWeb/vendor/laravel/framework/src/Illuminate/Console/Command.php(181): Symfony\\Component\\Console\\Command\\Command->run()
#45 /home/franco/Venta_De_Autopartes/AplicacionesWeb/vendor/symfony/console/Application.php(1096): Illuminate\\Console\\Command->run()
#46 /home/franco/Venta_De_Autopartes/AplicacionesWeb/vendor/symfony/console/Application.php(324): Symfony\\Component\\Console\\Application->doRunCommand()
#47 /home/franco/Venta_De_Autopartes/AplicacionesWeb/vendor/symfony/console/Application.php(175): Symfony\\Component\\Console\\Application->doRun()
#48 /home/franco/Venta_De_Autopartes/AplicacionesWeb/vendor/laravel/framework/src/Illuminate/Foundation/Console/Kernel.php(201): Symfony\\Component\\Console\\Application->run()
#49 /home/franco/Venta_De_Autopartes/AplicacionesWeb/artisan(37): Illuminate\\Foundation\\Console\\Kernel->handle()
#50 {main}
"} 
[2026-03-18 12:29:05] local.ERROR: SQLSTATE[42P01]: Undefined table: 7 ERROR:  relation "autopart" does not exist (Connection: pgsql, SQL: alter table "carrito" add constraint "carrito_autopart_id_foreign" foreign key ("autopart_id") references "autopart" ("id") on delete cascade) {"exception":"[object] (Illuminate\\Database\\QueryException(code: 42P01): SQLSTATE[42P01]: Undefined table: 7 ERROR:  relation \"autopart\" does not exist (Connection: pgsql, SQL: alter table \"carrito\" add constraint \"carrito_autopart_id_foreign\" foreign key (\"autopart_id\") references \"autopart\" (\"id\") on delete cascade) at /home/franco/Venta_De_Autopartes/AplicacionesWeb/vendor/laravel/framework/src/Illuminate/Database/Connection.php:829)
[stacktrace]
#0 /home/franco/Venta_De_Autopartes/AplicacionesWeb/vendor/laravel/framework/src/Illuminate/Database/Connection.php(783): Illuminate\\Database\\Connection->runQueryCallback()
#1 /home/franco/Venta_De_Autopartes/AplicacionesWeb/vendor/laravel/framework/src/Illuminate/Database/Connection.php(588): Illuminate\\Database\\Connection->run()
#2 /home/franco/Venta_De_Autopartes/AplicacionesWeb/vendor/laravel/framework/src/Illuminate/Database/Schema/Blueprint.php(110): Illuminate\\Database\\Connection->statement()
#3 /home/franco/Venta_De_Autopartes/AplicacionesWeb/vendor/laravel/framework/src/Illuminate/Database/Schema/Builder.php(602): Illuminate\\Database\\Schema\\Blueprint->build()
#4 /home/franco/Venta_De_Autopartes/AplicacionesWeb/vendor/laravel/framework/src/Illuminate/Database/Schema/Builder.php(444): Illuminate\\Database\\Schema\\Builder->build()
#5 /home/franco/Venta_De_Autopartes/AplicacionesWeb/vendor/laravel/framework/src/Illuminate/Support/Facades/Facade.php(355): Illuminate\\Database\\Schema\\Builder->table()
#6 /home/franco/Venta_De_Autopartes/AplicacionesWeb/database/migrations/2024_06_06_204537_create_carrito_table.php(29): Illuminate\\Support\\Facades\\Facade::__callStatic()
#7 /home/franco/Venta_De_Autopartes/AplicacionesWeb/vendor/laravel/framework/src/Illuminate/Database/Migrations/Migrator.php(493): CreateCarritoTable->up()
#8 /home/franco/Venta_De_Autopartes/AplicacionesWeb/vendor/laravel/framework/src/Illuminate/Database/Migrations/Migrator.php(410): Illuminate\\Database\\Migrations\\Migrator->runMethod()
#9 /home/franco/Venta_De_Autopartes/AplicacionesWeb/vendor/laravel/framework/src/Illuminate/Database/Migrations/Migrator.php(419): Illuminate\\Database\\Migrations\\Migrator->Illuminate\\Database\\Migrations\\{closure}()
#10 /home/franco/Venta_De_Autopartes/AplicacionesWeb/vendor/laravel/framework/src/Illuminate/Database/Migrations/Migrator.php(216): Illuminate\\Database\\Migrations\\Migrator->runMigration()
#11 /home/franco/Venta_De_Autopartes/AplicacionesWeb/vendor/laravel/framework/src/Illuminate/Console/View/Components/Task.php(37): Illuminate\\Database\\Migrations\\Migrator->Illuminate\\Database\\Migrations\\{closure}()
#12 /home/franco/Venta_De_Autopartes/AplicacionesWeb/vendor/laravel/framework/src/Illuminate/Database/Migrations/Migrator.php(756): Illuminate\\Console\\View\\Components\\Task->render()
#13 /home/franco/Venta_De_Autopartes/AplicacionesWeb/vendor/laravel/framework/src/Illuminate/Database/Migrations/Migrator.php(216): Illuminate\\Database\\Migrations\\Migrator->write()
#14 /home/franco/Venta_De_Autopartes/AplicacionesWeb/vendor/laravel/framework/src/Illuminate/Database/Migrations/Migrator.php(181): Illuminate\\Database\\Migrations\\Migrator->runUp()
#15 /home/franco/Venta_De_Autopartes/AplicacionesWeb/vendor/laravel/framework/src/Illuminate/Database/Migrations/Migrator.php(124): Illuminate\\Database\\Migrations\\Migrator->runPending()
#16 /home/franco/Venta_De_Autopartes/AplicacionesWeb/vendor/laravel/framework/src/Illuminate/Database/Console/Migrations/MigrateCommand.php(92): Illuminate\\Database\\Migrations\\Migrator->run()
#17 /home/franco/Venta_De_Autopartes/AplicacionesWeb/vendor/laravel/framework/src/Illuminate/Database/Migrations/Migrator.php(633): Illuminate\\Database\\Console\\Migrations\\MigrateCommand->Illuminate\\Database\\Console\\Migrations\\{closure}()
#18 /home/franco/Venta_De_Autopartes/AplicacionesWeb/vendor/laravel/framework/src/Illuminate/Database/Console/Migrations/MigrateCommand.php(104): Illuminate\\Database\\Migrations\\Migrator->usingConnection()
#19 /home/franco/Venta_De_Autopartes/AplicacionesWeb/vendor/laravel/framework/src/Illuminate/Container/BoundMethod.php(36): Illuminate\\Database\\Console\\Migrations\\MigrateCommand->handle()
#20 /home/franco/Venta_De_Autopartes/AplicacionesWeb/vendor/laravel/framework/src/Illuminate/Container/Util.php(41): Illuminate\\Container\\BoundMethod::Illuminate\\Container\\{closure}()
#21 /home/franco/Venta_De_Autopartes/AplicacionesWeb/vendor/laravel/framework/src/Illuminate/Container/BoundMethod.php(93): Illuminate\\Container\\Util::unwrapIfClosure()
#22 /home/franco/Venta_De_Autopartes/AplicacionesWeb/vendor/laravel/framework/src/Illuminate/Container/BoundMethod.php(37): Illuminate\\Container\\BoundMethod::callBoundMethod()
#23 /home/franco/Venta_De_Autopartes/AplicacionesWeb/vendor/laravel/framework/src/Illuminate/Container/Container.php(662): Illuminate\\Container\\BoundMethod::call()
#24 /home/franco/Venta_De_Autopartes/AplicacionesWeb/vendor/laravel/framework/src/Illuminate/Console/Command.php(211): Illuminate\\Container\\Container->call()
#25 /home/franco/Venta_De_Autopartes/AplicacionesWeb/vendor/symfony/console/Command/Command.php(326): Illuminate\\Console\\Command->execute()
#26 /home/franco/Venta_De_Autopartes/AplicacionesWeb/vendor/laravel/framework/src/Illuminate/Console/Command.php(181): Symfony\\Component\\Console\\Command\\Command->run()
#27 /home/franco/Venta_De_Autopartes/AplicacionesWeb/vendor/laravel/framework/src/Illuminate/Console/Concerns/CallsCommands.php(68): Illuminate\\Console\\Command->run()
#28 /home/franco/Venta_De_Autopartes/AplicacionesWeb/vendor/laravel/framework/src/Illuminate/Console/Concerns/CallsCommands.php(28): Illuminate\\Console\\Command->runCommand()
#29 /home/franco/Venta_De_Autopartes/AplicacionesWeb/vendor/laravel/framework/src/Illuminate/Database/Console/Migrations/FreshCommand.php(59): Illuminate\\Console\\Command->call()
#30 /home/franco/Venta_De_Autopartes/AplicacionesWeb/vendor/laravel/framework/src/Illuminate/Container/BoundMethod.php(36): Illuminate\\Database\\Console\\Migrations\\FreshCommand->handle()
#31 /home/franco/Venta_De_Autopartes/AplicacionesWeb/vendor/laravel/framework/src/Illuminate/Container/Util.php(41): Illuminate\\Container\\BoundMethod::Illuminate\\Container\\{closure}()
#32 /home/franco/Venta_De_Autopartes/AplicacionesWeb/vendor/laravel/framework/src/Illuminate/Container/BoundMethod.php(93): Illuminate\\Container\\Util::unwrapIfClosure()
#33 /home/franco/Venta_De_Autopartes/AplicacionesWeb/vendor/laravel/framework/src/Illuminate/Container/BoundMethod.php(37): Illuminate\\Container\\BoundMethod::callBoundMethod()
#34 /home/franco/Venta_De_Autopartes/AplicacionesWeb/vendor/laravel/framework/src/Illuminate/Container/Container.php(662): Illuminate\\Container\\BoundMethod::call()
#35 /home/franco/Venta_De_Autopartes/AplicacionesWeb/vendor/laravel/framework/src/Illuminate/Console/Command.php(211): Illuminate\\Container\\Container->call()
#36 /home/franco/Venta_De_Autopartes/AplicacionesWeb/vendor/symfony/console/Command/Command.php(326): Illuminate\\Console\\Command->execute()
#37 /home/franco/Venta_De_Autopartes/AplicacionesWeb/vendor/laravel/framework/src/Illuminate/Console/Command.php(181): Symfony\\Component\\Console\\Command\\Command->run()
#38 /home/franco/Venta_De_Autopartes/AplicacionesWeb/vendor/symfony/console/Application.php(1096): Illuminate\\Console\\Command->run()
#39 /home/franco/Venta_De_Autopartes/AplicacionesWeb/vendor/symfony/console/Application.php(324): Symfony\\Component\\Console\\Application->doRunCommand()
#40 /home/franco/Venta_De_Autopartes/AplicacionesWeb/vendor/symfony/console/Application.php(175): Symfony\\Component\\Console\\Application->doRun()
#41 /home/franco/Venta_De_Autopartes/AplicacionesWeb/vendor/laravel/framework/src/Illuminate/Foundation/Console/Kernel.php(201): Symfony\\Component\\Console\\Application->run()
#42 /home/franco/Venta_De_Autopartes/AplicacionesWeb/artisan(37): Illuminate\\Foundation\\Console\\Kernel->handle()
#43 {main}

[previous exception] [object] (PDOException(code: 42P01): SQLSTATE[42P01]: Undefined table: 7 ERROR:  relation \"autopart\" does not exist at /home/franco/Venta_De_Autopartes/AplicacionesWeb/vendor/laravel/framework/src/Illuminate/Database/Connection.php:587)
[stacktrace]
#0 /home/franco/Venta_De_Autopartes/AplicacionesWeb/vendor/laravel/framework/src/Illuminate/Database/Connection.php(587): PDOStatement->execute()
#1 /home/franco/Venta_De_Autopartes/AplicacionesWeb/vendor/laravel/framework/src/Illuminate/Database/Connection.php(816): Illuminate\\Database\\Connection->Illuminate\\Database\\{closure}()
#2 /home/franco/Venta_De_Autopartes/AplicacionesWeb/vendor/laravel/framework/src/Illuminate/Database/Connection.php(783): Illuminate\\Database\\Connection->runQueryCallback()
#3 /home/franco/Venta_De_Autopartes/AplicacionesWeb/vendor/laravel/framework/src/Illuminate/Database/Connection.php(588): Illuminate\\Database\\Connection->run()
#4 /home/franco/Venta_De_Autopartes/AplicacionesWeb/vendor/laravel/framework/src/Illuminate/Database/Schema/Blueprint.php(110): Illuminate\\Database\\Connection->statement()
#5 /home/franco/Venta_De_Autopartes/AplicacionesWeb/vendor/laravel/framework/src/Illuminate/Database/Schema/Builder.php(602): Illuminate\\Database\\Schema\\Blueprint->build()
#6 /home/franco/Venta_De_Autopartes/AplicacionesWeb/vendor/laravel/framework/src/Illuminate/Database/Schema/Builder.php(444): Illuminate\\Database\\Schema\\Builder->build()
#7 /home/franco/Venta_De_Autopartes/AplicacionesWeb/vendor/laravel/framework/src/Illuminate/Support/Facades/Facade.php(355): Illuminate\\Database\\Schema\\Builder->table()
#8 /home/franco/Venta_De_Autopartes/AplicacionesWeb/database/migrations/2024_06_06_204537_create_carrito_table.php(29): Illuminate\\Support\\Facades\\Facade::__callStatic()
#9 /home/franco/Venta_De_Autopartes/AplicacionesWeb/vendor/laravel/framework/src/Illuminate/Database/Migrations/Migrator.php(493): CreateCarritoTable->up()
#10 /home/franco/Venta_De_Autopartes/AplicacionesWeb/vendor/laravel/framework/src/Illuminate/Database/Migrations/Migrator.php(410): Illuminate\\Database\\Migrations\\Migrator->runMethod()
#11 /home/franco/Venta_De_Autopartes/AplicacionesWeb/vendor/laravel/framework/src/Illuminate/Database/Migrations/Migrator.php(419): Illuminate\\Database\\Migrations\\Migrator->Illuminate\\Database\\Migrations\\{closure}()
#12 /home/franco/Venta_De_Autopartes/AplicacionesWeb/vendor/laravel/framework/src/Illuminate/Database/Migrations/Migrator.php(216): Illuminate\\Database\\Migrations\\Migrator->runMigration()
#13 /home/franco/Venta_De_Autopartes/AplicacionesWeb/vendor/laravel/framework/src/Illuminate/Console/View/Components/Task.php(37): Illuminate\\Database\\Migrations\\Migrator->Illuminate\\Database\\Migrations\\{closure}()
#14 /home/franco/Venta_De_Autopartes/AplicacionesWeb/vendor/laravel/framework/src/Illuminate/Database/Migrations/Migrator.php(756): Illuminate\\Console\\View\\Components\\Task->render()
#15 /home/franco/Venta_De_Autopartes/AplicacionesWeb/vendor/laravel/framework/src/Illuminate/Database/Migrations/Migrator.php(216): Illuminate\\Database\\Migrations\\Migrator->write()
#16 /home/franco/Venta_De_Autopartes/AplicacionesWeb/vendor/laravel/framework/src/Illuminate/Database/Migrations/Migrator.php(181): Illuminate\\Database\\Migrations\\Migrator->runUp()
#17 /home/franco/Venta_De_Autopartes/AplicacionesWeb/vendor/laravel/framework/src/Illuminate/Database/Migrations/Migrator.php(124): Illuminate\\Database\\Migrations\\Migrator->runPending()
#18 /home/franco/Venta_De_Autopartes/AplicacionesWeb/vendor/laravel/framework/src/Illuminate/Database/Console/Migrations/MigrateCommand.php(92): Illuminate\\Database\\Migrations\\Migrator->run()
#19 /home/franco/Venta_De_Autopartes/AplicacionesWeb/vendor/laravel/framework/src/Illuminate/Database/Migrations/Migrator.php(633): Illuminate\\Database\\Console\\Migrations\\MigrateCommand->Illuminate\\Database\\Console\\Migrations\\{closure}()
#20 /home/franco/Venta_De_Autopartes/AplicacionesWeb/vendor/laravel/framework/src/Illuminate/Database/Console/Migrations/MigrateCommand.php(104): Illuminate\\Database\\Migrations\\Migrator->usingConnection()
#21 /home/franco/Venta_De_Autopartes/AplicacionesWeb/vendor/laravel/framework/src/Illuminate/Container/BoundMethod.php(36): Illuminate\\Database\\Console\\Migrations\\MigrateCommand->handle()
#22 /home/franco/Venta_De_Autopartes/AplicacionesWeb/vendor/laravel/framework/src/Illuminate/Container/Util.php(41): Illuminate\\Container\\BoundMethod::Illuminate\\Container\\{closure}()
#23 /home/franco/Venta_De_Autopartes/AplicacionesWeb/vendor/laravel/framework/src/Illuminate/Container/BoundMethod.php(93): Illuminate\\Container\\Util::unwrapIfClosure()
#24 /home/franco/Venta_De_Autopartes/AplicacionesWeb/vendor/laravel/framework/src/Illuminate/Container/BoundMethod.php(37): Illuminate\\Container\\BoundMethod::callBoundMethod()
#25 /home/franco/Venta_De_Autopartes/AplicacionesWeb/vendor/laravel/framework/src/Illuminate/Container/Container.php(662): Illuminate\\Container\\BoundMethod::call()
#26 /home/franco/Venta_De_Autopartes/AplicacionesWeb/vendor/laravel/framework/src/Illuminate/Console/Command.php(211): Illuminate\\Container\\Container->call()
#27 /home/franco/Venta_De_Autopartes/AplicacionesWeb/vendor/symfony/console/Command/Command.php(326): Illuminate\\Console\\Command->execute()
#28 /home/franco/Venta_De_Autopartes/AplicacionesWeb/vendor/laravel/framework/src/Illuminate/Console/Command.php(181): Symfony\\Component\\Console\\Command\\Command->run()
#29 /home/franco/Venta_De_Autopartes/AplicacionesWeb/vendor/laravel/framework/src/Illuminate/Console/Concerns/CallsCommands.php(68): Illuminate\\Console\\Command->run()
#30 /home/franco/Venta_De_Autopartes/AplicacionesWeb/vendor/laravel/framework/src/Illuminate/Console/Concerns/CallsCommands.php(28): Illuminate\\Console\\Command->runCommand()
#31 /home/franco/Venta_De_Autopartes/AplicacionesWeb/vendor/laravel/framework/src/Illuminate/Database/Console/Migrations/FreshCommand.php(59): Illuminate\\Console\\Command->call()
#32 /home/franco/Venta_De_Autopartes/AplicacionesWeb/vendor/laravel/framework/src/Illuminate/Container/BoundMethod.php(36): Illuminate\\Database\\Console\\Migrations\\FreshCommand->handle()
#33 /home/franco/Venta_De_Autopartes/AplicacionesWeb/vendor/laravel/framework/src/Illuminate/Container/Util.php(41): Illuminate\\Container\\BoundMethod::Illuminate\\Container\\{closure}()
#34 /home/franco/Venta_De_Autopartes/AplicacionesWeb/vendor/laravel/framework/src/Illuminate/Container/BoundMethod.php(93): Illuminate\\Container\\Util::unwrapIfClosure()
#35 /home/franco/Venta_De_Autopartes/AplicacionesWeb/vendor/laravel/framework/src/Illuminate/Container/BoundMethod.php(37): Illuminate\\Container\\BoundMethod::callBoundMethod()
#36 /home/franco/Venta_De_Autopartes/AplicacionesWeb/vendor/laravel/framework/src/Illuminate/Container/Container.php(662): Illuminate\\Container\\BoundMethod::call()
#37 /home/franco/Venta_De_Autopartes/AplicacionesWeb/vendor/laravel/framework/src/Illuminate/Console/Command.php(211): Illuminate\\Container\\Container->call()
#38 /home/franco/Venta_De_Autopartes/AplicacionesWeb/vendor/symfony/console/Command/Command.php(326): Illuminate\\Console\\Command->execute()
#39 /home/franco/Venta_De_Autopartes/AplicacionesWeb/vendor/laravel/framework/src/Illuminate/Console/Command.php(181): Symfony\\Component\\Console\\Command\\Command->run()
#40 /home/franco/Venta_De_Autopartes/AplicacionesWeb/vendor/symfony/console/Application.php(1096): Illuminate\\Console\\Command->run()
#41 /home/franco/Venta_De_Autopartes/AplicacionesWeb/vendor/symfony/console/Application.php(324): Symfony\\Component\\Console\\Application->doRunCommand()
#42 /home/franco/Venta_De_Autopartes/AplicacionesWeb/vendor/symfony/console/Application.php(175): Symfony\\Component\\Console\\Application->doRun()
#43 /home/franco/Venta_De_Autopartes/AplicacionesWeb/vendor/laravel/framework/src/Illuminate/Foundation/Console/Kernel.php(201): Symfony\\Component\\Console\\Application->run()
#44 /home/franco/Venta_De_Autopartes/AplicacionesWeb/artisan(37): Illuminate\\Foundation\\Console\\Kernel->handle()
#45 {main}
"} 
[2026-03-18 20:46:39] local.ERROR: View [autopartes.autopartes] not found. {"userId":1,"exception":"[object] (InvalidArgumentException(code: 0): View [autopartes.autopartes] not found. at /home/franco/Venta_De_Autopartes/AplicacionesWeb/vendor/laravel/framework/src/Illuminate/View/FileViewFinder.php:137)
[stacktrace]
#0 /home/franco/Venta_De_Autopartes/AplicacionesWeb/vendor/laravel/framework/src/Illuminate/View/FileViewFinder.php(79): Illuminate\\View\\FileViewFinder->findInPaths()
#1 /home/franco/Venta_De_Autopartes/AplicacionesWeb/vendor/laravel/framework/src/Illuminate/View/Factory.php(138): Illuminate\\View\\FileViewFinder->find()
#2 /home/franco/Venta_De_Autopartes/AplicacionesWeb/vendor/laravel/framework/src/Illuminate/Foundation/helpers.php(1020): Illuminate\\View\\Factory->make()
#3 /home/franco/Venta_De_Autopartes/AplicacionesWeb/app/Http/Controllers/Api/AutopartController.php(87): view()
#4 /home/franco/Venta_De_Autopartes/AplicacionesWeb/vendor/laravel/framework/src/Illuminate/Routing/Controller.php(54): App\\Http\\Controllers\\Api\\AutopartController->index()
#5 /home/franco/Venta_De_Autopartes/AplicacionesWeb/vendor/laravel/framework/src/Illuminate/Routing/ControllerDispatcher.php(43): Illuminate\\Routing\\Controller->callAction()
#6 /home/franco/Venta_De_Autopartes/AplicacionesWeb/vendor/laravel/framework/src/Illuminate/Routing/Route.php(260): Illuminate\\Routing\\ControllerDispatcher->dispatch()
#7 /home/franco/Venta_De_Autopartes/AplicacionesWeb/vendor/laravel/framework/src/Illuminate/Routing/Route.php(205): Illuminate\\Routing\\Route->runController()
#8 /home/franco/Venta_De_Autopartes/AplicacionesWeb/vendor/laravel/framework/src/Illuminate/Routing/Router.php(806): Illuminate\\Routing\\Route->run()
#9 /home/franco/Venta_De_Autopartes/AplicacionesWeb/vendor/laravel/framework/src/Illuminate/Pipeline/Pipeline.php(144): Illuminate\\Routing\\Router->Illuminate\\Routing\\{closure}()
#10 /home/franco/Venta_De_Autopartes/AplicacionesWeb/vendor/laravel/framework/src/Illuminate/Routing/Middleware/SubstituteBindings.php(50): Illuminate\\Pipeline\\Pipeline->Illuminate\\Pipeline\\{closure}()
#11 /home/franco/Venta_De_Autopartes/AplicacionesWeb/vendor/laravel/framework/src/Illuminate/Pipeline/Pipeline.php(183): Illuminate\\Routing\\Middleware\\SubstituteBindings->handle()
#12 /home/franco/Venta_De_Autopartes/AplicacionesWeb/vendor/laravel/framework/src/Illuminate/Auth/Middleware/Authenticate.php(57): Illuminate\\Pipeline\\Pipeline->Illuminate\\Pipeline\\{closure}()
#13 /home/franco/Venta_De_Autopartes/AplicacionesWeb/vendor/laravel/framework/src/Illuminate/Pipeline/Pipeline.php(183): Illuminate\\Auth\\Middleware\\Authenticate->handle()
#14 /home/franco/Venta_De_Autopartes/AplicacionesWeb/vendor/laravel/framework/src/Illuminate/Foundation/Http/Middleware/VerifyCsrfToken.php(78): Illuminate\\Pipeline\\Pipeline->Illuminate\\Pipeline\\{closure}()
#15 /home/franco/Venta_De_Autopartes/AplicacionesWeb/vendor/laravel/framework/src/Illuminate/Pipeline/Pipeline.php(183): Illuminate\\Foundation\\Http\\Middleware\\VerifyCsrfToken->handle()
#16 /home/franco/Venta_De_Autopartes/AplicacionesWeb/vendor/laravel/framework/src/Illuminate/View/Middleware/ShareErrorsFromSession.php(49): Illuminate\\Pipeline\\Pipeline->Illuminate\\Pipeline\\{closure}()
#17 /home/franco/Venta_De_Autopartes/AplicacionesWeb/vendor/laravel/framework/src/Illuminate/Pipeline/Pipeline.php(183): Illuminate\\View\\Middleware\\ShareErrorsFromSession->handle()
#18 /home/franco/Venta_De_Autopartes/AplicacionesWeb/vendor/laravel/framework/src/Illuminate/Session/Middleware/StartSession.php(121): Illuminate\\Pipeline\\Pipeline->Illuminate\\Pipeline\\{closure}()
#19 /home/franco/Venta_De_Autopartes/AplicacionesWeb/vendor/laravel/framework/src/Illuminate/Session/Middleware/StartSession.php(64): Illuminate\\Session\\Middleware\\StartSession->handleStatefulRequest()
#20 /home/franco/Venta_De_Autopartes/AplicacionesWeb/vendor/laravel/framework/src/Illuminate/Pipeline/Pipeline.php(183): Illuminate\\Session\\Middleware\\StartSession->handle()
#21 /home/franco/Venta_De_Autopartes/AplicacionesWeb/vendor/laravel/framework/src/Illuminate/Cookie/Middleware/AddQueuedCookiesToResponse.php(37): Illuminate\\Pipeline\\Pipeline->Illuminate\\Pipeline\\{closure}()
#22 /home/franco/Venta_De_Autopartes/AplicacionesWeb/vendor/laravel/framework/src/Illuminate/Pipeline/Pipeline.php(183): Illuminate\\Cookie\\Middleware\\AddQueuedCookiesToResponse->handle()
#23 /home/franco/Venta_De_Autopartes/AplicacionesWeb/vendor/laravel/framework/src/Illuminate/Cookie/Middleware/EncryptCookies.php(67): Illuminate\\Pipeline\\Pipeline->Illuminate\\Pipeline\\{closure}()
#24 /home/franco/Venta_De_Autopartes/AplicacionesWeb/vendor/laravel/framework/src/Illuminate/Pipeline/Pipeline.php(183): Illuminate\\Cookie\\Middleware\\EncryptCookies->handle()
#25 /home/franco/Venta_De_Autopartes/AplicacionesWeb/vendor/laravel/framework/src/Illuminate/Pipeline/Pipeline.php(119): Illuminate\\Pipeline\\Pipeline->Illuminate\\Pipeline\\{closure}()
#26 /home/franco/Venta_De_Autopartes/AplicacionesWeb/vendor/laravel/framework/src/Illuminate/Routing/Router.php(807): Illuminate\\Pipeline\\Pipeline->then()
#27 /home/franco/Venta_De_Autopartes/AplicacionesWeb/vendor/laravel/framework/src/Illuminate/Routing/Router.php(784): Illuminate\\Routing\\Router->runRouteWithinStack()
#28 /home/franco/Venta_De_Autopartes/AplicacionesWeb/vendor/laravel/framework/src/Illuminate/Routing/Router.php(748): Illuminate\\Routing\\Router->runRoute()
#29 /home/franco/Venta_De_Autopartes/AplicacionesWeb/vendor/laravel/framework/src/Illuminate/Routing/Router.php(737): Illuminate\\Routing\\Router->dispatchToRoute()
#30 /home/franco/Venta_De_Autopartes/AplicacionesWeb/vendor/laravel/framework/src/Illuminate/Foundation/Http/Kernel.php(200): Illuminate\\Routing\\Router->dispatch()
#31 /home/franco/Venta_De_Autopartes/AplicacionesWeb/vendor/laravel/framework/src/Illuminate/Pipeline/Pipeline.php(144): Illuminate\\Foundation\\Http\\Kernel->Illuminate\\Foundation\\Http\\{closure}()
#32 /home/franco/Venta_De_Autopartes/AplicacionesWeb/vendor/laravel/framework/src/Illuminate/Foundation/Http/Middleware/TransformsRequest.php(21): Illuminate\\Pipeline\\Pipeline->Illuminate\\Pipeline\\{closure}()
#33 /home/franco/Venta_De_Autopartes/AplicacionesWeb/vendor/laravel/framework/src/Illuminate/Foundation/Http/Middleware/ConvertEmptyStringsToNull.php(31): Illuminate\\Foundation\\Http\\Middleware\\TransformsRequest->handle()
#34 /home/franco/Venta_De_Autopartes/AplicacionesWeb/vendor/laravel/framework/src/Illuminate/Pipeline/Pipeline.php(183): Illuminate\\Foundation\\Http\\Middleware\\ConvertEmptyStringsToNull->handle()
#35 /home/franco/Venta_De_Autopartes/AplicacionesWeb/vendor/laravel/framework/src/Illuminate/Foundation/Http/Middleware/TransformsRequest.php(21): Illuminate\\Pipeline\\Pipeline->Illuminate\\Pipeline\\{closure}()
#36 /home/franco/Venta_De_Autopartes/AplicacionesWeb/vendor/laravel/framework/src/Illuminate/Foundation/Http/Middleware/TrimStrings.php(40): Illuminate\\Foundation\\Http\\Middleware\\TransformsRequest->handle()
#37 /home/franco/Venta_De_Autopartes/AplicacionesWeb/vendor/laravel/framework/src/Illuminate/Pipeline/Pipeline.php(183): Illuminate\\Foundation\\Http\\Middleware\\TrimStrings->handle()
#38 /home/franco/Venta_De_Autopartes/AplicacionesWeb/vendor/laravel/framework/src/Illuminate/Foundation/Http/Middleware/ValidatePostSize.php(27): Illuminate\\Pipeline\\Pipeline->Illuminate\\Pipeline\\{closure}()
#39 /home/franco/Venta_De_Autopartes/AplicacionesWeb/vendor/laravel/framework/src/Illuminate/Pipeline/Pipeline.php(183): Illuminate\\Foundation\\Http\\Middleware\\ValidatePostSize->handle()
#40 /home/franco/Venta_De_Autopartes/AplicacionesWeb/vendor/laravel/framework/src/Illuminate/Foundation/Http/Middleware/PreventRequestsDuringMaintenance.php(99): Illuminate\\Pipeline\\Pipeline->Illuminate\\Pipeline\\{closure}()
#41 /home/franco/Venta_De_Autopartes/AplicacionesWeb/vendor/laravel/framework/src/Illuminate/Pipeline/Pipeline.php(183): Illuminate\\Foundation\\Http\\Middleware\\PreventRequestsDuringMaintenance->handle()
#42 /home/franco/Venta_De_Autopartes/AplicacionesWeb/vendor/laravel/framework/src/Illuminate/Http/Middleware/HandleCors.php(49): Illuminate\\Pipeline\\Pipeline->Illuminate\\Pipeline\\{closure}()
#43 /home/franco/Venta_De_Autopartes/AplicacionesWeb/vendor/laravel/framework/src/Illuminate/Pipeline/Pipeline.php(183): Illuminate\\Http\\Middleware\\HandleCors->handle()
#44 /home/franco/Venta_De_Autopartes/AplicacionesWeb/vendor/laravel/framework/src/Illuminate/Http/Middleware/TrustProxies.php(39): Illuminate\\Pipeline\\Pipeline->Illuminate\\Pipeline\\{closure}()
#45 /home/franco/Venta_De_Autopartes/AplicacionesWeb/vendor/laravel/framework/src/Illuminate/Pipeline/Pipeline.php(183): Illuminate\\Http\\Middleware\\TrustProxies->handle()
#46 /home/franco/Venta_De_Autopartes/AplicacionesWeb/vendor/laravel/framework/src/Illuminate/Pipeline/Pipeline.php(119): Illuminate\\Pipeline\\Pipeline->Illuminate\\Pipeline\\{closure}()
#47 /home/franco/Venta_De_Autopartes/AplicacionesWeb/vendor/laravel/framework/src/Illuminate/Foundation/Http/Kernel.php(175): Illuminate\\Pipeline\\Pipeline->then()
#48 /home/franco/Venta_De_Autopartes/AplicacionesWeb/vendor/laravel/framework/src/Illuminate/Foundation/Http/Kernel.php(144): Illuminate\\Foundation\\Http\\Kernel->sendRequestThroughRouter()
#49 /home/franco/Venta_De_Autopartes/AplicacionesWeb/public/index.php(52): Illuminate\\Foundation\\Http\\Kernel->handle()
#50 /home/franco/Venta_De_Autopartes/AplicacionesWeb/vendor/laravel/framework/src/Illuminate/Foundation/resources/server.php(16): require_once('...')
#51 {main}
"} 
[2026-03-19 12:57:15] local.ERROR: Attempt to read property "name" on null {"view":{"view":"/home/franco/Venta_De_Autopartes/AplicacionesWeb/resources/views/autopartes/autopartes.blade.php","data":[]},"exception":"[object] (Spatie\\LaravelIgnition\\Exceptions\\ViewException(code: 0): Attempt to read property \"name\" on null at /home/franco/Venta_De_Autopartes/AplicacionesWeb/resources/views/autopartes/autopartes.blade.php:17)
[stacktrace]
#0 /home/franco/Venta_De_Autopartes/AplicacionesWeb/vendor/laravel/framework/src/Illuminate/Filesystem/Filesystem.php(123): require('...')
#1 /home/franco/Venta_De_Autopartes/AplicacionesWeb/vendor/laravel/framework/src/Illuminate/Filesystem/Filesystem.php(124): Illuminate\\Filesystem\\Filesystem::Illuminate\\Filesystem\\{closure}()
#2 /home/franco/Venta_De_Autopartes/AplicacionesWeb/vendor/laravel/framework/src/Illuminate/View/Engines/PhpEngine.php(58): Illuminate\\Filesystem\\Filesystem->getRequire()
#3 /home/franco/Venta_De_Autopartes/AplicacionesWeb/vendor/laravel/framework/src/Illuminate/View/Engines/CompilerEngine.php(72): Illuminate\\View\\Engines\\PhpEngine->evaluatePath()
#4 /home/franco/Venta_De_Autopartes/AplicacionesWeb/vendor/laravel/framework/src/Illuminate/View/View.php(207): Illuminate\\View\\Engines\\CompilerEngine->get()
#5 /home/franco/Venta_De_Autopartes/AplicacionesWeb/vendor/laravel/framework/src/Illuminate/View/View.php(190): Illuminate\\View\\View->getContents()
#6 /home/franco/Venta_De_Autopartes/AplicacionesWeb/vendor/laravel/framework/src/Illuminate/View/View.php(159): Illuminate\\View\\View->renderContents()
#7 /home/franco/Venta_De_Autopartes/AplicacionesWeb/vendor/laravel/framework/src/Illuminate/Http/Response.php(69): Illuminate\\View\\View->render()
#8 /home/franco/Venta_De_Autopartes/AplicacionesWeb/vendor/laravel/framework/src/Illuminate/Http/Response.php(35): Illuminate\\Http\\Response->setContent()
#9 /home/franco/Venta_De_Autopartes/AplicacionesWeb/vendor/laravel/framework/src/Illuminate/Routing/Router.php(918): Illuminate\\Http\\Response->__construct()
#10 /home/franco/Venta_De_Autopartes/AplicacionesWeb/vendor/laravel/framework/src/Illuminate/Routing/Router.php(885): Illuminate\\Routing\\Router::toResponse()
#11 /home/franco/Venta_De_Autopartes/AplicacionesWeb/vendor/laravel/framework/src/Illuminate/Routing/Router.php(806): Illuminate\\Routing\\Router->prepareResponse()
#12 /home/franco/Venta_De_Autopartes/AplicacionesWeb/vendor/laravel/framework/src/Illuminate/Pipeline/Pipeline.php(144): Illuminate\\Routing\\Router->Illuminate\\Routing\\{closure}()
#13 /home/franco/Venta_De_Autopartes/AplicacionesWeb/vendor/laravel/framework/src/Illuminate/Routing/Middleware/SubstituteBindings.php(50): Illuminate\\Pipeline\\Pipeline->Illuminate\\Pipeline\\{closure}()
#14 /home/franco/Venta_De_Autopartes/AplicacionesWeb/vendor/laravel/framework/src/Illuminate/Pipeline/Pipeline.php(183): Illuminate\\Routing\\Middleware\\SubstituteBindings->handle()
#15 /home/franco/Venta_De_Autopartes/AplicacionesWeb/vendor/laravel/framework/src/Illuminate/Routing/Middleware/ThrottleRequests.php(159): Illuminate\\Pipeline\\Pipeline->Illuminate\\Pipeline\\{closure}()
#16 /home/franco/Venta_De_Autopartes/AplicacionesWeb/vendor/laravel/framework/src/Illuminate/Routing/Middleware/ThrottleRequests.php(135): Illuminate\\Routing\\Middleware\\ThrottleRequests->handleRequest()
#17 /home/franco/Venta_De_Autopartes/AplicacionesWeb/vendor/laravel/framework/src/Illuminate/Routing/Middleware/ThrottleRequests.php(87): Illuminate\\Routing\\Middleware\\ThrottleRequests->handleRequestUsingNamedLimiter()
#18 /home/franco/Venta_De_Autopartes/AplicacionesWeb/vendor/laravel/framework/src/Illuminate/Pipeline/Pipeline.php(183): Illuminate\\Routing\\Middleware\\ThrottleRequests->handle()
#19 /home/franco/Venta_De_Autopartes/AplicacionesWeb/vendor/laravel/framework/src/Illuminate/Pipeline/Pipeline.php(119): Illuminate\\Pipeline\\Pipeline->Illuminate\\Pipeline\\{closure}()
#20 /home/franco/Venta_De_Autopartes/AplicacionesWeb/vendor/laravel/framework/src/Illuminate/Routing/Router.php(807): Illuminate\\Pipeline\\Pipeline->then()
#21 /home/franco/Venta_De_Autopartes/AplicacionesWeb/vendor/laravel/framework/src/Illuminate/Routing/Router.php(784): Illuminate\\Routing\\Router->runRouteWithinStack()
#22 /home/franco/Venta_De_Autopartes/AplicacionesWeb/vendor/laravel/framework/src/Illuminate/Routing/Router.php(748): Illuminate\\Routing\\Router->runRoute()
#23 /home/franco/Venta_De_Autopartes/AplicacionesWeb/vendor/laravel/framework/src/Illuminate/Routing/Router.php(737): Illuminate\\Routing\\Router->dispatchToRoute()
#24 /home/franco/Venta_De_Autopartes/AplicacionesWeb/vendor/laravel/framework/src/Illuminate/Foundation/Http/Kernel.php(200): Illuminate\\Routing\\Router->dispatch()
#25 /home/franco/Venta_De_Autopartes/AplicacionesWeb/vendor/laravel/framework/src/Illuminate/Pipeline/Pipeline.php(144): Illuminate\\Foundation\\Http\\Kernel->Illuminate\\Foundation\\Http\\{closure}()
#26 /home/franco/Venta_De_Autopartes/AplicacionesWeb/vendor/laravel/framework/src/Illuminate/Foundation/Http/Middleware/TransformsRequest.php(21): Illuminate\\Pipeline\\Pipeline->Illuminate\\Pipeline\\{closure}()
#27 /home/franco/Venta_De_Autopartes/AplicacionesWeb/vendor/laravel/framework/src/Illuminate/Foundation/Http/Middleware/ConvertEmptyStringsToNull.php(31): Illuminate\\Foundation\\Http\\Middleware\\TransformsRequest->handle()
#28 /home/franco/Venta_De_Autopartes/AplicacionesWeb/vendor/laravel/framework/src/Illuminate/Pipeline/Pipeline.php(183): Illuminate\\Foundation\\Http\\Middleware\\ConvertEmptyStringsToNull->handle()
#29 /home/franco/Venta_De_Autopartes/AplicacionesWeb/vendor/laravel/framework/src/Illuminate/Foundation/Http/Middleware/TransformsRequest.php(21): Illuminate\\Pipeline\\Pipeline->Illuminate\\Pipeline\\{closure}()
#30 /home/franco/Venta_De_Autopartes/AplicacionesWeb/vendor/laravel/framework/src/Illuminate/Foundation/Http/Middleware/TrimStrings.php(40): Illuminate\\Foundation\\Http\\Middleware\\TransformsRequest->handle()
#31 /home/franco/Venta_De_Autopartes/AplicacionesWeb/vendor/laravel/framework/src/Illuminate/Pipeline/Pipeline.php(183): Illuminate\\Foundation\\Http\\Middleware\\TrimStrings->handle()
#32 /home/franco/Venta_De_Autopartes/AplicacionesWeb/vendor/laravel/framework/src/Illuminate/Foundation/Http/Middleware/ValidatePostSize.php(27): Illuminate\\Pipeline\\Pipeline->Illuminate\\Pipeline\\{closure}()
#33 /home/franco/Venta_De_Autopartes/AplicacionesWeb/vendor/laravel/framework/src/Illuminate/Pipeline/Pipeline.php(183): Illuminate\\Foundation\\Http\\Middleware\\ValidatePostSize->handle()
#34 /home/franco/Venta_De_Autopartes/AplicacionesWeb/vendor/laravel/framework/src/Illuminate/Foundation/Http/Middleware/PreventRequestsDuringMaintenance.php(99): Illuminate\\Pipeline\\Pipeline->Illuminate\\Pipeline\\{closure}()
#35 /home/franco/Venta_De_Autopartes/AplicacionesWeb/vendor/laravel/framework/src/Illuminate/Pipeline/Pipeline.php(183): Illuminate\\Foundation\\Http\\Middleware\\PreventRequestsDuringMaintenance->handle()
#36 /home/franco/Venta_De_Autopartes/AplicacionesWeb/vendor/laravel/framework/src/Illuminate/Http/Middleware/HandleCors.php(62): Illuminate\\Pipeline\\Pipeline->Illuminate\\Pipeline\\{closure}()
#37 /home/franco/Venta_De_Autopartes/AplicacionesWeb/vendor/laravel/framework/src/Illuminate/Pipeline/Pipeline.php(183): Illuminate\\Http\\Middleware\\HandleCors->handle()
#38 /home/franco/Venta_De_Autopartes/AplicacionesWeb/vendor/laravel/framework/src/Illuminate/Http/Middleware/TrustProxies.php(39): Illuminate\\Pipeline\\Pipeline->Illuminate\\Pipeline\\{closure}()
#39 /home/franco/Venta_De_Autopartes/AplicacionesWeb/vendor/laravel/framework/src/Illuminate/Pipeline/Pipeline.php(183): Illuminate\\Http\\Middleware\\TrustProxies->handle()
#40 /home/franco/Venta_De_Autopartes/AplicacionesWeb/vendor/laravel/framework/src/Illuminate/Pipeline/Pipeline.php(119): Illuminate\\Pipeline\\Pipeline->Illuminate\\Pipeline\\{closure}()
#41 /home/franco/Venta_De_Autopartes/AplicacionesWeb/vendor/laravel/framework/src/Illuminate/Foundation/Http/Kernel.php(175): Illuminate\\Pipeline\\Pipeline->then()
#42 /home/franco/Venta_De_Autopartes/AplicacionesWeb/vendor/laravel/framework/src/Illuminate/Foundation/Http/Kernel.php(144): Illuminate\\Foundation\\Http\\Kernel->sendRequestThroughRouter()
#43 /home/franco/Venta_De_Autopartes/AplicacionesWeb/public/index.php(52): Illuminate\\Foundation\\Http\\Kernel->handle()
#44 /home/franco/Venta_De_Autopartes/AplicacionesWeb/vendor/laravel/framework/src/Illuminate/Foundation/resources/server.php(16): require_once('...')
#45 {main}

[previous exception] [object] (ErrorException(code: 0): Attempt to read property \"name\" on null at /home/franco/Venta_De_Autopartes/AplicacionesWeb/storage/framework/views/bd723b838a73422a29756cf3b6487276.php:17)
[stacktrace]
#0 /home/franco/Venta_De_Autopartes/AplicacionesWeb/vendor/laravel/framework/src/Illuminate/Foundation/Bootstrap/HandleExceptions.php(255): Illuminate\\Foundation\\Bootstrap\\HandleExceptions->handleError()
#1 /home/franco/Venta_De_Autopartes/AplicacionesWeb/storage/framework/views/bd723b838a73422a29756cf3b6487276.php(17): Illuminate\\Foundation\\Bootstrap\\HandleExceptions->Illuminate\\Foundation\\Bootstrap\\{closure}()
#2 /home/franco/Venta_De_Autopartes/AplicacionesWeb/vendor/laravel/framework/src/Illuminate/Filesystem/Filesystem.php(123): require('...')
#3 /home/franco/Venta_De_Autopartes/AplicacionesWeb/vendor/laravel/framework/src/Illuminate/Filesystem/Filesystem.php(124): Illuminate\\Filesystem\\Filesystem::Illuminate\\Filesystem\\{closure}()
#4 /home/franco/Venta_De_Autopartes/AplicacionesWeb/vendor/laravel/framework/src/Illuminate/View/Engines/PhpEngine.php(58): Illuminate\\Filesystem\\Filesystem->getRequire()
#5 /home/franco/Venta_De_Autopartes/AplicacionesWeb/vendor/laravel/framework/src/Illuminate/View/Engines/CompilerEngine.php(72): Illuminate\\View\\Engines\\PhpEngine->evaluatePath()
#6 /home/franco/Venta_De_Autopartes/AplicacionesWeb/vendor/laravel/framework/src/Illuminate/View/View.php(207): Illuminate\\View\\Engines\\CompilerEngine->get()
#7 /home/franco/Venta_De_Autopartes/AplicacionesWeb/vendor/laravel/framework/src/Illuminate/View/View.php(190): Illuminate\\View\\View->getContents()
#8 /home/franco/Venta_De_Autopartes/AplicacionesWeb/vendor/laravel/framework/src/Illuminate/View/View.php(159): Illuminate\\View\\View->renderContents()
#9 /home/franco/Venta_De_Autopartes/AplicacionesWeb/vendor/laravel/framework/src/Illuminate/Http/Response.php(69): Illuminate\\View\\View->render()
#10 /home/franco/Venta_De_Autopartes/AplicacionesWeb/vendor/laravel/framework/src/Illuminate/Http/Response.php(35): Illuminate\\Http\\Response->setContent()
#11 /home/franco/Venta_De_Autopartes/AplicacionesWeb/vendor/laravel/framework/src/Illuminate/Routing/Router.php(918): Illuminate\\Http\\Response->__construct()
#12 /home/franco/Venta_De_Autopartes/AplicacionesWeb/vendor/laravel/framework/src/Illuminate/Routing/Router.php(885): Illuminate\\Routing\\Router::toResponse()
#13 /home/franco/Venta_De_Autopartes/AplicacionesWeb/vendor/laravel/framework/src/Illuminate/Routing/Router.php(806): Illuminate\\Routing\\Router->prepareResponse()
#14 /home/franco/Venta_De_Autopartes/AplicacionesWeb/vendor/laravel/framework/src/Illuminate/Pipeline/Pipeline.php(144): Illuminate\\Routing\\Router->Illuminate\\Routing\\{closure}()
#15 /home/franco/Venta_De_Autopartes/AplicacionesWeb/vendor/laravel/framework/src/Illuminate/Routing/Middleware/SubstituteBindings.php(50): Illuminate\\Pipeline\\Pipeline->Illuminate\\Pipeline\\{closure}()
#16 /home/franco/Venta_De_Autopartes/AplicacionesWeb/vendor/laravel/framework/src/Illuminate/Pipeline/Pipeline.php(183): Illuminate\\Routing\\Middleware\\SubstituteBindings->handle()
#17 /home/franco/Venta_De_Autopartes/AplicacionesWeb/vendor/laravel/framework/src/Illuminate/Routing/Middleware/ThrottleRequests.php(159): Illuminate\\Pipeline\\Pipeline->Illuminate\\Pipeline\\{closure}()
#18 /home/franco/Venta_De_Autopartes/AplicacionesWeb/vendor/laravel/framework/src/Illuminate/Routing/Middleware/ThrottleRequests.php(135): Illuminate\\Routing\\Middleware\\ThrottleRequests->handleRequest()
#19 /home/franco/Venta_De_Autopartes/AplicacionesWeb/vendor/laravel/framework/src/Illuminate/Routing/Middleware/ThrottleRequests.php(87): Illuminate\\Routing\\Middleware\\ThrottleRequests->handleRequestUsingNamedLimiter()
#20 /home/franco/Venta_De_Autopartes/AplicacionesWeb/vendor/laravel/framework/src/Illuminate/Pipeline/Pipeline.php(183): Illuminate\\Routing\\Middleware\\ThrottleRequests->handle()
#21 /home/franco/Venta_De_Autopartes/AplicacionesWeb/vendor/laravel/framework/src/Illuminate/Pipeline/Pipeline.php(119): Illuminate\\Pipeline\\Pipeline->Illuminate\\Pipeline\\{closure}()
#22 /home/franco/Venta_De_Autopartes/AplicacionesWeb/vendor/laravel/framework/src/Illuminate/Routing/Router.php(807): Illuminate\\Pipeline\\Pipeline->then()
#23 /home/franco/Venta_De_Autopartes/AplicacionesWeb/vendor/laravel/framework/src/Illuminate/Routing/Router.php(784): Illuminate\\Routing\\Router->runRouteWithinStack()
#24 /home/franco/Venta_De_Autopartes/AplicacionesWeb/vendor/laravel/framework/src/Illuminate/Routing/Router.php(748): Illuminate\\Routing\\Router->runRoute()
#25 /home/franco/Venta_De_Autopartes/AplicacionesWeb/vendor/laravel/framework/src/Illuminate/Routing/Router.php(737): Illuminate\\Routing\\Router->dispatchToRoute()
#26 /home/franco/Venta_De_Autopartes/AplicacionesWeb/vendor/laravel/framework/src/Illuminate/Foundation/Http/Kernel.php(200): Illuminate\\Routing\\Router->dispatch()
#27 /home/franco/Venta_De_Autopartes/AplicacionesWeb/vendor/laravel/framework/src/Illuminate/Pipeline/Pipeline.php(144): Illuminate\\Foundation\\Http\\Kernel->Illuminate\\Foundation\\Http\\{closure}()
#28 /home/franco/Venta_De_Autopartes/AplicacionesWeb/vendor/laravel/framework/src/Illuminate/Foundation/Http/Middleware/TransformsRequest.php(21): Illuminate\\Pipeline\\Pipeline->Illuminate\\Pipeline\\{closure}()
#29 /home/franco/Venta_De_Autopartes/AplicacionesWeb/vendor/laravel/framework/src/Illuminate/Foundation/Http/Middleware/ConvertEmptyStringsToNull.php(31): Illuminate\\Foundation\\Http\\Middleware\\TransformsRequest->handle()
#30 /home/franco/Venta_De_Autopartes/AplicacionesWeb/vendor/laravel/framework/src/Illuminate/Pipeline/Pipeline.php(183): Illuminate\\Foundation\\Http\\Middleware\\ConvertEmptyStringsToNull->handle()
#31 /home/franco/Venta_De_Autopartes/AplicacionesWeb/vendor/laravel/framework/src/Illuminate/Foundation/Http/Middleware/TransformsRequest.php(21): Illuminate\\Pipeline\\Pipeline->Illuminate\\Pipeline\\{closure}()
#32 /home/franco/Venta_De_Autopartes/AplicacionesWeb/vendor/laravel/framework/src/Illuminate/Foundation/Http/Middleware/TrimStrings.php(40): Illuminate\\Foundation\\Http\\Middleware\\TransformsRequest->handle()
#33 /home/franco/Venta_De_Autopartes/AplicacionesWeb/vendor/laravel/framework/src/Illuminate/Pipeline/Pipeline.php(183): Illuminate\\Foundation\\Http\\Middleware\\TrimStrings->handle()
#34 /home/franco/Venta_De_Autopartes/AplicacionesWeb/vendor/laravel/framework/src/Illuminate/Foundation/Http/Middleware/ValidatePostSize.php(27): Illuminate\\Pipeline\\Pipeline->Illuminate\\Pipeline\\{closure}()
#35 /home/franco/Venta_De_Autopartes/AplicacionesWeb/vendor/laravel/framework/src/Illuminate/Pipeline/Pipeline.php(183): Illuminate\\Foundation\\Http\\Middleware\\ValidatePostSize->handle()
#36 /home/franco/Venta_De_Autopartes/AplicacionesWeb/vendor/laravel/framework/src/Illuminate/Foundation/Http/Middleware/PreventRequestsDuringMaintenance.php(99): Illuminate\\Pipeline\\Pipeline->Illuminate\\Pipeline\\{closure}()
#37 /home/franco/Venta_De_Autopartes/AplicacionesWeb/vendor/laravel/framework/src/Illuminate/Pipeline/Pipeline.php(183): Illuminate\\Foundation\\Http\\Middleware\\PreventRequestsDuringMaintenance->handle()
#38 /home/franco/Venta_De_Autopartes/AplicacionesWeb/vendor/laravel/framework/src/Illuminate/Http/Middleware/HandleCors.php(62): Illuminate\\Pipeline\\Pipeline->Illuminate\\Pipeline\\{closure}()
#39 /home/franco/Venta_De_Autopartes/AplicacionesWeb/vendor/laravel/framework/src/Illuminate/Pipeline/Pipeline.php(183): Illuminate\\Http\\Middleware\\HandleCors->handle()
#40 /home/franco/Venta_De_Autopartes/AplicacionesWeb/vendor/laravel/framework/src/Illuminate/Http/Middleware/TrustProxies.php(39): Illuminate\\Pipeline\\Pipeline->Illuminate\\Pipeline\\{closure}()
#41 /home/franco/Venta_De_Autopartes/AplicacionesWeb/vendor/laravel/framework/src/Illuminate/Pipeline/Pipeline.php(183): Illuminate\\Http\\Middleware\\TrustProxies->handle()
#42 /home/franco/Venta_De_Autopartes/AplicacionesWeb/vendor/laravel/framework/src/Illuminate/Pipeline/Pipeline.php(119): Illuminate\\Pipeline\\Pipeline->Illuminate\\Pipeline\\{closure}()
#43 /home/franco/Venta_De_Autopartes/AplicacionesWeb/vendor/laravel/framework/src/Illuminate/Foundation/Http/Kernel.php(175): Illuminate\\Pipeline\\Pipeline->then()
#44 /home/franco/Venta_De_Autopartes/AplicacionesWeb/vendor/laravel/framework/src/Illuminate/Foundation/Http/Kernel.php(144): Illuminate\\Foundation\\Http\\Kernel->sendRequestThroughRouter()
#45 /home/franco/Venta_De_Autopartes/AplicacionesWeb/public/index.php(52): Illuminate\\Foundation\\Http\\Kernel->handle()
#46 /home/franco/Venta_De_Autopartes/AplicacionesWeb/vendor/laravel/framework/src/Illuminate/Foundation/resources/server.php(16): require_once('...')
#47 {main}
"} 
[2026-03-27 22:42:25] local.ERROR: Call to undefined method App\Models\User::assignRole() {"exception":"[object] (BadMethodCallException(code: 0): Call to undefined method App\\Models\\User::assignRole() at /home/franco/Venta_De_Autopartes/AplicacionesWeb/vendor/laravel/framework/src/Illuminate/Support/Traits/ForwardsCalls.php:67)
[stacktrace]
#0 /home/franco/Venta_De_Autopartes/AplicacionesWeb/vendor/laravel/framework/src/Illuminate/Support/Traits/ForwardsCalls.php(36): Illuminate\\Database\\Eloquent\\Model::throwBadMethodCallException()
#1 /home/franco/Venta_De_Autopartes/AplicacionesWeb/vendor/laravel/framework/src/Illuminate/Database/Eloquent/Model.php(2334): Illuminate\\Database\\Eloquent\\Model->forwardCallTo()
#2 /home/franco/Venta_De_Autopartes/AplicacionesWeb/app/Http/Controllers/Api/RegisterController.php(30): Illuminate\\Database\\Eloquent\\Model->__call()
#3 /home/franco/Venta_De_Autopartes/AplicacionesWeb/vendor/laravel/framework/src/Illuminate/Routing/Controller.php(54): App\\Http\\Controllers\\Api\\RegisterController->register()
#4 /home/franco/Venta_De_Autopartes/AplicacionesWeb/vendor/laravel/framework/src/Illuminate/Routing/ControllerDispatcher.php(43): Illuminate\\Routing\\Controller->callAction()
#5 /home/franco/Venta_De_Autopartes/AplicacionesWeb/vendor/laravel/framework/src/Illuminate/Routing/Route.php(260): Illuminate\\Routing\\ControllerDispatcher->dispatch()
#6 /home/franco/Venta_De_Autopartes/AplicacionesWeb/vendor/laravel/framework/src/Illuminate/Routing/Route.php(205): Illuminate\\Routing\\Route->runController()
#7 /home/franco/Venta_De_Autopartes/AplicacionesWeb/vendor/laravel/framework/src/Illuminate/Routing/Router.php(806): Illuminate\\Routing\\Route->run()
#8 /home/franco/Venta_De_Autopartes/AplicacionesWeb/vendor/laravel/framework/src/Illuminate/Pipeline/Pipeline.php(144): Illuminate\\Routing\\Router->Illuminate\\Routing\\{closure}()
#9 /home/franco/Venta_De_Autopartes/AplicacionesWeb/vendor/laravel/framework/src/Illuminate/Routing/Middleware/SubstituteBindings.php(50): Illuminate\\Pipeline\\Pipeline->Illuminate\\Pipeline\\{closure}()
#10 /home/franco/Venta_De_Autopartes/AplicacionesWeb/vendor/laravel/framework/src/Illuminate/Pipeline/Pipeline.php(183): Illuminate\\Routing\\Middleware\\SubstituteBindings->handle()
#11 /home/franco/Venta_De_Autopartes/AplicacionesWeb/vendor/laravel/framework/src/Illuminate/Routing/Middleware/ThrottleRequests.php(159): Illuminate\\Pipeline\\Pipeline->Illuminate\\Pipeline\\{closure}()
#12 /home/franco/Venta_De_Autopartes/AplicacionesWeb/vendor/laravel/framework/src/Illuminate/Routing/Middleware/ThrottleRequests.php(135): Illuminate\\Routing\\Middleware\\ThrottleRequests->handleRequest()
#13 /home/franco/Venta_De_Autopartes/AplicacionesWeb/vendor/laravel/framework/src/Illuminate/Routing/Middleware/ThrottleRequests.php(87): Illuminate\\Routing\\Middleware\\ThrottleRequests->handleRequestUsingNamedLimiter()
#14 /home/franco/Venta_De_Autopartes/AplicacionesWeb/vendor/laravel/framework/src/Illuminate/Pipeline/Pipeline.php(183): Illuminate\\Routing\\Middleware\\ThrottleRequests->handle()
#15 /home/franco/Venta_De_Autopartes/AplicacionesWeb/vendor/laravel/framework/src/Illuminate/Pipeline/Pipeline.php(119): Illuminate\\Pipeline\\Pipeline->Illuminate\\Pipeline\\{closure}()
#16 /home/franco/Venta_De_Autopartes/AplicacionesWeb/vendor/laravel/framework/src/Illuminate/Routing/Router.php(807): Illuminate\\Pipeline\\Pipeline->then()
#17 /home/franco/Venta_De_Autopartes/AplicacionesWeb/vendor/laravel/framework/src/Illuminate/Routing/Router.php(784): Illuminate\\Routing\\Router->runRouteWithinStack()
#18 /home/franco/Venta_De_Autopartes/AplicacionesWeb/vendor/laravel/framework/src/Illuminate/Routing/Router.php(748): Illuminate\\Routing\\Router->runRoute()
#19 /home/franco/Venta_De_Autopartes/AplicacionesWeb/vendor/laravel/framework/src/Illuminate/Routing/Router.php(737): Illuminate\\Routing\\Router->dispatchToRoute()
#20 /home/franco/Venta_De_Autopartes/AplicacionesWeb/vendor/laravel/framework/src/Illuminate/Foundation/Http/Kernel.php(200): Illuminate\\Routing\\Router->dispatch()
#21 /home/franco/Venta_De_Autopartes/AplicacionesWeb/vendor/laravel/framework/src/Illuminate/Pipeline/Pipeline.php(144): Illuminate\\Foundation\\Http\\Kernel->Illuminate\\Foundation\\Http\\{closure}()
#22 /home/franco/Venta_De_Autopartes/AplicacionesWeb/vendor/laravel/framework/src/Illuminate/Foundation/Http/Middleware/TransformsRequest.php(21): Illuminate\\Pipeline\\Pipeline->Illuminate\\Pipeline\\{closure}()
#23 /home/franco/Venta_De_Autopartes/AplicacionesWeb/vendor/laravel/framework/src/Illuminate/Foundation/Http/Middleware/ConvertEmptyStringsToNull.php(31): Illuminate\\Foundation\\Http\\Middleware\\TransformsRequest->handle()
#24 /home/franco/Venta_De_Autopartes/AplicacionesWeb/vendor/laravel/framework/src/Illuminate/Pipeline/Pipeline.php(183): Illuminate\\Foundation\\Http\\Middleware\\ConvertEmptyStringsToNull->handle()
#25 /home/franco/Venta_De_Autopartes/AplicacionesWeb/vendor/laravel/framework/src/Illuminate/Foundation/Http/Middleware/TransformsRequest.php(21): Illuminate\\Pipeline\\Pipeline->Illuminate\\Pipeline\\{closure}()
#26 /home/franco/Venta_De_Autopartes/AplicacionesWeb/vendor/laravel/framework/src/Illuminate/Foundation/Http/Middleware/TrimStrings.php(40): Illuminate\\Foundation\\Http\\Middleware\\TransformsRequest->handle()
#27 /home/franco/Venta_De_Autopartes/AplicacionesWeb/vendor/laravel/framework/src/Illuminate/Pipeline/Pipeline.php(183): Illuminate\\Foundation\\Http\\Middleware\\TrimStrings->handle()
#28 /home/franco/Venta_De_Autopartes/AplicacionesWeb/vendor/laravel/framework/src/Illuminate/Foundation/Http/Middleware/ValidatePostSize.php(27): Illuminate\\Pipeline\\Pipeline->Illuminate\\Pipeline\\{closure}()
#29 /home/franco/Venta_De_Autopartes/AplicacionesWeb/vendor/laravel/framework/src/Illuminate/Pipeline/Pipeline.php(183): Illuminate\\Foundation\\Http\\Middleware\\ValidatePostSize->handle()
#30 /home/franco/Venta_De_Autopartes/AplicacionesWeb/vendor/laravel/framework/src/Illuminate/Foundation/Http/Middleware/PreventRequestsDuringMaintenance.php(99): Illuminate\\Pipeline\\Pipeline->Illuminate\\Pipeline\\{closure}()
#31 /home/franco/Venta_De_Autopartes/AplicacionesWeb/vendor/laravel/framework/src/Illuminate/Pipeline/Pipeline.php(183): Illuminate\\Foundation\\Http\\Middleware\\PreventRequestsDuringMaintenance->handle()
#32 /home/franco/Venta_De_Autopartes/AplicacionesWeb/vendor/laravel/framework/src/Illuminate/Http/Middleware/HandleCors.php(62): Illuminate\\Pipeline\\Pipeline->Illuminate\\Pipeline\\{closure}()
#33 /home/franco/Venta_De_Autopartes/AplicacionesWeb/vendor/laravel/framework/src/Illuminate/Pipeline/Pipeline.php(183): Illuminate\\Http\\Middleware\\HandleCors->handle()
#34 /home/franco/Venta_De_Autopartes/AplicacionesWeb/vendor/laravel/framework/src/Illuminate/Http/Middleware/TrustProxies.php(39): Illuminate\\Pipeline\\Pipeline->Illuminate\\Pipeline\\{closure}()
#35 /home/franco/Venta_De_Autopartes/AplicacionesWeb/vendor/laravel/framework/src/Illuminate/Pipeline/Pipeline.php(183): Illuminate\\Http\\Middleware\\TrustProxies->handle()
#36 /home/franco/Venta_De_Autopartes/AplicacionesWeb/vendor/laravel/framework/src/Illuminate/Pipeline/Pipeline.php(119): Illuminate\\Pipeline\\Pipeline->Illuminate\\Pipeline\\{closure}()
#37 /home/franco/Venta_De_Autopartes/AplicacionesWeb/vendor/laravel/framework/src/Illuminate/Foundation/Http/Kernel.php(175): Illuminate\\Pipeline\\Pipeline->then()
#38 /home/franco/Venta_De_Autopartes/AplicacionesWeb/vendor/laravel/framework/src/Illuminate/Foundation/Http/Kernel.php(144): Illuminate\\Foundation\\Http\\Kernel->sendRequestThroughRouter()
#39 /home/franco/Venta_De_Autopartes/AplicacionesWeb/public/index.php(52): Illuminate\\Foundation\\Http\\Kernel->handle()
#40 /home/franco/Venta_De_Autopartes/AplicacionesWeb/vendor/laravel/framework/src/Illuminate/Foundation/resources/server.php(16): require_once('...')
#41 {main}
"} 
[2026-03-27 22:45:00] local.ERROR: Call to undefined method App\Models\User::assignRole() {"exception":"[object] (BadMethodCallException(code: 0): Call to undefined method App\\Models\\User::assignRole() at /home/franco/Venta_De_Autopartes/AplicacionesWeb/vendor/laravel/framework/src/Illuminate/Support/Traits/ForwardsCalls.php:67)
[stacktrace]
#0 /home/franco/Venta_De_Autopartes/AplicacionesWeb/vendor/laravel/framework/src/Illuminate/Support/Traits/ForwardsCalls.php(36): Illuminate\\Database\\Eloquent\\Model::throwBadMethodCallException()
#1 /home/franco/Venta_De_Autopartes/AplicacionesWeb/vendor/laravel/framework/src/Illuminate/Database/Eloquent/Model.php(2334): Illuminate\\Database\\Eloquent\\Model->forwardCallTo()
#2 /home/franco/Venta_De_Autopartes/AplicacionesWeb/app/Http/Controllers/Api/RegisterController.php(30): Illuminate\\Database\\Eloquent\\Model->__call()
#3 /home/franco/Venta_De_Autopartes/AplicacionesWeb/vendor/laravel/framework/src/Illuminate/Routing/Controller.php(54): App\\Http\\Controllers\\Api\\RegisterController->register()
#4 /home/franco/Venta_De_Autopartes/AplicacionesWeb/vendor/laravel/framework/src/Illuminate/Routing/ControllerDispatcher.php(43): Illuminate\\Routing\\Controller->callAction()
#5 /home/franco/Venta_De_Autopartes/AplicacionesWeb/vendor/laravel/framework/src/Illuminate/Routing/Route.php(260): Illuminate\\Routing\\ControllerDispatcher->dispatch()
#6 /home/franco/Venta_De_Autopartes/AplicacionesWeb/vendor/laravel/framework/src/Illuminate/Routing/Route.php(205): Illuminate\\Routing\\Route->runController()
#7 /home/franco/Venta_De_Autopartes/AplicacionesWeb/vendor/laravel/framework/src/Illuminate/Routing/Router.php(806): Illuminate\\Routing\\Route->run()
#8 /home/franco/Venta_De_Autopartes/AplicacionesWeb/vendor/laravel/framework/src/Illuminate/Pipeline/Pipeline.php(144): Illuminate\\Routing\\Router->Illuminate\\Routing\\{closure}()
#9 /home/franco/Venta_De_Autopartes/AplicacionesWeb/vendor/laravel/framework/src/Illuminate/Routing/Middleware/SubstituteBindings.php(50): Illuminate\\Pipeline\\Pipeline->Illuminate\\Pipeline\\{closure}()
#10 /home/franco/Venta_De_Autopartes/AplicacionesWeb/vendor/laravel/framework/src/Illuminate/Pipeline/Pipeline.php(183): Illuminate\\Routing\\Middleware\\SubstituteBindings->handle()
#11 /home/franco/Venta_De_Autopartes/AplicacionesWeb/vendor/laravel/framework/src/Illuminate/Routing/Middleware/ThrottleRequests.php(159): Illuminate\\Pipeline\\Pipeline->Illuminate\\Pipeline\\{closure}()
#12 /home/franco/Venta_De_Autopartes/AplicacionesWeb/vendor/laravel/framework/src/Illuminate/Routing/Middleware/ThrottleRequests.php(135): Illuminate\\Routing\\Middleware\\ThrottleRequests->handleRequest()
#13 /home/franco/Venta_De_Autopartes/AplicacionesWeb/vendor/laravel/framework/src/Illuminate/Routing/Middleware/ThrottleRequests.php(87): Illuminate\\Routing\\Middleware\\ThrottleRequests->handleRequestUsingNamedLimiter()
#14 /home/franco/Venta_De_Autopartes/AplicacionesWeb/vendor/laravel/framework/src/Illuminate/Pipeline/Pipeline.php(183): Illuminate\\Routing\\Middleware\\ThrottleRequests->handle()
#15 /home/franco/Venta_De_Autopartes/AplicacionesWeb/vendor/laravel/framework/src/Illuminate/Pipeline/Pipeline.php(119): Illuminate\\Pipeline\\Pipeline->Illuminate\\Pipeline\\{closure}()
#16 /home/franco/Venta_De_Autopartes/AplicacionesWeb/vendor/laravel/framework/src/Illuminate/Routing/Router.php(807): Illuminate\\Pipeline\\Pipeline->then()
#17 /home/franco/Venta_De_Autopartes/AplicacionesWeb/vendor/laravel/framework/src/Illuminate/Routing/Router.php(784): Illuminate\\Routing\\Router->runRouteWithinStack()
#18 /home/franco/Venta_De_Autopartes/AplicacionesWeb/vendor/laravel/framework/src/Illuminate/Routing/Router.php(748): Illuminate\\Routing\\Router->runRoute()
#19 /home/franco/Venta_De_Autopartes/AplicacionesWeb/vendor/laravel/framework/src/Illuminate/Routing/Router.php(737): Illuminate\\Routing\\Router->dispatchToRoute()
#20 /home/franco/Venta_De_Autopartes/AplicacionesWeb/vendor/laravel/framework/src/Illuminate/Foundation/Http/Kernel.php(200): Illuminate\\Routing\\Router->dispatch()
#21 /home/franco/Venta_De_Autopartes/AplicacionesWeb/vendor/laravel/framework/src/Illuminate/Pipeline/Pipeline.php(144): Illuminate\\Foundation\\Http\\Kernel->Illuminate\\Foundation\\Http\\{closure}()
#22 /home/franco/Venta_De_Autopartes/AplicacionesWeb/vendor/laravel/framework/src/Illuminate/Foundation/Http/Middleware/TransformsRequest.php(21): Illuminate\\Pipeline\\Pipeline->Illuminate\\Pipeline\\{closure}()
#23 /home/franco/Venta_De_Autopartes/AplicacionesWeb/vendor/laravel/framework/src/Illuminate/Foundation/Http/Middleware/ConvertEmptyStringsToNull.php(31): Illuminate\\Foundation\\Http\\Middleware\\TransformsRequest->handle()
#24 /home/franco/Venta_De_Autopartes/AplicacionesWeb/vendor/laravel/framework/src/Illuminate/Pipeline/Pipeline.php(183): Illuminate\\Foundation\\Http\\Middleware\\ConvertEmptyStringsToNull->handle()
#25 /home/franco/Venta_De_Autopartes/AplicacionesWeb/vendor/laravel/framework/src/Illuminate/Foundation/Http/Middleware/TransformsRequest.php(21): Illuminate\\Pipeline\\Pipeline->Illuminate\\Pipeline\\{closure}()
#26 /home/franco/Venta_De_Autopartes/AplicacionesWeb/vendor/laravel/framework/src/Illuminate/Foundation/Http/Middleware/TrimStrings.php(40): Illuminate\\Foundation\\Http\\Middleware\\TransformsRequest->handle()
#27 /home/franco/Venta_De_Autopartes/AplicacionesWeb/vendor/laravel/framework/src/Illuminate/Pipeline/Pipeline.php(183): Illuminate\\Foundation\\Http\\Middleware\\TrimStrings->handle()
#28 /home/franco/Venta_De_Autopartes/AplicacionesWeb/vendor/laravel/framework/src/Illuminate/Foundation/Http/Middleware/ValidatePostSize.php(27): Illuminate\\Pipeline\\Pipeline->Illuminate\\Pipeline\\{closure}()
#29 /home/franco/Venta_De_Autopartes/AplicacionesWeb/vendor/laravel/framework/src/Illuminate/Pipeline/Pipeline.php(183): Illuminate\\Foundation\\Http\\Middleware\\ValidatePostSize->handle()
#30 /home/franco/Venta_De_Autopartes/AplicacionesWeb/vendor/laravel/framework/src/Illuminate/Foundation/Http/Middleware/PreventRequestsDuringMaintenance.php(99): Illuminate\\Pipeline\\Pipeline->Illuminate\\Pipeline\\{closure}()
#31 /home/franco/Venta_De_Autopartes/AplicacionesWeb/vendor/laravel/framework/src/Illuminate/Pipeline/Pipeline.php(183): Illuminate\\Foundation\\Http\\Middleware\\PreventRequestsDuringMaintenance->handle()
#32 /home/franco/Venta_De_Autopartes/AplicacionesWeb/vendor/laravel/framework/src/Illuminate/Http/Middleware/HandleCors.php(62): Illuminate\\Pipeline\\Pipeline->Illuminate\\Pipeline\\{closure}()
#33 /home/franco/Venta_De_Autopartes/AplicacionesWeb/vendor/laravel/framework/src/Illuminate/Pipeline/Pipeline.php(183): Illuminate\\Http\\Middleware\\HandleCors->handle()
#34 /home/franco/Venta_De_Autopartes/AplicacionesWeb/vendor/laravel/framework/src/Illuminate/Http/Middleware/TrustProxies.php(39): Illuminate\\Pipeline\\Pipeline->Illuminate\\Pipeline\\{closure}()
#35 /home/franco/Venta_De_Autopartes/AplicacionesWeb/vendor/laravel/framework/src/Illuminate/Pipeline/Pipeline.php(183): Illuminate\\Http\\Middleware\\TrustProxies->handle()
#36 /home/franco/Venta_De_Autopartes/AplicacionesWeb/vendor/laravel/framework/src/Illuminate/Pipeline/Pipeline.php(119): Illuminate\\Pipeline\\Pipeline->Illuminate\\Pipeline\\{closure}()
#37 /home/franco/Venta_De_Autopartes/AplicacionesWeb/vendor/laravel/framework/src/Illuminate/Foundation/Http/Kernel.php(175): Illuminate\\Pipeline\\Pipeline->then()
#38 /home/franco/Venta_De_Autopartes/AplicacionesWeb/vendor/laravel/framework/src/Illuminate/Foundation/Http/Kernel.php(144): Illuminate\\Foundation\\Http\\Kernel->sendRequestThroughRouter()
#39 /home/franco/Venta_De_Autopartes/AplicacionesWeb/public/index.php(52): Illuminate\\Foundation\\Http\\Kernel->handle()
#40 /home/franco/Venta_De_Autopartes/AplicacionesWeb/vendor/laravel/framework/src/Illuminate/Foundation/resources/server.php(16): require_once('...')
#41 {main}
"} 
[2026-03-29 19:22:36] local.ERROR: Method Illuminate\Validation\Validator::validateRequire does not exist. {"exception":"[object] (BadMethodCallException(code: 0): Method Illuminate\\Validation\\Validator::validateRequire does not exist. at /home/franco/Venta_De_Autopartes/AplicacionesWeb/vendor/laravel/framework/src/Illuminate/Validation/Validator.php:1632)
[stacktrace]
#0 /home/franco/Venta_De_Autopartes/AplicacionesWeb/vendor/laravel/framework/src/Illuminate/Validation/Validator.php(658): Illuminate\\Validation\\Validator->__call()
#1 /home/franco/Venta_De_Autopartes/AplicacionesWeb/vendor/laravel/framework/src/Illuminate/Validation/Validator.php(457): Illuminate\\Validation\\Validator->validateAttribute()
#2 /home/franco/Venta_De_Autopartes/AplicacionesWeb/vendor/laravel/framework/src/Illuminate/Validation/Validator.php(492): Illuminate\\Validation\\Validator->passes()
#3 /home/franco/Venta_De_Autopartes/AplicacionesWeb/vendor/laravel/framework/src/Illuminate/Validation/Validator.php(534): Illuminate\\Validation\\Validator->fails()
#4 /home/franco/Venta_De_Autopartes/AplicacionesWeb/vendor/laravel/framework/src/Illuminate/Foundation/Providers/FoundationServiceProvider.php(124): Illuminate\\Validation\\Validator->validate()
#5 /home/franco/Venta_De_Autopartes/AplicacionesWeb/vendor/laravel/framework/src/Illuminate/Macroable/Traits/Macroable.php(123): Illuminate\\Http\\Request->Illuminate\\Foundation\\Providers\\{closure}()
#6 /home/franco/Venta_De_Autopartes/AplicacionesWeb/app/Http/Controllers/Api/RegisterController.php(16): Illuminate\\Http\\Request->__call()
#7 /home/franco/Venta_De_Autopartes/AplicacionesWeb/vendor/laravel/framework/src/Illuminate/Routing/Controller.php(54): App\\Http\\Controllers\\Api\\RegisterController->register()
#8 /home/franco/Venta_De_Autopartes/AplicacionesWeb/vendor/laravel/framework/src/Illuminate/Routing/ControllerDispatcher.php(43): Illuminate\\Routing\\Controller->callAction()
#9 /home/franco/Venta_De_Autopartes/AplicacionesWeb/vendor/laravel/framework/src/Illuminate/Routing/Route.php(260): Illuminate\\Routing\\ControllerDispatcher->dispatch()
#10 /home/franco/Venta_De_Autopartes/AplicacionesWeb/vendor/laravel/framework/src/Illuminate/Routing/Route.php(205): Illuminate\\Routing\\Route->runController()
#11 /home/franco/Venta_De_Autopartes/AplicacionesWeb/vendor/laravel/framework/src/Illuminate/Routing/Router.php(806): Illuminate\\Routing\\Route->run()
#12 /home/franco/Venta_De_Autopartes/AplicacionesWeb/vendor/laravel/framework/src/Illuminate/Pipeline/Pipeline.php(144): Illuminate\\Routing\\Router->Illuminate\\Routing\\{closure}()
#13 /home/franco/Venta_De_Autopartes/AplicacionesWeb/vendor/laravel/framework/src/Illuminate/Routing/Middleware/SubstituteBindings.php(50): Illuminate\\Pipeline\\Pipeline->Illuminate\\Pipeline\\{closure}()
#14 /home/franco/Venta_De_Autopartes/AplicacionesWeb/vendor/laravel/framework/src/Illuminate/Pipeline/Pipeline.php(183): Illuminate\\Routing\\Middleware\\SubstituteBindings->handle()
#15 /home/franco/Venta_De_Autopartes/AplicacionesWeb/vendor/laravel/framework/src/Illuminate/Routing/Middleware/ThrottleRequests.php(159): Illuminate\\Pipeline\\Pipeline->Illuminate\\Pipeline\\{closure}()
#16 /home/franco/Venta_De_Autopartes/AplicacionesWeb/vendor/laravel/framework/src/Illuminate/Routing/Middleware/ThrottleRequests.php(135): Illuminate\\Routing\\Middleware\\ThrottleRequests->handleRequest()
#17 /home/franco/Venta_De_Autopartes/AplicacionesWeb/vendor/laravel/framework/src/Illuminate/Routing/Middleware/ThrottleRequests.php(87): Illuminate\\Routing\\Middleware\\ThrottleRequests->handleRequestUsingNamedLimiter()
#18 /home/franco/Venta_De_Autopartes/AplicacionesWeb/vendor/laravel/framework/src/Illuminate/Pipeline/Pipeline.php(183): Illuminate\\Routing\\Middleware\\ThrottleRequests->handle()
#19 /home/franco/Venta_De_Autopartes/AplicacionesWeb/vendor/laravel/framework/src/Illuminate/Pipeline/Pipeline.php(119): Illuminate\\Pipeline\\Pipeline->Illuminate\\Pipeline\\{closure}()
#20 /home/franco/Venta_De_Autopartes/AplicacionesWeb/vendor/laravel/framework/src/Illuminate/Routing/Router.php(807): Illuminate\\Pipeline\\Pipeline->then()
#21 /home/franco/Venta_De_Autopartes/AplicacionesWeb/vendor/laravel/framework/src/Illuminate/Routing/Router.php(784): Illuminate\\Routing\\Router->runRouteWithinStack()
#22 /home/franco/Venta_De_Autopartes/AplicacionesWeb/vendor/laravel/framework/src/Illuminate/Routing/Router.php(748): Illuminate\\Routing\\Router->runRoute()
#23 /home/franco/Venta_De_Autopartes/AplicacionesWeb/vendor/laravel/framework/src/Illuminate/Routing/Router.php(737): Illuminate\\Routing\\Router->dispatchToRoute()
#24 /home/franco/Venta_De_Autopartes/AplicacionesWeb/vendor/laravel/framework/src/Illuminate/Foundation/Http/Kernel.php(200): Illuminate\\Routing\\Router->dispatch()
#25 /home/franco/Venta_De_Autopartes/AplicacionesWeb/vendor/laravel/framework/src/Illuminate/Pipeline/Pipeline.php(144): Illuminate\\Foundation\\Http\\Kernel->Illuminate\\Foundation\\Http\\{closure}()
#26 /home/franco/Venta_De_Autopartes/AplicacionesWeb/vendor/laravel/framework/src/Illuminate/Foundation/Http/Middleware/TransformsRequest.php(21): Illuminate\\Pipeline\\Pipeline->Illuminate\\Pipeline\\{closure}()
#27 /home/franco/Venta_De_Autopartes/AplicacionesWeb/vendor/laravel/framework/src/Illuminate/Foundation/Http/Middleware/ConvertEmptyStringsToNull.php(31): Illuminate\\Foundation\\Http\\Middleware\\TransformsRequest->handle()
#28 /home/franco/Venta_De_Autopartes/AplicacionesWeb/vendor/laravel/framework/src/Illuminate/Pipeline/Pipeline.php(183): Illuminate\\Foundation\\Http\\Middleware\\ConvertEmptyStringsToNull->handle()
#29 /home/franco/Venta_De_Autopartes/AplicacionesWeb/vendor/laravel/framework/src/Illuminate/Foundation/Http/Middleware/TransformsRequest.php(21): Illuminate\\Pipeline\\Pipeline->Illuminate\\Pipeline\\{closure}()
#30 /home/franco/Venta_De_Autopartes/AplicacionesWeb/vendor/laravel/framework/src/Illuminate/Foundation/Http/Middleware/TrimStrings.php(40): Illuminate\\Foundation\\Http\\Middleware\\TransformsRequest->handle()
#31 /home/franco/Venta_De_Autopartes/AplicacionesWeb/vendor/laravel/framework/src/Illuminate/Pipeline/Pipeline.php(183): Illuminate\\Foundation\\Http\\Middleware\\TrimStrings->handle()
#32 /home/franco/Venta_De_Autopartes/AplicacionesWeb/vendor/laravel/framework/src/Illuminate/Foundation/Http/Middleware/ValidatePostSize.php(27): Illuminate\\Pipeline\\Pipeline->Illuminate\\Pipeline\\{closure}()
#33 /home/franco/Venta_De_Autopartes/AplicacionesWeb/vendor/laravel/framework/src/Illuminate/Pipeline/Pipeline.php(183): Illuminate\\Foundation\\Http\\Middleware\\ValidatePostSize->handle()
#34 /home/franco/Venta_De_Autopartes/AplicacionesWeb/vendor/laravel/framework/src/Illuminate/Foundation/Http/Middleware/PreventRequestsDuringMaintenance.php(99): Illuminate\\Pipeline\\Pipeline->Illuminate\\Pipeline\\{closure}()
#35 /home/franco/Venta_De_Autopartes/AplicacionesWeb/vendor/laravel/framework/src/Illuminate/Pipeline/Pipeline.php(183): Illuminate\\Foundation\\Http\\Middleware\\PreventRequestsDuringMaintenance->handle()
#36 /home/franco/Venta_De_Autopartes/AplicacionesWeb/vendor/laravel/framework/src/Illuminate/Http/Middleware/HandleCors.php(62): Illuminate\\Pipeline\\Pipeline->Illuminate\\Pipeline\\{closure}()
#37 /home/franco/Venta_De_Autopartes/AplicacionesWeb/vendor/laravel/framework/src/Illuminate/Pipeline/Pipeline.php(183): Illuminate\\Http\\Middleware\\HandleCors->handle()
#38 /home/franco/Venta_De_Autopartes/AplicacionesWeb/vendor/laravel/framework/src/Illuminate/Http/Middleware/TrustProxies.php(39): Illuminate\\Pipeline\\Pipeline->Illuminate\\Pipeline\\{closure}()
#39 /home/franco/Venta_De_Autopartes/AplicacionesWeb/vendor/laravel/framework/src/Illuminate/Pipeline/Pipeline.php(183): Illuminate\\Http\\Middleware\\TrustProxies->handle()
#40 /home/franco/Venta_De_Autopartes/AplicacionesWeb/vendor/laravel/framework/src/Illuminate/Pipeline/Pipeline.php(119): Illuminate\\Pipeline\\Pipeline->Illuminate\\Pipeline\\{closure}()
#41 /home/franco/Venta_De_Autopartes/AplicacionesWeb/vendor/laravel/framework/src/Illuminate/Foundation/Http/Kernel.php(175): Illuminate\\Pipeline\\Pipeline->then()
#42 /home/franco/Venta_De_Autopartes/AplicacionesWeb/vendor/laravel/framework/src/Illuminate/Foundation/Http/Kernel.php(144): Illuminate\\Foundation\\Http\\Kernel->sendRequestThroughRouter()
#43 /home/franco/Venta_De_Autopartes/AplicacionesWeb/public/index.php(52): Illuminate\\Foundation\\Http\\Kernel->handle()
#44 /home/franco/Venta_De_Autopartes/AplicacionesWeb/vendor/laravel/framework/src/Illuminate/Foundation/resources/server.php(16): require_once('...')
#45 {main}
"} 
[2026-03-29 19:26:18] local.ERROR: Trait "App\Models\Notifiable" not found {"exception":"[object] (Symfony\\Component\\ErrorHandler\\Error\\FatalError(code: 0): Trait \"App\\Models\\Notifiable\" not found at /home/franco/Venta_De_Autopartes/AplicacionesWeb/app/Models/User.php:9)
[stacktrace]
#0 {main}
"} 
[2026-03-29 19:32:15] local.ERROR: Trait "App\Models\Notifiable" not found {"exception":"[object] (Symfony\\Component\\ErrorHandler\\Error\\FatalError(code: 0): Trait \"App\\Models\\Notifiable\" not found at /home/franco/Venta_De_Autopartes/AplicacionesWeb/app/Models/User.php:9)
[stacktrace]
#0 {main}
"} 
[2026-03-29 19:32:40] local.ERROR: Trait "App\Models\Notifiable" not found {"exception":"[object] (Symfony\\Component\\ErrorHandler\\Error\\FatalError(code: 0): Trait \"App\\Models\\Notifiable\" not found at /home/franco/Venta_De_Autopartes/AplicacionesWeb/app/Models/User.php:9)
[stacktrace]
#0 {main}
"} 
[2026-03-29 19:38:07] local.ERROR: Trait "App\Models\Notifiable" not found {"exception":"[object] (Symfony\\Component\\ErrorHandler\\Error\\FatalError(code: 0): Trait \"App\\Models\\Notifiable\" not found at /home/franco/Venta_De_Autopartes/AplicacionesWeb/app/Models/User.php:9)
[stacktrace]
#0 {main}
"} 
[2026-03-29 19:40:08] local.ERROR: Trait "App\Models\Notifiable" not found {"exception":"[object] (Symfony\\Component\\ErrorHandler\\Error\\FatalError(code: 0): Trait \"App\\Models\\Notifiable\" not found at /home/franco/Venta_De_Autopartes/AplicacionesWeb/app/Models/User.php:9)
[stacktrace]
#0 {main}
"} 
[2026-03-29 19:47:11] local.ERROR: There are no commands defined in the "optimze" namespace.

Did you mean this?
    optimize {"exception":"[object] (Symfony\\Component\\Console\\Exception\\NamespaceNotFoundException(code: 0): There are no commands defined in the \"optimze\" namespace.

Did you mean this?
    optimize at /home/franco/Venta_De_Autopartes/AplicacionesWeb/vendor/symfony/console/Application.php:669)
[stacktrace]
#0 /home/franco/Venta_De_Autopartes/AplicacionesWeb/vendor/symfony/console/Application.php(720): Symfony\\Component\\Console\\Application->findNamespace()
#1 /home/franco/Venta_De_Autopartes/AplicacionesWeb/vendor/symfony/console/Application.php(266): Symfony\\Component\\Console\\Application->find()
#2 /home/franco/Venta_De_Autopartes/AplicacionesWeb/vendor/symfony/console/Application.php(175): Symfony\\Component\\Console\\Application->doRun()
#3 /home/franco/Venta_De_Autopartes/AplicacionesWeb/vendor/laravel/framework/src/Illuminate/Foundation/Console/Kernel.php(201): Symfony\\Component\\Console\\Application->run()
#4 /home/franco/Venta_De_Autopartes/AplicacionesWeb/artisan(37): Illuminate\\Foundation\\Console\\Kernel->handle()
#5 {main}
"} 
[2026-03-29 19:50:51] local.ERROR: Trait "App\Models\Notifiable" not found {"exception":"[object] (Symfony\\Component\\ErrorHandler\\Error\\FatalError(code: 0): Trait \"App\\Models\\Notifiable\" not found at /home/franco/Venta_De_Autopartes/AplicacionesWeb/app/Models/User.php:9)
[stacktrace]
#0 {main}
"} 
[2026-03-29 19:51:28] local.ERROR: Trait "App\Models\Notifiable" not found {"exception":"[object] (Symfony\\Component\\ErrorHandler\\Error\\FatalError(code: 0): Trait \"App\\Models\\Notifiable\" not found at /home/franco/Venta_De_Autopartes/AplicacionesWeb/app/Models/User.php:9)
[stacktrace]
#0 {main}
"} 
[2026-03-29 19:53:58] local.ERROR: Trait "App\Models\Notifiable" not found {"exception":"[object] (Symfony\\Component\\ErrorHandler\\Error\\FatalError(code: 0): Trait \"App\\Models\\Notifiable\" not found at /home/franco/Venta_De_Autopartes/AplicacionesWeb/app/Models/User.php:9)
[stacktrace]
#0 {main}
"} 
[2026-03-30 19:48:25] local.ERROR: Call to undefined function App\Http\Controllers\reponse() {"userId":8,"exception":"[object] (Error(code: 0): Call to undefined function App\\Http\\Controllers\\reponse() at /home/franco/Venta_De_Autopartes/AplicacionesWeb/app/Http/Controllers/AuthController.php:49)
[stacktrace]
#0 /home/franco/Venta_De_Autopartes/AplicacionesWeb/vendor/laravel/framework/src/Illuminate/Routing/Controller.php(54): App\\Http\\Controllers\\AuthController->login()
#1 /home/franco/Venta_De_Autopartes/AplicacionesWeb/vendor/laravel/framework/src/Illuminate/Routing/ControllerDispatcher.php(43): Illuminate\\Routing\\Controller->callAction()
#2 /home/franco/Venta_De_Autopartes/AplicacionesWeb/vendor/laravel/framework/src/Illuminate/Routing/Route.php(260): Illuminate\\Routing\\ControllerDispatcher->dispatch()
#3 /home/franco/Venta_De_Autopartes/AplicacionesWeb/vendor/laravel/framework/src/Illuminate/Routing/Route.php(205): Illuminate\\Routing\\Route->runController()
#4 /home/franco/Venta_De_Autopartes/AplicacionesWeb/vendor/laravel/framework/src/Illuminate/Routing/Router.php(806): Illuminate\\Routing\\Route->run()
#5 /home/franco/Venta_De_Autopartes/AplicacionesWeb/vendor/laravel/framework/src/Illuminate/Pipeline/Pipeline.php(144): Illuminate\\Routing\\Router->Illuminate\\Routing\\{closure}()
#6 /home/franco/Venta_De_Autopartes/AplicacionesWeb/vendor/laravel/framework/src/Illuminate/Routing/Middleware/SubstituteBindings.php(50): Illuminate\\Pipeline\\Pipeline->Illuminate\\Pipeline\\{closure}()
#7 /home/franco/Venta_De_Autopartes/AplicacionesWeb/vendor/laravel/framework/src/Illuminate/Pipeline/Pipeline.php(183): Illuminate\\Routing\\Middleware\\SubstituteBindings->handle()
#8 /home/franco/Venta_De_Autopartes/AplicacionesWeb/vendor/laravel/framework/src/Illuminate/Routing/Middleware/ThrottleRequests.php(159): Illuminate\\Pipeline\\Pipeline->Illuminate\\Pipeline\\{closure}()
#9 /home/franco/Venta_De_Autopartes/AplicacionesWeb/vendor/laravel/framework/src/Illuminate/Routing/Middleware/ThrottleRequests.php(135): Illuminate\\Routing\\Middleware\\ThrottleRequests->handleRequest()
#10 /home/franco/Venta_De_Autopartes/AplicacionesWeb/vendor/laravel/framework/src/Illuminate/Routing/Middleware/ThrottleRequests.php(87): Illuminate\\Routing\\Middleware\\ThrottleRequests->handleRequestUsingNamedLimiter()
#11 /home/franco/Venta_De_Autopartes/AplicacionesWeb/vendor/laravel/framework/src/Illuminate/Pipeline/Pipeline.php(183): Illuminate\\Routing\\Middleware\\ThrottleRequests->handle()
#12 /home/franco/Venta_De_Autopartes/AplicacionesWeb/vendor/laravel/framework/src/Illuminate/Pipeline/Pipeline.php(119): Illuminate\\Pipeline\\Pipeline->Illuminate\\Pipeline\\{closure}()
#13 /home/franco/Venta_De_Autopartes/AplicacionesWeb/vendor/laravel/framework/src/Illuminate/Routing/Router.php(807): Illuminate\\Pipeline\\Pipeline->then()
#14 /home/franco/Venta_De_Autopartes/AplicacionesWeb/vendor/laravel/framework/src/Illuminate/Routing/Router.php(784): Illuminate\\Routing\\Router->runRouteWithinStack()
#15 /home/franco/Venta_De_Autopartes/AplicacionesWeb/vendor/laravel/framework/src/Illuminate/Routing/Router.php(748): Illuminate\\Routing\\Router->runRoute()
#16 /home/franco/Venta_De_Autopartes/AplicacionesWeb/vendor/laravel/framework/src/Illuminate/Routing/Router.php(737): Illuminate\\Routing\\Router->dispatchToRoute()
#17 /home/franco/Venta_De_Autopartes/AplicacionesWeb/vendor/laravel/framework/src/Illuminate/Foundation/Http/Kernel.php(200): Illuminate\\Routing\\Router->dispatch()
#18 /home/franco/Venta_De_Autopartes/AplicacionesWeb/vendor/laravel/framework/src/Illuminate/Pipeline/Pipeline.php(144): Illuminate\\Foundation\\Http\\Kernel->Illuminate\\Foundation\\Http\\{closure}()
#19 /home/franco/Venta_De_Autopartes/AplicacionesWeb/vendor/laravel/framework/src/Illuminate/Foundation/Http/Middleware/TransformsRequest.php(21): Illuminate\\Pipeline\\Pipeline->Illuminate\\Pipeline\\{closure}()
#20 /home/franco/Venta_De_Autopartes/AplicacionesWeb/vendor/laravel/framework/src/Illuminate/Foundation/Http/Middleware/ConvertEmptyStringsToNull.php(31): Illuminate\\Foundation\\Http\\Middleware\\TransformsRequest->handle()
#21 /home/franco/Venta_De_Autopartes/AplicacionesWeb/vendor/laravel/framework/src/Illuminate/Pipeline/Pipeline.php(183): Illuminate\\Foundation\\Http\\Middleware\\ConvertEmptyStringsToNull->handle()
#22 /home/franco/Venta_De_Autopartes/AplicacionesWeb/vendor/laravel/framework/src/Illuminate/Foundation/Http/Middleware/TransformsRequest.php(21): Illuminate\\Pipeline\\Pipeline->Illuminate\\Pipeline\\{closure}()
#23 /home/franco/Venta_De_Autopartes/AplicacionesWeb/vendor/laravel/framework/src/Illuminate/Foundation/Http/Middleware/TrimStrings.php(40): Illuminate\\Foundation\\Http\\Middleware\\TransformsRequest->handle()
#24 /home/franco/Venta_De_Autopartes/AplicacionesWeb/vendor/laravel/framework/src/Illuminate/Pipeline/Pipeline.php(183): Illuminate\\Foundation\\Http\\Middleware\\TrimStrings->handle()
#25 /home/franco/Venta_De_Autopartes/AplicacionesWeb/vendor/laravel/framework/src/Illuminate/Foundation/Http/Middleware/ValidatePostSize.php(27): Illuminate\\Pipeline\\Pipeline->Illuminate\\Pipeline\\{closure}()
#26 /home/franco/Venta_De_Autopartes/AplicacionesWeb/vendor/laravel/framework/src/Illuminate/Pipeline/Pipeline.php(183): Illuminate\\Foundation\\Http\\Middleware\\ValidatePostSize->handle()
#27 /home/franco/Venta_De_Autopartes/AplicacionesWeb/vendor/laravel/framework/src/Illuminate/Foundation/Http/Middleware/PreventRequestsDuringMaintenance.php(99): Illuminate\\Pipeline\\Pipeline->Illuminate\\Pipeline\\{closure}()
#28 /home/franco/Venta_De_Autopartes/AplicacionesWeb/vendor/laravel/framework/src/Illuminate/Pipeline/Pipeline.php(183): Illuminate\\Foundation\\Http\\Middleware\\PreventRequestsDuringMaintenance->handle()
#29 /home/franco/Venta_De_Autopartes/AplicacionesWeb/vendor/laravel/framework/src/Illuminate/Http/Middleware/HandleCors.php(62): Illuminate\\Pipeline\\Pipeline->Illuminate\\Pipeline\\{closure}()
#30 /home/franco/Venta_De_Autopartes/AplicacionesWeb/vendor/laravel/framework/src/Illuminate/Pipeline/Pipeline.php(183): Illuminate\\Http\\Middleware\\HandleCors->handle()
#31 /home/franco/Venta_De_Autopartes/AplicacionesWeb/vendor/laravel/framework/src/Illuminate/Http/Middleware/TrustProxies.php(39): Illuminate\\Pipeline\\Pipeline->Illuminate\\Pipeline\\{closure}()
#32 /home/franco/Venta_De_Autopartes/AplicacionesWeb/vendor/laravel/framework/src/Illuminate/Pipeline/Pipeline.php(183): Illuminate\\Http\\Middleware\\TrustProxies->handle()
#33 /home/franco/Venta_De_Autopartes/AplicacionesWeb/vendor/laravel/framework/src/Illuminate/Pipeline/Pipeline.php(119): Illuminate\\Pipeline\\Pipeline->Illuminate\\Pipeline\\{closure}()
#34 /home/franco/Venta_De_Autopartes/AplicacionesWeb/vendor/laravel/framework/src/Illuminate/Foundation/Http/Kernel.php(175): Illuminate\\Pipeline\\Pipeline->then()
#35 /home/franco/Venta_De_Autopartes/AplicacionesWeb/vendor/laravel/framework/src/Illuminate/Foundation/Http/Kernel.php(144): Illuminate\\Foundation\\Http\\Kernel->sendRequestThroughRouter()
#36 /home/franco/Venta_De_Autopartes/AplicacionesWeb/public/index.php(52): Illuminate\\Foundation\\Http\\Kernel->handle()
#37 /home/franco/Venta_De_Autopartes/AplicacionesWeb/vendor/laravel/framework/src/Illuminate/Foundation/resources/server.php(16): require_once('...')
#38 {main}
"} 
[2026-03-30 19:56:32] local.ERROR: Call to undefined function App\Http\Controllers\reponse() {"userId":8,"exception":"[object] (Error(code: 0): Call to undefined function App\\Http\\Controllers\\reponse() at /home/franco/Venta_De_Autopartes/AplicacionesWeb/app/Http/Controllers/AuthController.php:49)
[stacktrace]
#0 /home/franco/Venta_De_Autopartes/AplicacionesWeb/vendor/laravel/framework/src/Illuminate/Routing/Controller.php(54): App\\Http\\Controllers\\AuthController->login()
#1 /home/franco/Venta_De_Autopartes/AplicacionesWeb/vendor/laravel/framework/src/Illuminate/Routing/ControllerDispatcher.php(43): Illuminate\\Routing\\Controller->callAction()
#2 /home/franco/Venta_De_Autopartes/AplicacionesWeb/vendor/laravel/framework/src/Illuminate/Routing/Route.php(260): Illuminate\\Routing\\ControllerDispatcher->dispatch()
#3 /home/franco/Venta_De_Autopartes/AplicacionesWeb/vendor/laravel/framework/src/Illuminate/Routing/Route.php(205): Illuminate\\Routing\\Route->runController()
#4 /home/franco/Venta_De_Autopartes/AplicacionesWeb/vendor/laravel/framework/src/Illuminate/Routing/Router.php(806): Illuminate\\Routing\\Route->run()
#5 /home/franco/Venta_De_Autopartes/AplicacionesWeb/vendor/laravel/framework/src/Illuminate/Pipeline/Pipeline.php(144): Illuminate\\Routing\\Router->Illuminate\\Routing\\{closure}()
#6 /home/franco/Venta_De_Autopartes/AplicacionesWeb/vendor/laravel/framework/src/Illuminate/Routing/Middleware/SubstituteBindings.php(50): Illuminate\\Pipeline\\Pipeline->Illuminate\\Pipeline\\{closure}()
#7 /home/franco/Venta_De_Autopartes/AplicacionesWeb/vendor/laravel/framework/src/Illuminate/Pipeline/Pipeline.php(183): Illuminate\\Routing\\Middleware\\SubstituteBindings->handle()
#8 /home/franco/Venta_De_Autopartes/AplicacionesWeb/vendor/laravel/framework/src/Illuminate/Routing/Middleware/ThrottleRequests.php(159): Illuminate\\Pipeline\\Pipeline->Illuminate\\Pipeline\\{closure}()
#9 /home/franco/Venta_De_Autopartes/AplicacionesWeb/vendor/laravel/framework/src/Illuminate/Routing/Middleware/ThrottleRequests.php(135): Illuminate\\Routing\\Middleware\\ThrottleRequests->handleRequest()
#10 /home/franco/Venta_De_Autopartes/AplicacionesWeb/vendor/laravel/framework/src/Illuminate/Routing/Middleware/ThrottleRequests.php(87): Illuminate\\Routing\\Middleware\\ThrottleRequests->handleRequestUsingNamedLimiter()
#11 /home/franco/Venta_De_Autopartes/AplicacionesWeb/vendor/laravel/framework/src/Illuminate/Pipeline/Pipeline.php(183): Illuminate\\Routing\\Middleware\\ThrottleRequests->handle()
#12 /home/franco/Venta_De_Autopartes/AplicacionesWeb/vendor/laravel/framework/src/Illuminate/Pipeline/Pipeline.php(119): Illuminate\\Pipeline\\Pipeline->Illuminate\\Pipeline\\{closure}()
#13 /home/franco/Venta_De_Autopartes/AplicacionesWeb/vendor/laravel/framework/src/Illuminate/Routing/Router.php(807): Illuminate\\Pipeline\\Pipeline->then()
#14 /home/franco/Venta_De_Autopartes/AplicacionesWeb/vendor/laravel/framework/src/Illuminate/Routing/Router.php(784): Illuminate\\Routing\\Router->runRouteWithinStack()
#15 /home/franco/Venta_De_Autopartes/AplicacionesWeb/vendor/laravel/framework/src/Illuminate/Routing/Router.php(748): Illuminate\\Routing\\Router->runRoute()
#16 /home/franco/Venta_De_Autopartes/AplicacionesWeb/vendor/laravel/framework/src/Illuminate/Routing/Router.php(737): Illuminate\\Routing\\Router->dispatchToRoute()
#17 /home/franco/Venta_De_Autopartes/AplicacionesWeb/vendor/laravel/framework/src/Illuminate/Foundation/Http/Kernel.php(200): Illuminate\\Routing\\Router->dispatch()
#18 /home/franco/Venta_De_Autopartes/AplicacionesWeb/vendor/laravel/framework/src/Illuminate/Pipeline/Pipeline.php(144): Illuminate\\Foundation\\Http\\Kernel->Illuminate\\Foundation\\Http\\{closure}()
#19 /home/franco/Venta_De_Autopartes/AplicacionesWeb/vendor/laravel/framework/src/Illuminate/Foundation/Http/Middleware/TransformsRequest.php(21): Illuminate\\Pipeline\\Pipeline->Illuminate\\Pipeline\\{closure}()
#20 /home/franco/Venta_De_Autopartes/AplicacionesWeb/vendor/laravel/framework/src/Illuminate/Foundation/Http/Middleware/ConvertEmptyStringsToNull.php(31): Illuminate\\Foundation\\Http\\Middleware\\TransformsRequest->handle()
#21 /home/franco/Venta_De_Autopartes/AplicacionesWeb/vendor/laravel/framework/src/Illuminate/Pipeline/Pipeline.php(183): Illuminate\\Foundation\\Http\\Middleware\\ConvertEmptyStringsToNull->handle()
#22 /home/franco/Venta_De_Autopartes/AplicacionesWeb/vendor/laravel/framework/src/Illuminate/Foundation/Http/Middleware/TransformsRequest.php(21): Illuminate\\Pipeline\\Pipeline->Illuminate\\Pipeline\\{closure}()
#23 /home/franco/Venta_De_Autopartes/AplicacionesWeb/vendor/laravel/framework/src/Illuminate/Foundation/Http/Middleware/TrimStrings.php(40): Illuminate\\Foundation\\Http\\Middleware\\TransformsRequest->handle()
#24 /home/franco/Venta_De_Autopartes/AplicacionesWeb/vendor/laravel/framework/src/Illuminate/Pipeline/Pipeline.php(183): Illuminate\\Foundation\\Http\\Middleware\\TrimStrings->handle()
#25 /home/franco/Venta_De_Autopartes/AplicacionesWeb/vendor/laravel/framework/src/Illuminate/Foundation/Http/Middleware/ValidatePostSize.php(27): Illuminate\\Pipeline\\Pipeline->Illuminate\\Pipeline\\{closure}()
#26 /home/franco/Venta_De_Autopartes/AplicacionesWeb/vendor/laravel/framework/src/Illuminate/Pipeline/Pipeline.php(183): Illuminate\\Foundation\\Http\\Middleware\\ValidatePostSize->handle()
#27 /home/franco/Venta_De_Autopartes/AplicacionesWeb/vendor/laravel/framework/src/Illuminate/Foundation/Http/Middleware/PreventRequestsDuringMaintenance.php(99): Illuminate\\Pipeline\\Pipeline->Illuminate\\Pipeline\\{closure}()
#28 /home/franco/Venta_De_Autopartes/AplicacionesWeb/vendor/laravel/framework/src/Illuminate/Pipeline/Pipeline.php(183): Illuminate\\Foundation\\Http\\Middleware\\PreventRequestsDuringMaintenance->handle()
#29 /home/franco/Venta_De_Autopartes/AplicacionesWeb/vendor/laravel/framework/src/Illuminate/Http/Middleware/HandleCors.php(62): Illuminate\\Pipeline\\Pipeline->Illuminate\\Pipeline\\{closure}()
#30 /home/franco/Venta_De_Autopartes/AplicacionesWeb/vendor/laravel/framework/src/Illuminate/Pipeline/Pipeline.php(183): Illuminate\\Http\\Middleware\\HandleCors->handle()
#31 /home/franco/Venta_De_Autopartes/AplicacionesWeb/vendor/laravel/framework/src/Illuminate/Http/Middleware/TrustProxies.php(39): Illuminate\\Pipeline\\Pipeline->Illuminate\\Pipeline\\{closure}()
#32 /home/franco/Venta_De_Autopartes/AplicacionesWeb/vendor/laravel/framework/src/Illuminate/Pipeline/Pipeline.php(183): Illuminate\\Http\\Middleware\\TrustProxies->handle()
#33 /home/franco/Venta_De_Autopartes/AplicacionesWeb/vendor/laravel/framework/src/Illuminate/Pipeline/Pipeline.php(119): Illuminate\\Pipeline\\Pipeline->Illuminate\\Pipeline\\{closure}()
#34 /home/franco/Venta_De_Autopartes/AplicacionesWeb/vendor/laravel/framework/src/Illuminate/Foundation/Http/Kernel.php(175): Illuminate\\Pipeline\\Pipeline->then()
#35 /home/franco/Venta_De_Autopartes/AplicacionesWeb/vendor/laravel/framework/src/Illuminate/Foundation/Http/Kernel.php(144): Illuminate\\Foundation\\Http\\Kernel->sendRequestThroughRouter()
#36 /home/franco/Venta_De_Autopartes/AplicacionesWeb/public/index.php(52): Illuminate\\Foundation\\Http\\Kernel->handle()
#37 /home/franco/Venta_De_Autopartes/AplicacionesWeb/vendor/laravel/framework/src/Illuminate/Foundation/resources/server.php(16): require_once('...')
#38 {main}
"} 
[2026-03-30 19:58:04] local.ERROR: Call to undefined function App\Http\Controllers\reponse() {"userId":8,"exception":"[object] (Error(code: 0): Call to undefined function App\\Http\\Controllers\\reponse() at /home/franco/Venta_De_Autopartes/AplicacionesWeb/app/Http/Controllers/AuthController.php:49)
[stacktrace]
#0 /home/franco/Venta_De_Autopartes/AplicacionesWeb/vendor/laravel/framework/src/Illuminate/Routing/Controller.php(54): App\\Http\\Controllers\\AuthController->login()
#1 /home/franco/Venta_De_Autopartes/AplicacionesWeb/vendor/laravel/framework/src/Illuminate/Routing/ControllerDispatcher.php(43): Illuminate\\Routing\\Controller->callAction()
#2 /home/franco/Venta_De_Autopartes/AplicacionesWeb/vendor/laravel/framework/src/Illuminate/Routing/Route.php(260): Illuminate\\Routing\\ControllerDispatcher->dispatch()
#3 /home/franco/Venta_De_Autopartes/AplicacionesWeb/vendor/laravel/framework/src/Illuminate/Routing/Route.php(205): Illuminate\\Routing\\Route->runController()
#4 /home/franco/Venta_De_Autopartes/AplicacionesWeb/vendor/laravel/framework/src/Illuminate/Routing/Router.php(806): Illuminate\\Routing\\Route->run()
#5 /home/franco/Venta_De_Autopartes/AplicacionesWeb/vendor/laravel/framework/src/Illuminate/Pipeline/Pipeline.php(144): Illuminate\\Routing\\Router->Illuminate\\Routing\\{closure}()
#6 /home/franco/Venta_De_Autopartes/AplicacionesWeb/vendor/laravel/framework/src/Illuminate/Routing/Middleware/SubstituteBindings.php(50): Illuminate\\Pipeline\\Pipeline->Illuminate\\Pipeline\\{closure}()
#7 /home/franco/Venta_De_Autopartes/AplicacionesWeb/vendor/laravel/framework/src/Illuminate/Pipeline/Pipeline.php(183): Illuminate\\Routing\\Middleware\\SubstituteBindings->handle()
#8 /home/franco/Venta_De_Autopartes/AplicacionesWeb/vendor/laravel/framework/src/Illuminate/Routing/Middleware/ThrottleRequests.php(159): Illuminate\\Pipeline\\Pipeline->Illuminate\\Pipeline\\{closure}()
#9 /home/franco/Venta_De_Autopartes/AplicacionesWeb/vendor/laravel/framework/src/Illuminate/Routing/Middleware/ThrottleRequests.php(135): Illuminate\\Routing\\Middleware\\ThrottleRequests->handleRequest()
#10 /home/franco/Venta_De_Autopartes/AplicacionesWeb/vendor/laravel/framework/src/Illuminate/Routing/Middleware/ThrottleRequests.php(87): Illuminate\\Routing\\Middleware\\ThrottleRequests->handleRequestUsingNamedLimiter()
#11 /home/franco/Venta_De_Autopartes/AplicacionesWeb/vendor/laravel/framework/src/Illuminate/Pipeline/Pipeline.php(183): Illuminate\\Routing\\Middleware\\ThrottleRequests->handle()
#12 /home/franco/Venta_De_Autopartes/AplicacionesWeb/vendor/laravel/framework/src/Illuminate/Pipeline/Pipeline.php(119): Illuminate\\Pipeline\\Pipeline->Illuminate\\Pipeline\\{closure}()
#13 /home/franco/Venta_De_Autopartes/AplicacionesWeb/vendor/laravel/framework/src/Illuminate/Routing/Router.php(807): Illuminate\\Pipeline\\Pipeline->then()
#14 /home/franco/Venta_De_Autopartes/AplicacionesWeb/vendor/laravel/framework/src/Illuminate/Routing/Router.php(784): Illuminate\\Routing\\Router->runRouteWithinStack()
#15 /home/franco/Venta_De_Autopartes/AplicacionesWeb/vendor/laravel/framework/src/Illuminate/Routing/Router.php(748): Illuminate\\Routing\\Router->runRoute()
#16 /home/franco/Venta_De_Autopartes/AplicacionesWeb/vendor/laravel/framework/src/Illuminate/Routing/Router.php(737): Illuminate\\Routing\\Router->dispatchToRoute()
#17 /home/franco/Venta_De_Autopartes/AplicacionesWeb/vendor/laravel/framework/src/Illuminate/Foundation/Http/Kernel.php(200): Illuminate\\Routing\\Router->dispatch()
#18 /home/franco/Venta_De_Autopartes/AplicacionesWeb/vendor/laravel/framework/src/Illuminate/Pipeline/Pipeline.php(144): Illuminate\\Foundation\\Http\\Kernel->Illuminate\\Foundation\\Http\\{closure}()
#19 /home/franco/Venta_De_Autopartes/AplicacionesWeb/vendor/laravel/framework/src/Illuminate/Foundation/Http/Middleware/TransformsRequest.php(21): Illuminate\\Pipeline\\Pipeline->Illuminate\\Pipeline\\{closure}()
#20 /home/franco/Venta_De_Autopartes/AplicacionesWeb/vendor/laravel/framework/src/Illuminate/Foundation/Http/Middleware/ConvertEmptyStringsToNull.php(31): Illuminate\\Foundation\\Http\\Middleware\\TransformsRequest->handle()
#21 /home/franco/Venta_De_Autopartes/AplicacionesWeb/vendor/laravel/framework/src/Illuminate/Pipeline/Pipeline.php(183): Illuminate\\Foundation\\Http\\Middleware\\ConvertEmptyStringsToNull->handle()
#22 /home/franco/Venta_De_Autopartes/AplicacionesWeb/vendor/laravel/framework/src/Illuminate/Foundation/Http/Middleware/TransformsRequest.php(21): Illuminate\\Pipeline\\Pipeline->Illuminate\\Pipeline\\{closure}()
#23 /home/franco/Venta_De_Autopartes/AplicacionesWeb/vendor/laravel/framework/src/Illuminate/Foundation/Http/Middleware/TrimStrings.php(40): Illuminate\\Foundation\\Http\\Middleware\\TransformsRequest->handle()
#24 /home/franco/Venta_De_Autopartes/AplicacionesWeb/vendor/laravel/framework/src/Illuminate/Pipeline/Pipeline.php(183): Illuminate\\Foundation\\Http\\Middleware\\TrimStrings->handle()
#25 /home/franco/Venta_De_Autopartes/AplicacionesWeb/vendor/laravel/framework/src/Illuminate/Foundation/Http/Middleware/ValidatePostSize.php(27): Illuminate\\Pipeline\\Pipeline->Illuminate\\Pipeline\\{closure}()
#26 /home/franco/Venta_De_Autopartes/AplicacionesWeb/vendor/laravel/framework/src/Illuminate/Pipeline/Pipeline.php(183): Illuminate\\Foundation\\Http\\Middleware\\ValidatePostSize->handle()
#27 /home/franco/Venta_De_Autopartes/AplicacionesWeb/vendor/laravel/framework/src/Illuminate/Foundation/Http/Middleware/PreventRequestsDuringMaintenance.php(99): Illuminate\\Pipeline\\Pipeline->Illuminate\\Pipeline\\{closure}()
#28 /home/franco/Venta_De_Autopartes/AplicacionesWeb/vendor/laravel/framework/src/Illuminate/Pipeline/Pipeline.php(183): Illuminate\\Foundation\\Http\\Middleware\\PreventRequestsDuringMaintenance->handle()
#29 /home/franco/Venta_De_Autopartes/AplicacionesWeb/vendor/laravel/framework/src/Illuminate/Http/Middleware/HandleCors.php(62): Illuminate\\Pipeline\\Pipeline->Illuminate\\Pipeline\\{closure}()
#30 /home/franco/Venta_De_Autopartes/AplicacionesWeb/vendor/laravel/framework/src/Illuminate/Pipeline/Pipeline.php(183): Illuminate\\Http\\Middleware\\HandleCors->handle()
#31 /home/franco/Venta_De_Autopartes/AplicacionesWeb/vendor/laravel/framework/src/Illuminate/Http/Middleware/TrustProxies.php(39): Illuminate\\Pipeline\\Pipeline->Illuminate\\Pipeline\\{closure}()
#32 /home/franco/Venta_De_Autopartes/AplicacionesWeb/vendor/laravel/framework/src/Illuminate/Pipeline/Pipeline.php(183): Illuminate\\Http\\Middleware\\TrustProxies->handle()
#33 /home/franco/Venta_De_Autopartes/AplicacionesWeb/vendor/laravel/framework/src/Illuminate/Pipeline/Pipeline.php(119): Illuminate\\Pipeline\\Pipeline->Illuminate\\Pipeline\\{closure}()
#34 /home/franco/Venta_De_Autopartes/AplicacionesWeb/vendor/laravel/framework/src/Illuminate/Foundation/Http/Kernel.php(175): Illuminate\\Pipeline\\Pipeline->then()
#35 /home/franco/Venta_De_Autopartes/AplicacionesWeb/vendor/laravel/framework/src/Illuminate/Foundation/Http/Kernel.php(144): Illuminate\\Foundation\\Http\\Kernel->sendRequestThroughRouter()
#36 /home/franco/Venta_De_Autopartes/AplicacionesWeb/public/index.php(52): Illuminate\\Foundation\\Http\\Kernel->handle()
#37 /home/franco/Venta_De_Autopartes/AplicacionesWeb/vendor/laravel/framework/src/Illuminate/Foundation/resources/server.php(16): require_once('...')
#38 {main}
"} 
